date,ticker,open,high,low,close,adj_close,volume,ret_1d,ret_5d,ret_20d,vol_20d,vol_60d,sma20_gap,sma60_gap,rsi_14,macd,macd_signal,macd_hist,volume_z_20d,fwd_ret_60d,y
2018-03-27,TSLA,41.04,41.42,40.82,40.82,40.82,1533318715,0.0251130085384228,0.030027756749936962,-0.003661215523553807,0.02040881529708972,0.022641007154249056,0.021969080553295484,-0.10618031859569736,48.3790778069285,-1.1208653380615985,-1.5455246566524186,0.42465931859082007,1.2757306859877353,0.02372418214901177,1
2018-03-28,TSLA,40.16,40.36,39.85,40.36,40.36,787903981,-0.011268985791278774,-0.005421389847215297,-0.03352490421455934,0.020030682214997098,0.02256475177074486,0.012226471879114787,-0.11292154176404653,46.15262792029103,-1.001732592415145,-1.436766243804964,0.435033651389819,-0.1159502727101849,0.05542251755779622,1
2018-03-29,TSLA,40.18,40.19,39.64,40.19,40.19,1165724070,-0.004212091179385591,0.010814889336016043,-0.04218303145853197,0.019982715807449716,0.022564798213343142,0.01020510758093685,-0.11330918718170281,45.32250009687015,-0.9105404687045109,-1.3315210887848734,0.4209806200803625,0.6643850342113827,0.03736242167146189,1
2018-03-30,TSLA,39.5,39.5,38.79,39.11,39.11,2171719513,-0.026872356307539147,-0.009120851279452724,-0.06547192353643971,0.02074602354765715,0.022601153622652904,-0.013544530481499383,-0.13323557331816457,40.35634906812553,-0.9148709647294595,-1.2481910639737908,0.33332009924433126,2.196336029436883,0.10015650991211753,1
2018-04-02,TSLA,38.12,38.12,37.78,37.98,37.98,937055763,-0.028892866274610185,-0.046207935710698256,-0.08614051973051018,0.02152203596113172,0.022080024559086548,-0.037701429005776825,-0.15346667062914207,35.92130861519634,-0.9979803736979562,-1.198148925918624,0.20016855222066776,0.005899162458787963,0.09487923819024349,1
2018-04-03,TSLA,39.04,39.04,38.78,38.78,38.78,572040446,0.02106371774618232,-0.049975502204801514,-0.03219366109308708,0.02087998012579504,0.022343032390394247,-0.0158234674584745,-0.13101933806888208,40.87525416992705,-0.987903923474434,-1.1560999254297861,0.16819600195535211,-0.5991845765454662,0.0892437124234063,1
2018-04-04,TSLA,40.07,40.64,39.48,40.14,40.14,1058746321,0.03506962351727694,-0.005450941526263575,0.01929913661757232,0.022039888386738243,0.022933043510649495,0.017709772701342382,-0.0962716138328531,48.206036825770084,-0.8602610758807998,-1.096932155519989,0.2366710796391891,0.2187867351279735,0.11005798542985967,1
2018-04-05,TSLA,40.3,40.3,40.08,40.08,40.08,577040095,-0.001494768310911887,-0.0027369992535456467,0.029011553273427415,0.021867492713305677,0.022163107672764613,0.014734923287255071,-0.092559120633639,47.92372527208482,-0.7552387756193397,-1.028593479539859,0.2733547039205193,-0.5734480985849933,0.08738555847201254,1
2018-04-06,TSLA,40.74,41.12,40.74,41.12,41.12,591011710,0.02594810379241519,0.05139350549731514,0.027743064233941572,0.02179130661261732,0.0222928724364257,0.03960458619338359,-0.06374161818782094,53.05561856095495,-0.5813866739829336,-0.939152118428474,0.35776544444554037,-0.514333049578592,0.0479560198141007,1
2018-04-09,TSLA,41.2,41.97,40.91,41.51,41.51,321357355,0.009484435797665336,0.09294365455502906,0.028238791181570466,0.021800277756052512,0.0223543442932207,0.047954456520367165,-0.049846257143511305,54.85237244572778,-0.4074411621711249,-0.8328099271770042,0.4253687650058793,-0.9894564768235565,0.04152519217184617,1
2018-04-10,TSLA,40.63,41.05,40.56,40.87,40.87,1394434083,-0.015417971573114975,0.05389375966993293,0.05743855109961182,0.019637784063278912,0.02226174448293043,0.02891381241896702,-0.05899237508298388,51.37720679203211,-0.31756999294909605,-0.7297619403314226,0.41219194738232656,1.1759140602117024,0.04497289780658332,1
2018-04-11,TSLA,41.18,41.82,41.18,41.26,41.26,634532112,0.00954245167604606,0.027902341803687003,0.058491534120061583,0.01965402413972166,0.022326405596885406,0.0357595611954162,-0.04476367972032834,53.318084104098155,-0.2124279658611954,-0.6262951454373772,0.4138671795761818,-0.4167275182057273,-0.0029126234182946147,0
2018-04-12,TSLA,43.2,43.2,42.9,42.9,42.9,892251808,0.03974793989335912,0.07035928143712566,0.11053585296401747,0.021057157824260788,0.023033186491120777,0.07118779495118478,-0.0021515380589636345,60.46479339537234,0.0031953085337264042,-0.5003970546431565,0.5035923631768829,0.08207844293868098,-0.03946316678521204,0
2018-04-13,TSLA,42.75,42.94,42.75,42.88,42.88,429624806,-0.0004662004662003838,0.04280155642023353,0.128421052631579,0.020485160693930006,0.022997227000331,0.06420470056833702,0.002216500266837037,60.343466096793684,0.1704990670079951,-0.3662178303129262,0.5367168973209213,-0.8246522728899895,-0.0652850683913558,0
2018-04-16,TSLA,44.75,44.75,44.37,44.61,44.61,1039045746,0.04034514925373123,0.07468079980727538,0.15569948186528482,0.021781377929948872,0.023021439970225557,0.09894441228275465,0.04597588854803711,66.58871709172612,0.43764019895213835,-0.2054462244599133,0.6430864234120517,0.40327326202947983,-0.0924673292210402,0
2018-04-17,TSLA,41.98,41.98,41.7,41.81,41.81,506398900,-0.06276619592019717,0.022999755321752025,0.05500883169316184,0.02633869359024347,0.023772124648076095,0.027209630858055445,-0.01631244608266006,52.24720823857372,0.4185896305442469,-0.08063905345908128,0.4992286840033282,-0.7015835028006545,-0.050022686148874326,0
2018-04-18,TSLA,42.77,43.31,42.7,42.7,42.7,734701437,0.02128677349916286,0.03490063015026679,0.05224248398225728,0.026232874952821866,0.02393286976851996,0.046350637734785656,0.007463566940095001,55.52602259023609,0.4698908703324278,0.029466931299220542,0.44042393903320726,-0.23008362439850114,-0.031884690034405284,0
2018-04-19,TSLA,42.69,42.81,42.36,42.81,42.81,1354496477,0.002576112412177922,-0.00209790209790206,0.07671026156941663,0.025666170356986245,0.023762586194508908,0.045140499499524034,0.012387817923119125,55.928795582975845,0.513504196430489,0.12627438432547425,0.3872298121050147,1.0152204038242036,-0.0534963857591862,0
2018-04-20,TSLA,42.58,42.68,42.39,42.51,42.51,1285553995,-0.0070077084793274125,-0.00862873134328368,0.07702052191537878,0.025659613884921093,0.023732940817177667,0.03397951985989829,0.007899281200975184,54.4796827785992,0.5178906576591089,0.20459763899220118,0.31329301866690773,0.7823797377647671,-0.05413256750733589,0
2018-04-23,TSLA,42.49,42.63,42.05,42.63,42.63,789398606,0.0028228652081863093,-0.04438466711499656,0.07056755399296843,0.025635251694621095,0.023596182976632064,0.033366865841686334,0.012889812889812984,54.98213674538993,0.52499810554297,0.268677732302355,0.256320373240615,-0.33213249926056465,-0.03606360963020943,0
2018-04-24,TSLA,40.24,40.58,39.97,40.58,40.58,276887371,-0.04808820079756049,-0.02941879933030389,-0.005879470847623747,0.02757395422267992,0.02398593716082632,-0.016039668780233593,-0.03361011002270322,45.70148262683715,0.36105097091586913,0.28715238002505783,0.0738985908908113,-1.3307119257560316,-0.017149668480353406,0
2018-04-25,TSLA,40.78,41.05,40.19,40.38,40.38,4818296802,-0.004928536224741098,-0.05433255269320847,0.0004955401387514158,0.02747299045650672,0.023415157877967347,-0.020912893253318715,-0.03541739656655094,44.90511498682163,0.21253340423177747,0.2722285848664018,-0.05969518063462431,3.7835397412892666,-0.005961269516499445,0
2018-04-26,TSLA,40.46,40.76,40.46,40.76,40.76,2280168959,0.009410599306587386,-0.04788600794206965,0.014182632495645775,0.02752179359411308,0.023464013869774446,-0.012381575440381933,-0.02358394519038446,46.801898360273995,0.12406484453077837,0.2425958367992771,-0.11853099226849872,1.1193046855467845,0.017751225990252497,1
2018-04-27,TSLA,41.96,42.7,41.96,42.32,42.32,1234096419,0.03827281648675185,-0.0044695365796282305,0.08207619534645882,0.027893457239772754,0.02403861359901081,0.021445035781953357,0.01607423680387989,53.82935366913544,0.17778247046839368,0.22963316353310043,-0.05185069306470674,0.1483763262812693,-0.05938484245640636,0
2018-04-30,TSLA,42.11,42.49,41.46,41.79,41.79,509060654,-0.012523629489603061,-0.019704433497537033,0.10031595576619279,0.027096215441411206,0.02369422017540724,0.004036326942482324,0.005163317993040732,51.347603331312236,0.17556371619765088,0.21881927406601054,-0.04325555786835966,-0.5538732766448434,-0.04177961968321465,0
2018-05-01,TSLA,40.81,41.42,40.68,40.98,40.98,747200940,-0.01938262742282848,0.009857072449482418,0.056730273336771386,0.027353634439256865,0.023761616607057834,-0.01801974503977769,-0.012450799260984965,47.72610143458131,0.10720926523114116,0.19649727229903668,-0.08928800706789553,-0.32655267144005007,-0.015244947325345405,0
2018-05-02,TSLA,40.61,41.09,40.04,40.49,40.49,577343369,-0.011957052220595288,0.002724120851906875,0.00871948181365223,0.026469758918473307,0.023790667647559875,-0.030168025964382703,-0.022153885785126424,45.629527161187,0.013345131109453234,0.15986684406112,-0.14652171295166677,-0.46946742836892114,0.016897671555573545,1
2018-05-03,TSLA,41.3,41.44,41.1,41.44,41.44,1707529734,0.02346258335391438,0.016683022571148287,0.03393213572854292,0.026941441789294463,0.02375897562995213,-0.009027321097626707,0.0020513357863385547,50.1974434679532,0.015436249605450314,0.13098072516998607,-0.11554447556453576,0.5955019187169007,-0.036868269963558416,0
2018-05-04,TSLA,41.71,41.81,41.71,41.81,41.81,936351721,0.008928571428571619,-0.01205103969754251,0.01678015564202351,0.026409338700119075,0.023752013336207585,-0.0010035362706681064,0.012303731472775824,51.892675065139414,0.04641434814669765,0.1140674497653284,-0.06765310161863075,-0.1864327272884708,-0.07807143974926796,0
2018-05-07,TSLA,41.08,41.53,40.83,41.28,41.28,499691609,-0.012676393207366687,-0.012203876525484492,-0.005540833534088074,0.026506721831393708,0.023736109832324864,-0.01339611142314276,0.0007151428467533423,49.303768675351336,0.02787679745227223,0.09682931930271717,-0.06895252185044494,-0.6347146513703498,-0.05195650896176724,0
2018-05-08,TSLA,41.7,42.19,41.7,41.83,41.83,603071873,0.01332364341085257,0.020741825280624626,0.02348911181795943,0.026402378248296724,0.023793888093936122,-0.0013965646895928313,0.014962795211905544,51.981052582840476,0.05691003497142333,0.08884546243645841,-0.03193542746503508,-0.4889748865914833,-0.057313113547030864,0
2018-05-09,TSLA,41.88,42.77,41.88,41.95,41.95,1567445224,0.00286875448242907,0.03605828599654237,0.016723218613669433,0.026337425943530886,0.023727033908829635,0.0006440378789686097,0.018479927812149587,52.569596413723886,0.08858097564915113,0.08879256507899697,-0.00021158942984583762,0.42768568722840195,-0.053365573693615886,0
2018-05-10,TSLA,43.19,43.19,43.0,43.0,43.0,2089224346,0.02502979737783062,0.037644787644787625,0.002331002331002363,0.0253911708081686,0.023115331823004598,0.025567639763403996,0.04502942689452079,57.48035456816761,0.19614560466276743,0.11026317299575106,0.08588243166701637,0.8718118719225805,-0.06882677232537034,0
2018-05-11,TSLA,42.28,42.84,41.71,42.27,42.27,2001172184,-0.016976744186046444,0.011002152595072978,-0.014225746268656692,0.025688383089220307,0.023210442065976666,0.00889074527119779,0.028638175852432914,53.34508007908261,0.21995099087385483,0.13220073657137182,0.08775025430248301,0.7098842644509101,-0.06828340001341786,0
2018-05-14,TSLA,42.32,42.32,41.77,41.95,41.95,1259800534,-0.00757038088478823,0.016230620155038844,-0.059627886124187346,0.023857602080738692,0.022999850212036436,0.00444157119084401,0.021841506982786835,51.5928691469314,0.2105683049609084,0.14787425024927914,0.06269405471162925,-0.02859668361207921,-0.0543718630867078,0
2018-05-15,TSLA,41.18,41.81,41.18,41.56,41.56,687398732,-0.009296781883194272,-0.006454697585464908,-0.0059794307581918504,0.019354411012841317,0.022841246158468064,-0.004598582103851147,0.013876973494289523,49.46055912655216,0.16970644785006783,0.1522406897694369,0.017465758080630944,-0.6039933077148972,-0.0372592117840069,0
2018-05-16,TSLA,40.09,40.23,40.09,40.09,40.09,114386280,-0.03537054860442734,-0.044338498212157296,-0.061124121779859486,0.0201846413925791,0.022974997997516886,-0.03679588674122735,-0.020447057961158272,42.35493685211383,0.01849323845723916,0.12549119950699736,-0.1069979610497582,-1.1101492462996427,-0.01863095179100337,0
2018-05-17,TSLA,40.47,41.09,39.9,40.4,40.4,956026331,0.007732601646295745,-0.06046511627906981,-0.05629525811726244,0.020291647921340243,0.022987004001787343,-0.026529481217320044,-0.011342640742961575,44.17627648996281,-0.07546005367055386,0.08530094887148712,-0.16076100254204098,-0.2797230397752531,0.020821327813585734,1
2018-05-18,TSLA,41.03,41.03,40.42,40.69,40.69,799024961,0.007178217821782074,-0.037378755618642234,-0.042813455657492394,0.020380750582307094,0.022199602845109564,-0.017387104564115092,-0.0036688037414452433,45.89838317103018,-0.12507633606502822,0.04322549188418406,-0.16830182794921228,-0.40542256016331585,0.02595658156078477,1
2018-05-21,TSLA,40.35,40.71,40.03,40.71,40.71,869987374,0.0004915212582945472,-0.029558998808104975,-0.0450387051372273,0.020358447482605117,0.021799267990098223,-0.014619741491988338,-0.0031628134756258386,46.0220559928596,-0.16092867884059103,0.0023946577392290396,-0.16332333657982007,-0.341894920713019,-0.003691403231959688,0
2018-05-22,TSLA,40.55,40.55,40.49,40.49,40.49,826192543,-0.0054040776222058495,-0.02574590952839273,-0.0022178413011334497,0.017290206102361108,0.02180037166257072,-0.019838051779856883,-0.00835554539628632,44.80865783834147,-0.2047340336779584,-0.039031080544208445,-0.16570295313374994,-0.4179104570241273,0.018596082736620237,1
2018-05-23,TSLA,39.38,39.38,39.11,39.11,39.11,360947365,-0.03408248950358117,-0.024444998752806257,-0.03145121347201596,0.01888564824651319,0.022088646897640264,-0.05178683993599369,-0.041116041876088125,38.03448937553369,-0.3468067870841267,-0.10058622185219211,-0.24622056523193458,-1.1022030878356375,0.02947687908293885,1
2018-05-24,TSLA,38.52,38.75,38.24,38.72,38.72,1117595270,-0.009971874200971675,-0.04158415841584162,-0.05004906771344453,0.018797341146789937,0.02210696123379297,-0.05891503013805171,-0.04941938968403992,36.36145260699522,-0.4852762458828721,-0.17752422665832812,-0.307752019224544,0.2706840094690392,0.05965185909381269,1
2018-05-25,TSLA,38.69,38.69,38.4,38.4,38.4,1168900953,-0.008264462809917328,-0.05627918407471122,-0.09262759924385633,0.016198833469737318,0.022125553619427783,-0.062225261307023425,-0.05594276653022109,35.00101512023511,-0.6137605655014582,-0.26477149442695413,-0.34898907107450405,0.373994757124758,0.09720232795636274,1
2018-05-28,TSLA,37.3,38.15,37.05,37.66,37.66,1204587798,-0.019270833333333348,-0.0749201670351266,-0.09882747068676723,0.01643832873578061,0.0222368928068518,-0.07563540861283961,-0.07265362406274252,32.017732723517796,-0.7664618351114427,-0.36510956256385185,-0.40135227254759087,0.38221065387953596,0.0966128601323203,1
2018-05-29,TSLA,37.7,37.7,37.53,37.53,37.53,1411538670,-0.0034519383961761907,-0.07310447023956534,-0.08418740849194717,0.016090086691067967,0.02177459400727055,-0.07490941359165869,-0.07489041079006944,31.50962790220707,-0.8877353445197045,-0.4696347189550224,-0.4181006255646821,0.7091572598511288,0.12483394032681773,1
2018-05-30,TSLA,38.25,38.25,37.81,37.93,37.93,1149313893,0.010658140154542917,-0.030171311684991098,-0.06322548777475923,0.01631408334461033,0.02171686640100215,-0.06209045275833921,-0.0644731649565903,34.93128357116733,-0.9407247283065772,-0.5638527208253334,-0.3768720074812437,0.16048737734260826,0.12499253551355671,1
2018-05-31,TSLA,39.9,39.9,39.02,39.78,39.78,625450252,0.04877405747429475,0.02737603305785119,-0.040057915057915006,0.019210506768659846,0.022576717665659076,-0.014321819713563678,-0.019178374913189813,47.896268710142174,-0.8239417699822624,-0.6158705306567193,-0.20807123932554317,-0.7712282761372703,0.09832223027431657,1
2018-06-01,TSLA,39.92,40.46,39.44,39.97,39.97,766617003,0.004776269482151818,0.040885416666666785,-0.04400861038029191,0.019109862104667853,0.022312740776732218,-0.0073511150846868175,-0.014477507057938837,49.019756216795436,-0.7078988052554394,-0.6342761855764634,-0.07362261967897599,-0.4703506763507307,0.14159858997808372,1
2018-06-04,TSLA,39.88,40.69,39.88,40.25,40.25,844854448,0.00700525394045548,0.06877323420074366,-0.024951550387596888,0.019041851146233184,0.022300948732023554,0.0008827661664324802,-0.007524729689188755,50.706609183700024,-0.5865785473611425,-0.6247366579333993,0.03815811057225682,-0.35829443133825983,0.12895572280443166,1
2018-06-05,TSLA,40.53,40.53,39.65,40.19,40.19,853298230,-0.0014906832298137163,0.070876632027711,-0.039206311259861404,0.01873731376860604,0.02158361085286834,0.001432754002367095,-0.009630983428137252,50.32235888433969,-0.4896287322318642,-0.5977150727930923,0.10808634056122812,-0.3726746411222419,0.11193255245651974,1
2018-06-06,TSLA,38.31,38.84,37.86,38.33,38.33,1455958951,-0.0462801691963175,0.010545742156604199,-0.08629320619785474,0.021155355309133168,0.022398834503123667,-0.04058671138755735,-0.05521321173280754,40.161956953287316,-0.556467153629356,-0.5894654889603451,0.03299833533098917,0.8947416777718121,0.1377294559681647,1
2018-06-07,TSLA,37.96,38.38,37.73,38.32,38.32,1176960673,-0.00026089225150005557,-0.03670186023127198,-0.10883720930232554,0.020036902756512997,0.02236807099981335,-0.03518600113300185,-0.055339394960331134,40.11506167676018,-0.6032896529734941,-0.592230321762975,-0.011059331210519163,0.47391419016168945,0.11801497349808182,1
2018-06-08,TSLA,38.54,38.54,38.23,38.4,38.4,2781916912,0.0020876826722338038,-0.03927945959469603,-0.09155429382540814,0.019917999794428477,0.02226500763591914,-0.028438417164254687,-0.05352279309367434,40.71149160729881,-0.6267170851892914,-0.5991276744482383,-0.027589410741053033,3.311669824605746,0.11453703234253598,1
2018-06-11,TSLA,40.84,41.06,40.77,40.86,40.86,3006015810,0.06406250000000013,0.015155279503105579,-0.02598331346841487,0.025117661467752343,0.02365839818290873,0.035229734351841374,0.006176766329441375,55.41600373791726,-0.4416905197151806,-0.5676402435016268,0.1259497237864462,2.741685785913894,0.06145926232192506,1
2018-06-12,TSLA,40.38,40.68,40.12,40.68,40.68,839057460,-0.004405286343612369,0.012192087583976274,-0.02117420596727626,0.025056556689893476,0.023430690426311743,0.03181950767904022,0.0013127666557267998,54.35374179149076,-0.306052150529311,-0.5153226249071636,0.20927047437785262,-0.4032018145661776,0.07321208002244486,1
2018-06-13,TSLA,40.77,41.01,40.72,41.01,41.01,80037567,0.008112094395280156,0.06991912340203488,0.02294836617610363,0.02374904386101645,0.023252554305584403,0.03897749008778465,0.00925747427226088,56.018283615336586,-0.1699702128420384,-0.4462521424941386,0.2762819296521002,-1.4982291048036793,0.08638125084192154,1
2018-06-14,TSLA,40.64,41.62,40.39,40.99,40.99,1680066948,-0.0004876859302608283,0.06967640918580376,0.014603960396039728,0.023704767308052672,0.023094580089308342,0.03769524822156412,0.008256602412207022,55.88527258977976,-0.06301176920850793,-0.3696040678370125,0.30659229862850457,0.7551246827368879,0.08753982154573745,1
2018-06-15,TSLA,39.89,40.59,39.39,39.83,39.83,578398824,-0.02829958526469878,0.03723958333333344,-0.02113541410666009,0.02453029108792386,0.02337639204461579,0.009427745957727201,-0.02042121313975133,48.66740789515665,-0.07102994847900845,-0.30988924396541173,0.23885929548640328,-0.7927531063214214,0.15311000365273822,1
2018-06-18,TSLA,41.11,41.4,40.72,41.01,41.01,494525683,0.02962591011800142,0.0036710719530101965,0.00736919675755332,0.025457631382528458,0.02365548198428456,0.038938008258809796,0.008107964159438872,55.030113839505766,0.01762851446836322,-0.24438569227865675,0.26201420674702,-0.8694479910861155,0.11786431334163974,1
2018-06-19,TSLA,41.81,42.08,41.8,41.8,41.8,629812576,0.019263594245306104,0.027531956735496577,0.03235366757224001,0.025743729720517465,0.023565322836806346,0.05719741517761165,0.02711535390021247,58.719260287034565,0.14990932145597924,-0.16552668953172955,0.3154360109877088,-0.6629973885787341,0.16725649332694792,1
2018-06-20,TSLA,42.93,42.93,41.76,42.66,42.66,611860070,0.0205741626794258,0.04023408924652516,0.09076962413704925,0.024597952104253543,0.0236503385083799,0.07412629670661687,0.04726094374593414,62.34108900481004,0.32044375061772,-0.06833260150183965,0.38877635211955963,-0.7164065285004376,0.16295249700340966,1
2018-06-21,TSLA,42.02,42.02,41.51,41.72,41.72,1154995039,-0.022034692920768872,0.017809221761405203,0.07747933884297531,0.025117439665823575,0.023830692193606725,0.04650579441127776,0.02354413195835795,56.50549332917497,0.37541581049523387,0.02041708089757506,0.3549987295976588,0.04097871944672698,0.16430305129127634,1
2018-06-22,TSLA,43.33,43.36,43.06,43.23,43.23,313822636,0.03619367209971225,0.08536279186542806,0.12578124999999996,0.02592594314823996,0.02397526415024348,0.07785326933865225,0.05880624066227427,62.56722382585672,0.5346626857782439,0.12326620187370885,0.4113964839045351,-1.0433407340988923,0.10258080573732925,1
2018-06-25,TSLA,41.36,41.76,41.36,41.76,41.76,418994165,-0.03400416377515614,0.018288222384784225,0.10886882634094541,0.026881210972854272,0.024095502792941842,0.03590697674418618,0.021226645798689107,54.59082368508118,0.5360707768315578,0.20582711686527866,0.33024365996627913,-0.8316247789332781,0.14962485436905432,1
2018-06-26,TSLA,42.57,42.76,42.4,42.4,42.4,982779296,0.015325670498084198,0.014354066985645897,0.12976285638156138,0.026879244467028426,0.024029321052753322,0.045467994871289115,0.03535004110469905,57.15199136469239,0.5821190444450508,0.2810855023812331,0.3010335420638177,-0.05287741661621263,0.12924746554708283,1
2018-06-27,TSLA,44.74,45.72,44.74,44.81,44.81,1162415980,0.056839622641509546,0.05039849976558841,0.18138676509359364,0.029146857355553422,0.02469573467423879,0.09559902200489007,0.09212327515120995,65.12811032123804,0.8038136239776179,0.3856311267005101,0.4181824972771078,0.18694669153398447,0.09244551779512383,1
2018-06-28,TSLA,43.79,43.79,43.34,43.74,43.74,1175459517,-0.023878598527114492,0.04841802492809211,0.09954751131221728,0.028416792511964464,0.024919557025903795,0.06428536668451026,0.06446235403391633,59.80517528687354,0.8829895637939842,0.4851028141192049,0.39788674967477927,0.16877481050937243,0.12894843318230206,1
2018-06-29,TSLA,43.27,43.27,42.32,43.14,43.14,498831156,-0.013717421124828544,-0.002081887578070707,0.07930948211158384,0.028728307821600595,0.024792876699210566,0.04565341218959432,0.04900121175769707,56.992296600571436,0.8870961882792443,0.5655014889512129,0.3215946993280314,-0.718707450155198,0.14135306465321879,1
2018-07-02,TSLA,43.14,43.97,42.7,43.27,43.27,444757883,0.0030134445989802305,0.03615900383141768,0.07503105590062109,0.028721742797525644,0.024769854901467492,0.04497977419549609,0.051412372177786804,57.45916558581131,0.8905746412146485,0.6305161194039001,0.2600585218107484,-0.7534661608930869,0.11760326960856955,1
2018-07-03,TSLA,43.11,43.11,42.34,42.75,42.75,590227786,-0.012017564132193237,0.008254716981132004,0.06369743717342624,0.028923635801535934,0.024735535736833382,0.02924004767006539,0.037986670065921144,54.89229013205263,0.841669444611739,0.6727467844454679,0.1689226601662711,-0.5408726254605608,0.09243523771872567,1
2018-07-04,TSLA,40.84,41.14,40.84,41.14,41.14,923723785,-0.037660818713450284,-0.08190136130328052,0.07331072267153682,0.028198206854988424,0.025207015910022185,-0.012861119109319544,-0.0010562482547620904,47.775873957549784,0.6653286843717154,0.6712631644307174,-0.00593448005900199,-0.0706498665700483,0.12010303453884122,1
2018-07-05,TSLA,41.38,41.38,41.24,41.24,41.24,1950372899,0.002430724355858116,-0.057155921353452266,0.0762004175365345,0.028183639120465367,0.02467094428511621,-0.013916120702022708,0.0020450725899526876,48.22485716791866,0.5275650837919628,0.6425235483029665,-0.11495846451100378,1.1869670169664441,0.13963542148850033,1
2018-07-06,TSLA,39.78,40.19,39.78,40.17,40.17,234165265,-0.0259456838021338,-0.06884561891515995,0.046093750000000044,0.028972486815367703,0.02489113129875946,-0.041528972453203784,-0.022881328446793983,43.87801061085141,0.3282623758301426,0.5796713138084018,-0.25140893797825914,-0.9537217657833942,0.17160128393894214,1
2018-07-09,TSLA,41.02,41.11,40.67,40.67,40.67,700680627,0.01244709982574066,-0.060087820660966074,-0.004650024473813019,0.025277328335880422,0.02436483168809878,-0.02937877377628206,-0.009136313801924544,46.313248521578544,0.20825868867110842,0.5053887887809431,-0.29713010010983465,-0.1538044350088434,0.12857074403930097,1
2018-07-10,TSLA,39.46,39.96,39.46,39.77,39.77,359560473,-0.02212933366117531,-0.06970760233918116,-0.02236971484759087,0.025748738504978327,0.023160860155494616,-0.0498261877172651,-0.030260174099631627,42.71992737735909,0.040070515669917484,0.41232513415873795,-0.37225461848882047,-0.8112138113113551,0.1559092533240563,1
2018-07-11,TSLA,41.02,41.36,41.02,41.36,41.36,296825325,0.03997988433492572,0.005347593582887722,0.008534503779566105,0.02727140669722266,0.0235817692222724,-0.01225133140687312,0.009059414797586303,50.08772150972782,0.03468011784083558,0.3367961308951575,-0.3021160130543219,-0.9925502868255107,0.1267689754540982,1
2018-07-12,TSLA,40.44,41.15,40.22,40.58,40.58,1428904619,-0.018858800773694395,-0.0160038797284191,-0.01000243961941949,0.02762332463135855,0.02370014909508646,-0.03040439639209146,-0.009071706775087543,46.900628437296156,-0.03216056556190239,0.2630047916037455,-0.2951653571656479,1.536259588012704,0.12427851440402743,1
2018-07-13,TSLA,40.17,40.84,39.57,40.27,40.27,1109055672,-0.007639231148348857,0.0024894199651481763,0.011046949535526096,0.026891552352281377,0.023703175510599157,-0.03831687542537809,-0.01574434283153749,45.65718962200665,-0.10889146491661705,0.18862554029967302,-0.2975170052162901,0.7465247226357783,0.13629018608549834,1
2018-07-16,TSLA,40.88,41.75,40.88,41.12,41.12,1047487325,0.021107524211571693,0.0110646668305876,0.002682272616435055,0.0264767327343622,0.023865270297811644,-0.018147086914995347,0.005649441169996687,49.60263052107605,-0.09996107022396927,0.13090821819494455,-0.23086928841891383,0.5490358624319879,0.11735060321721257,1
2018-07-17,TSLA,39.96,39.96,39.08,39.89,39.89,1390063829,-0.029912451361867598,0.003017349761126331,-0.04569377990430612,0.026918751765300446,0.023358667685403272,-0.04533977910469179,-0.02415754388110829,44.56091416797339,-0.18994482286962722,0.0667376099820302,-0.2566824328516574,1.1854887440283486,0.11964753966812045,1
2018-07-18,TSLA,40.09,40.14,40.03,40.14,40.14,599837091,0.0062672348959638136,-0.02949709864603478,-0.05907172995780585,0.026473866370595553,0.023363505943963653,-0.03645114442430707,-0.017945612683034226,45.76748555269936,-0.23833728066471593,0.005722631852680972,-0.2440599125173969,-0.515170721474528,0.12269813598350354,1
2018-07-19,TSLA,41.11,42.35,41.11,41.49,41.49,617023389,0.03363228699551568,0.022424839822572817,-0.005512943432406492,0.027250098785037726,0.02373228285381199,-0.003769779335846435,0.014781056115835117,51.860310354477114,-0.16584319739118314,-0.028590533996091853,-0.1372526633950913,-0.4236339323887126,0.10405814950890536,1
2018-07-20,TSLA,39.73,40.31,39.73,39.88,39.88,2968843648,-0.03880453121234029,-0.009684628755897706,-0.0774924820726346,0.027178175237681915,0.023742973556151393,-0.03856121698670425,-0.023625902803280606,45.32095690439816,-0.23558893616672094,-0.06999021443021768,-0.16559872173650325,3.1025035154833995,0.17126939882451883,1
2018-07-23,TSLA,40.33,40.33,40.08,40.08,40.08,689900103,0.005015045135406071,-0.02529182879377434,-0.04022988505747127,0.026271900851672882,0.02370304410259678,-0.031778816538029664,-0.01804417331226341,46.22803444691525,-0.271593843342238,-0.11031094021262175,-0.16128290312961627,-0.4174221716765455,0.19315751211136797,1
2018-07-24,TSLA,40.52,40.52,39.97,40.36,40.36,1243355074,0.00698602794411185,0.01178240160441213,-0.048113207547169745,0.026052292511002682,0.023589708990738062,-0.02260646348698953,-0.010933804939612797,47.540124030271755,-0.2743715473305599,-0.1431230616362094,-0.13124848569435052,0.4202386406528191,0.15230840622465047,1
2018-07-25,TSLA,41.36,41.38,41.18,41.18,41.18,802970813,0.02031714568880072,0.025909317389138042,-0.08100870341441646,0.022774158456131944,0.023679816564581797,0.0016540182914963474,0.008876875209263755,51.28879203824716,-0.2080079644458479,-0.1561000421981371,-0.05190792224771079,-0.23312496377670125,0.10916579673805878,1
2018-07-26,TSLA,40.1,40.47,39.66,39.94,39.94,263890521,-0.030111704711024867,-0.037358399614365045,-0.08687700045724744,0.023101261482117802,0.023811130056547055,-0.023996872098138076,-0.020902449786726486,45.94245388039362,-0.25256062213507846,-0.1753921581855254,-0.07716846394955307,-0.9735518029151501,0.153148675735407,1
2018-07-27,TSLA,38.52,38.81,38.52,38.67,38.67,234560145,-0.03179769654481712,-0.030341023069207607,-0.10361613351877608,0.02383220865389269,0.024120985781643265,-0.049842131773898325,-0.05081778090508171,41.2049452460138,-0.3858989081065829,-0.2174935081697369,-0.168405399936846,-0.981376807547344,0.19869399167696455,1
2018-07-30,TSLA,38.88,39.29,38.88,39.19,39.19,565154367,0.013447116627876898,-0.02220558882235535,-0.09429165703720832,0.02413338810715789,0.024142701840807627,-0.03221425131808034,-0.03723084104113702,43.76205616223695,-0.44448703633945286,-0.2628922138036801,-0.18159482253577275,-0.5017057603101271,0.19881321042647196,1
2018-07-31,TSLA,39.33,39.5,39.33,39.5,39.5,1507412966,0.007910181168665487,-0.021308225966303218,-0.07602339181286555,0.024224936118916233,0.024099937069356956,-0.02062878111673132,-0.02868852459016388,45.28969583994953,-0.46059469194823066,-0.3024327094325902,-0.15816198251564045,0.826986872583806,0.2877453615882217,1
2018-08-01,TSLA,40.04,40.09,39.77,39.77,39.77,1283652021,0.0068354430379746756,-0.034239922292374825,-0.03330092367525517,0.022948156358343488,0.024115247124705336,-0.012256758602704618,-0.021174656045154835,46.64901272142172,-0.4464272461494332,-0.3312316167759588,-0.11519562937347438,0.4675864890958053,0.295633778251455,1
2018-08-02,TSLA,40.52,40.61,39.56,40.14,40.14,1384280432,0.009303495096806502,0.005007511266900355,-0.02667313288069839,0.023060372089463828,0.023916553000222184,-0.001703619881368373,-0.0109077767191246,48.53603684415253,-0.40072423595209017,-0.3451301406111851,-0.05559409534090509,0.6889763321267083,0.31514164351917456,1
2018-08-03,TSLA,39.48,39.48,39.48,39.48,39.48,442420919,-0.01644245142002998,0.02094647013188511,-0.017176997759522195,0.02261503352204937,0.02391055178561989,-0.017274854383432136,-0.026054922147711615,45.44803868896439,-0.41299994892052894,-0.3587041022730539,-0.054295846647475055,-0.7882784925202778,0.35614288752820283,1
2018-08-06,TSLA,39.34,40.22,39.34,39.73,39.73,2109092282,0.0063323201621074965,0.013779025261546396,-0.023112859601672087,0.022469912089544897,0.02391176327148437,-0.00989358785854907,-0.018992160332517053,46.82802961664547,-0.397968100688729,-0.36655690195618895,-0.03141119873254006,1.5891368622546063,0.36654303313346354,1
2018-08-07,TSLA,39.75,40.78,39.75,40.04,40.04,448340712,0.007802668009061264,0.013670886075949351,0.006789036962534523,0.021974843613873512,0.023908570001264368,-0.0025037057336107873,-0.010718859510053799,48.565536154718615,-0.3569264178781921,-0.3646308051405896,0.007704387262397472,-0.8395390531160883,0.3514163866852653,1
2018-08-08,TSLA,39.21,39.35,38.71,39.35,39.35,908853651,-0.01723276723276712,-0.010560724163942714,-0.04859767891682776,0.02022887720254013,0.02357043079261065,-0.01723276723276735,-0.027470558432089752,45.03782376228523,-0.3757464508001007,-0.36685393427249186,-0.008892516527608862,-0.2165868484020301,0.3882918038298458,1
2018-08-09,TSLA,41.32,41.53,41.25,41.25,41.25,794949084,0.04828462515883092,0.027653213751868355,0.016510596352883322,0.022749305653277718,0.024365055534446803,0.02935855365765399,0.01913083581081632,54.77868513109074,-0.23464252843634625,-0.3404116531052627,0.10576912466891647,-0.34272397770443785,0.3223469690692014,1
2018-08-10,TSLA,41.41,41.76,41.41,41.76,41.76,720658336,0.012363636363636354,0.05775075987841949,0.0370002483238141,0.02278616442365397,0.02439782492137386,0.04015143967320899,0.031276624643461134,56.982522973569786,-0.08073327269909214,-0.2884759770240286,0.20774270432493647,-0.424162605824369,0.3045999365513304,1
2018-08-13,TSLA,40.92,41.01,39.94,40.56,40.56,1785840988,-0.028735632183907955,0.020891014346841263,-0.013618677042801397,0.02331346616397101,0.024692524619401055,0.010967098703888456,0.0017040823886790304,50.71920267910313,-0.054955556406952155,-0.24177189290061332,0.18681633649366117,1.0929496887704273,0.3220334736203404,1
2018-08-14,TSLA,41.14,41.78,40.8,41.25,41.25,523964078,0.017011834319526464,0.030219780219780334,0.03409375783404367,0.02253822845674609,0.02477517669704428,0.026425798745894236,0.018426315313017083,53.859682815001555,0.020909669251075513,-0.18923558047027556,0.21014524972135107,-0.6841466223629801,0.30766293698219066,1
2018-08-15,TSLA,40.61,40.61,39.98,40.28,40.28,355927226,-0.02351515151515149,0.023634053367217245,0.0034877927254608476,0.023209702174768483,0.024561009298846505,0.0021146908819505124,-0.006000682737035032,49.120649591356184,0.002731032154073887,-0.15084225794540568,0.15357329009947956,-0.8982622354163318,0.38995316334945274,1
2018-08-16,TSLA,41.33,41.47,41.09,41.1,41.1,809556635,0.020357497517378365,-0.0036363636363635488,-0.009399855386840184,0.022385404114112155,0.024647798284944664,0.023011536881930576,0.013242829026572058,52.8940149115408,0.05387049275153544,-0.10989970780601746,0.1637702005575529,-0.2632969462745561,0.3235282042249166,1
2018-08-17,TSLA,42.54,42.54,42.32,42.32,42.32,629290756,0.029683698296836925,0.013409961685823868,0.0611835506519558,0.02139087644633209,0.024884178660979406,0.05018921769340532,0.041641882273792036,57.897018441156206,0.19064505028229206,-0.04979075618835556,0.2404358064706476,-0.4750435468188417,0.31190198354434073,1
2018-08-20,TSLA,41.57,42.2,41.37,41.48,41.48,6068818343,-0.01984877126654072,0.02268244575936862,0.034930139720558806,0.021993305380503033,0.024892632354477584,0.02755929894097968,0.019369160888138778,53.67039416976785,0.22862346372909315,0.005892087795134184,0.22273137593395897,3.881550943021457,0.29207213272431237,1
2018-08-21,TSLA,42.62,42.7,42.52,42.52,42.52,1200380570,0.025072324011572,0.03078787878787881,0.05351833498513381,0.022575506553611353,0.025060224754394282,0.05051203814653325,0.04279583077866351,57.77995033165791,0.3387361983244048,0.07246090990098832,0.2662752884234165,0.0460192093035181,0.2560850938807817,1
2018-08-22,TSLA,43.1,43.1,42.97,42.98,42.98,625708806,0.010818438381937856,0.0670307845084408,0.04371053909664879,0.022286809766466374,0.025061129699423212,0.059521021557727545,0.05190593706022712,59.49150811323801,0.4578417744509409,0.14953708281097883,0.30830469163996205,-0.3990143730701352,0.27297463247038095,1
2018-08-23,TSLA,44.01,44.19,43.16,43.89,43.89,424462006,0.021172638436482094,0.06788321167883216,0.0988983475212819,0.021279587944143002,0.024440969720521347,0.0767117238672326,0.07237972683514819,62.71191774871529,0.6185331315363953,0.24333629255606215,0.3751968389803332,-0.5659271006539446,0.25414578745428995,1
2018-08-24,TSLA,46.1,46.97,45.66,46.05,46.05,258867512,0.04921394395078593,0.08813799621928164,0.19084561675717593,0.02162574723477775,0.02519040698237226,0.11956627443353106,0.12237685539496437,69.00970270551959,0.9096898001185991,0.37660699406856957,0.5330828060500296,-0.6981428592284347,0.17960342519382808,1
2018-08-27,TSLA,46.23,46.23,45.44,45.79,45.79,432402985,-0.005646036916395203,0.10390549662487958,0.16841030875223284,0.021839092399874593,0.02520647346508378,0.10438473783223201,0.1135339321033687,67.53118533186849,1.106696423080514,0.5226248798709585,0.5840715432095556,-0.5542261807949507,0.16787690193501542,1
2018-08-28,TSLA,45.16,45.57,44.68,44.95,44.95,857014214,-0.01834461672854326,0.05714957666980247,0.13797468354430387,0.022622166765041123,0.025344800834245316,0.07704656818699172,0.09100176372550622,62.8464240212065,1.1814258692976196,0.6543850777562907,0.5270407915413289,-0.1942702803358745,0.20396186578777378,1
2018-08-29,TSLA,44.23,44.62,43.34,43.99,43.99,1883499257,-0.021357063403781962,0.023499302000930866,0.10611013326628105,0.023477087488409046,0.02473396193075039,0.04874181974228479,0.0652621382733989,57.90265466339271,1.1499298414700263,0.7534940304990378,0.39643581097098846,0.5866639100168987,0.2077956380863711,1
2018-08-30,TSLA,43.44,43.44,43.12,43.12,43.12,1567916469,-0.019777222095931024,-0.01754385964912286,0.07424015944195306,0.024109083889293427,0.024899949728834598,0.024361852498544966,0.042175226586102656,53.77422850295774,1.0427471434117095,0.8113446530815722,0.23140249033013727,0.33205964151935924,0.2336631647948414,1
2018-08-31,TSLA,42.81,43.79,42.66,43.06,43.06,917769565,-0.0013914656771798484,-0.064929424538545,0.09067882472137812,0.023672937474149544,0.02490443553277372,0.01860503625202559,0.03877514916611726,53.49096984098606,0.9421026119596192,0.8374962448571817,0.10460636710243754,-0.19525543635864417,0.23670652159898972,1
2018-09-03,TSLA,43.09,43.45,42.91,43.45,43.45,658911244,0.009057129586623303,-0.05110286088665639,0.09363201610873406,0.02369118542121829,0.02356553366407213,0.023328112672075674,0.04709308163470243,55.144906294478744,0.8836249578366449,0.8467219874530744,0.03690297038357049,-0.3459082732133815,0.2118021498034179,1
2018-09-04,TSLA,43.76,43.77,43.72,43.77,43.77,939903166,0.007364787111622473,-0.026251390433815303,0.09315684315684325,0.023688417510140242,0.023566252973379248,0.02635651643764954,0.0534972160267007,56.51145912828857,0.8532663973945773,0.848030869441375,0.005235527953202368,-0.14285765870591863,0.2586491771334082,1
2018-09-05,TSLA,44.72,44.72,44.08,44.71,44.71,585992296,0.02147589673292205,0.016367356217322104,0.13621346886912322,0.023379041123014786,0.02369268619389762,0.04185114414876263,0.07452714556946811,60.33434913362764,0.8947431218642521,0.8573733199259505,0.03736980193830164,-0.41181057139332616,0.253672539410493,1
2018-09-06,TSLA,45.04,45.36,44.74,44.74,44.74,2242861622,0.0006709908297919398,0.037569573283859015,0.08460606060606057,0.021244448972286736,0.023691332086487615,0.03832809218236898,0.07363545828683873,60.453830306192366,0.9194357906440302,0.8697858140695665,0.049649976574463794,0.8371666143656209,0.20282223789198628,1
2018-09-07,TSLA,46.37,46.67,46.37,46.42,46.42,714065955,0.03755029056772452,0.07803065490013927,0.11159003831417635,0.022460416990933638,0.023801393981198807,0.07152337753771225,0.11102246617309162,66.53335679566817,1.0623210919313877,0.9082928696419308,0.1540282222894569,-0.36048783384835403,0.17105627301416312,1
2018-09-10,TSLA,46.2,46.2,46.14,46.14,46.14,759520054,-0.006031882809134026,0.06191024165707715,0.1375739644970413,0.021173688631387733,0.02356504419026433,0.05824474489971455,0.10206567649014121,64.74679902211642,1.1398258596986182,0.9545994676532683,0.18522639204534985,-0.28584669430796356,0.16118514052663918,1
2018-09-11,TSLA,49.44,49.51,48.56,49.41,49.41,211663126,0.07087126137841349,0.1288553803975323,0.19781818181818167,0.02553351149429983,0.025089541599807325,0.12273765295340652,0.17660599614227546,73.64672857950141,1.4484142007162646,1.0533624142658675,0.39505178645039707,-0.6992967321547936,0.11442676089557954,1
2018-09-12,TSLA,49.75,50.44,49.75,50.21,50.21,711395500,0.016191054442420638,0.1230149854618654,0.24652432969215488,0.024358637921480953,0.025044135424017327,0.12818784406246483,0.19208442645330542,75.29027807736551,1.737497212046712,1.1901893738220366,0.5473078382246754,-0.3251286488953542,0.07904639395158754,1
2018-09-13,TSLA,49.29,49.29,49.17,49.17,49.17,1321311291,-0.020713005377414828,0.09901654000894045,0.19635036496350367,0.02527377063734668,0.02502229159543232,0.09489294899629241,0.16396146167867387,69.24438002244028,1.8612232498463896,1.3243961490269074,0.5368271008194823,0.1343652884486619,0.09758171184839874,1
2018-09-14,TSLA,48.21,49.39,47.9,47.9,47.9,421515224,-0.02582875737238155,0.031882809133993995,0.131852551984877,0.02595658193144019,0.0249106232913349,0.06002766251728904,0.13181243575960205,62.63040977488615,1.8356385415715337,1.4266446275358327,0.40899391403570107,-0.5632681501325026,0.13694414293765944,1
2018-09-17,TSLA,48.17,49.45,47.94,48.5,48.5,509819754,0.012526096033403045,0.05114867793671429,0.1692381870781101,0.025224366844589115,0.024491080327279546,0.0650328842627667,0.14295589604207318,64.36229705313087,1.842537832335431,1.5098232684957524,0.33271456383967846,-0.6554976201926263,0.14664096177411812,1
2018-09-18,TSLA,48.35,48.68,48.25,48.25,48.25,1287060291,-0.005154639175257714,-0.023477028941509714,0.13476011288805267,0.025061767795393958,0.02445608682479375,0.05291871249318051,0.13445773312224704,63.05110168186783,1.807002657494209,1.569259146295444,0.23774351119876513,0.7774229221491336,0.12217177904333701,1
2018-09-19,TSLA,49.24,49.91,49.15,49.15,49.15,329802868,0.01865284974093262,-0.021111332403903615,0.14355514192647756,0.025191514599294553,0.023494582923950593,0.06538632447137115,0.15365657103066235,65.75574949630742,1.8303639574619766,1.6214801085287507,0.20888384893322587,-0.9460801167690835,0.0959573392592603,1
2018-09-20,TSLA,49.42,49.76,49.42,49.76,49.76,1508951090,0.012410986775178046,0.01199918649583065,0.13374344953292305,0.02500805404187259,0.023288234242752337,0.07179012212721042,0.16523042337954302,67.49260392130299,1.8764690904001213,1.672477904903025,0.20399118549709638,1.0752470293861345,0.0720963038028185,1
2018-09-21,TSLA,49.32,50.42,49.32,49.69,49.69,581262875,-0.001406752411575618,0.03736951983298531,0.07904451682953306,0.022943152377524905,0.023197738229358986,0.0661031131326567,0.1606242627852023,67.07219573273085,1.8856230368285836,1.7151069312881368,0.17051610554044672,-0.6247701969279622,0.05767258140283257,1
2018-09-24,TSLA,49.14,49.14,48.14,48.67,48.67,633556073,-0.020527269068222886,0.003505154639175334,0.06289582878357725,0.023508689856490066,0.023389274451955232,0.041002716403225496,0.13441509756467077,61.09988756784792,1.7899388291947176,1.730073310869453,0.059865518325264544,-0.5551967043558848,0.1229973697797252,1
2018-09-25,TSLA,46.79,47.21,46.77,46.89,46.89,407549500,-0.03657283747688511,-0.028186528497409324,0.043159065628475934,0.024714886693758473,0.023853008273394836,0.0008537886872998751,0.09117141715761755,52.341047289405026,1.5525801043625407,1.6945746695680708,-0.1419945652055301,-0.9123057811407206,0.1709181909857069,1
2018-09-26,TSLA,46.14,46.39,45.7,46.39,46.39,1003568270,-0.010663254425250623,-0.05615462868769072,0.054557854057740274,0.024285807383671695,0.02334485867252604,-0.012348307430274607,0.07734229247787959,50.16560803096927,1.30903603101126,1.6174669418567087,-0.3084309108454486,0.27487415808887855,0.15060299058548338,1
2018-09-27,TSLA,47.1,48.32,47.1,47.42,47.42,3499630369,0.02220306100452696,-0.04702572347266876,0.09972170686456416,0.024032309859888006,0.023486297794119346,0.004980396312387399,0.09863462251328331,54.372693093593554,1.1854725999695361,1.5310680734792743,-0.3455954735097382,3.329208472694481,0.15210001565869374,1
2018-09-28,TSLA,47.85,47.85,47.09,47.69,47.69,1278429672,0.005693800084352496,-0.040249547192594104,0.10752438457965607,0.02398477794381428,0.023187829755755136,0.005768034334039807,0.10169099981519113,55.43477845236829,1.096692446304715,1.4441929480443625,-0.3475005017396475,0.389513161322412,0.200022360135677,1
2018-10-01,TSLA,46.36,46.36,45.72,46.25,46.25,476238264,-0.030195009435940445,-0.04972262173823716,0.06444188722669719,0.025241790647020073,0.023548000304455603,-0.027472585240713672,0.06613494386943593,48.89739817584956,0.8997656313672664,1.3353074847089432,-0.43554185334167683,-0.6424777244249461,0.2569441969981518,1
2018-10-02,TSLA,46.61,46.61,45.95,46.48,46.48,1581077401,0.004972972972972833,-0.008743868628705576,0.0619145533470411,0.02522780879051194,0.02332810442167761,-0.025413067181078657,0.06868181347884884,49.91339661464488,0.7535720797055347,1.2189604037082615,-0.4653883240027268,0.7386272944686321,0.21450045515818977,1
2018-10-03,TSLA,46.56,47.14,46.56,46.95,46.95,661481300,0.010111876075731718,0.01207156714809221,0.050100648624468835,0.024923175429194432,0.022836228914592235,-0.01786461383984602,0.0771807461111367,52.012958634775636,0.6679381337630943,1.108755949719228,-0.4408178159561338,-0.4428278056177199,0.19273923730871848,1
2018-10-04,TSLA,46.31,46.31,45.35,45.95,45.95,1824717447,-0.021299254526091604,-0.03099957823703081,0.02704514975413508,0.025496661614220737,0.022876817657293234,-0.03999832861515312,0.052077251548350814,47.454946850127385,0.5134621005174367,0.9896971798788698,-0.47623507936143317,1.1173416574694677,0.24641792361246742,1
2018-10-05,TSLA,46.04,46.57,46.04,46.15,46.15,1297890175,0.0043525571273121955,-0.032291885091214056,-0.005816458423093529,0.024076841798600108,0.022840608842887727,-0.035547846439990816,0.05429083806412539,48.42834305687953,0.40253686534757094,0.8722651169726101,-0.4697282516250392,0.37638896182170717,0.22491878938082538,1
2018-10-08,TSLA,46.06,46.86,46.06,46.24,46.24,136811559,0.0019501625135429634,-0.0002162162162161474,0.0021673168617251104,0.024038072836388067,0.02271002243337729,-0.03376797057840186,0.05429160982394286,48.88720772392956,0.31822180229028874,0.7614564540361459,-0.4432346517458572,-1.0941773105550923,0.23449753531897774,1
2018-10-09,TSLA,44.92,44.96,44.36,44.96,44.96,437922372,-0.02768166089965396,-0.03270223752151458,-0.09006274033596429,0.018225657740971367,0.022658309577816206,-0.05612646561768497,0.023135856785253713,43.02398597339039,0.14642827080906073,0.638450817390729,-0.4920225465816682,-0.7296740279832526,0.282553284311102,1
2018-10-10,TSLA,45.28,45.87,44.22,45.38,45.38,1409683620,0.009341637010676251,-0.03343982960596381,-0.09619597689703241,0.01787643796624396,0.022671028432687312,-0.0424544226873734,0.030645307815764782,45.34047856871959,0.043667774397164294,0.519494208792016,-0.4758264343948517,0.49485185121556907,0.25053061400475085,1
2018-10-11,TSLA,46.38,46.38,45.28,46.04,46.04,876103123,0.014543851917144135,0.001958650707290399,-0.06365670124059386,0.017972232495779804,0.022355602857652035,-0.025309354193350248,0.04383707616791181,48.859206162192386,0.015309348155398084,0.41865723666469246,-0.40334788850929437,-0.17284119837258105,0.23506182003474863,1
2018-10-12,TSLA,47.74,48.28,47.33,47.33,47.33,432782751,0.028019113814074625,0.02556879739978335,-0.011899791231732793,0.018420400495910236,0.02195019878911687,0.002605545787700925,0.07007204654387589,54.96200838363621,0.09582272533742753,0.3540903343992395,-0.25826760906181195,-0.7542875081916167,0.12682716082257336,1
2018-10-15,TSLA,48.43,49.13,48.43,48.62,48.62,546938154,0.027255440523980434,0.051470588235293935,0.0024742268041235693,0.019242041036286617,0.022169884469814865,0.02980111409993003,0.09571135600477751,60.090846904290096,0.26071699264143433,0.3354156660476785,-0.07469867340624414,-0.6081931217251362,0.07487162243901917,1
2018-10-16,TSLA,47.34,47.34,46.89,47.0,47.0,254868434,-0.033319621554915635,0.045373665480427094,-0.025906735751295318,0.020641999559986295,0.02266644499107851,-0.003191906766630279,0.05656757911143421,52.07132262465538,0.25770575485807257,0.31987368380975734,-0.06216792895168477,-0.905702102537806,0.10301734704926274,1
2018-10-17,TSLA,46.19,46.24,45.21,45.93,45.93,758593051,-0.022765957446808538,0.012119876597620038,-0.06551373346897249,0.020632832553830804,0.022783981580830382,-0.022547590419136187,0.030679527408864704,47.556852040112645,0.16705357990120717,0.28930966302804734,-0.12225608312684016,-0.2899660290762969,0.09525079914458828,1
2018-10-18,TSLA,46.95,46.95,46.55,46.55,46.55,3013638035,0.013498802525582443,0.01107732406602957,-0.06450964630225087,0.020677477741137467,0.022432705823828492,-0.005957846633496412,0.04201643050612216,50.24843376641502,0.14358474106148122,0.26016467863473414,-0.11657993757325291,2.2140642088825317,0.12313923485690846,1
2018-10-19,TSLA,46.93,47.3,46.93,47.17,47.17,1296533542,0.013319011815252413,-0.00338051975491227,-0.050714429462668464,0.02100150020255124,0.022005377235728506,0.009999357642978093,0.052557198536193526,52.85426288023426,0.1730198702775283,0.242735716963293,-0.06971584668576469,0.23347763748493613,0.07472863416264074,1
2018-10-22,TSLA,47.88,48.45,47.81,47.81,47.81,2977203281,0.013567945728217179,-0.016659810777457706,-0.01767002260119166,0.020834739373428973,0.022006303530955385,0.024646378054007684,0.06342910101946246,55.44830133501539,0.2451639758424946,0.24322136873913333,0.0019426071033612768,1.8304170864523504,0.050571427545861275,1
2018-10-23,TSLA,52.43,52.67,52.43,52.67,52.67,1358216465,0.10165237398033877,0.12063829787234037,0.12326722115589672,0.029448331719604846,0.025388504051372628,0.12185563057786117,0.1658372284342986,69.27386601452251,0.6865855517028763,0.3318942053318819,0.35469134637099436,0.10770397479247629,-0.042468815262340365,0
2018-10-24,TSLA,53.79,53.79,52.69,53.45,53.45,1481746958,0.01480918929181696,0.1637274112780318,0.15218797154559183,0.029229370704703442,0.025418500046418206,0.1299733626485137,0.17716152476737576,70.8380170255098,1.086826552143883,0.48288067469428214,0.6039458774496007,0.21294498052942937,-0.020603696429355105,0
2018-10-25,TSLA,54.47,55.03,54.34,55.01,55.01,2614783691,0.02918615528531321,0.18174006444683144,0.1600590468156895,0.02945506490123371,0.02560118152439757,0.15369692648092023,0.20494155270478437,73.71951796486708,1.5124646402142545,0.6887974677982767,0.8236671724159779,1.6142447504524495,-0.08474988492731847,0
2018-10-26,TSLA,56.44,57.0,55.48,56.37,56.37,1003096904,0.02472277767678599,0.19503921984312056,0.18200880687775212,0.029688139554292697,0.025552495119947352,0.17155594351092668,0.22716437297495376,75.95055023129791,1.9371957389564045,0.9384771220299023,0.9987186169265022,-0.25581761088420024,-0.07954020252706429,0
2018-10-29,TSLA,57.14,57.32,56.85,57.32,57.32,714907418,0.016852935958843407,0.19891236143066293,0.23935135135135144,0.02826536956501143,0.025589014937279574,0.17775175162834667,0.2399322204996934,77.39419981316904,2.323669440375973,1.2155155856991164,1.1081538546768563,-0.6132137198744826,-0.09548465420064985,0
2018-10-30,TSLA,56.7,56.9,56.25,56.9,56.9,1486357762,-0.007327285415212881,0.08031137269793054,0.2241824440619622,0.028539438912405853,0.025649868392923072,0.15673917462898965,0.22341035491084213,75.24371084424378,2.5664773894610917,1.4857079464515117,1.08076944300958,0.3044390445014097,-0.11221858113831165,0
2018-10-31,TSLA,58.19,58.85,57.54,58.02,58.02,1913699549,0.019683655536028244,0.0855004677268476,0.2357827476038339,0.02861205452271712,0.02552090695968192,0.16638354759918395,0.2392007774372337,77.07318370577616,2.8168086613715246,1.7519280894355145,1.0648805719360102,0.7344185239736895,-0.11978866502859493,0
2018-11-01,TSLA,57.34,57.77,56.46,56.94,56.94,599748653,-0.018614270941054945,0.03508453008543899,0.2391730141458106,0.028458325216840382,0.02513652939210474,0.13216551011075098,0.20937938065502734,71.58001865465779,2.894682921000822,1.980479055748576,0.9142038652522457,-0.7417327636316816,-0.09538043165724637,0
2018-11-02,TSLA,56.75,56.75,56.63,56.63,56.63,518815325,-0.005444327362135515,0.004612382472946708,0.22708559046587218,0.028665092099225135,0.02516153323254072,0.11439085345455266,0.19649692406832905,70.03700580740045,2.897978333291576,2.163978911257176,0.7339994220343997,-0.7778554886629856,-0.10451718819087849,0
2018-11-05,TSLA,56.37,56.37,55.97,55.97,55.97,869399776,-0.011654600035317042,-0.023551988834612736,0.21042387543252583,0.029041672555957163,0.02486369675537726,0.09095870652099758,0.17616979546091324,66.73847214918322,2.8148852422567927,2.2941601774570994,0.5207250647996933,-0.43087411124454833,-0.09064002283398886,0
2018-11-06,TSLA,55.85,56.11,55.85,56.11,56.11,1317364939,0.0025013400035733824,-0.01388400702987691,0.2479982206405693,0.02773635159834393,0.024822135274870896,0.0819305451109696,0.17300683609401893,67.09251580278772,2.7288734445257603,2.381102830870832,0.34777061365492834,0.05560072676546548,-0.10217740518935146,0
2018-11-07,TSLA,59.51,59.51,59.49,59.49,59.49,1291221658,0.060238816610229895,0.025336091003102412,0.31092992507712647,0.02978781183443659,0.025511774544463597,0.1317093586219361,0.23539856088216063,74.2255894668968,2.9000166406678147,2.4848855928302287,0.41513104783758603,0.030718805305791706,-0.15732149974100318,0
2018-11-08,TSLA,56.74,56.97,55.89,56.8,56.8,340354894,-0.04521768364431,-0.0024587284861257164,0.23370981754995657,0.03259896830701292,0.02631456665057009,0.0695892061877993,0.17316185709318846,62.59635028417826,2.786467673079194,2.545202008880022,0.2412656641991724,-1.0789583202055695,-0.09407854421272215,0
2018-11-09,TSLA,57.25,58.67,57.25,57.81,57.81,2518586429,0.017781690140845186,0.02083701218435463,0.22142404394675697,0.03239822079135707,0.026175509278327014,0.07797160092115213,0.18768961054080519,64.82472839760891,2.746319989947608,2.585425605093539,0.16089438485406893,1.3703967498955947,-0.07151662579562501,0
2018-11-12,TSLA,55.62,55.97,55.0,55.55,55.55,544457825,-0.03909358242518601,-0.007504020010720036,0.14253393665158365,0.03395565064568233,0.02660628002535904,0.029180176007410758,0.13578665067319137,56.68655864866609,2.503283258263913,2.568997135727614,-0.06571387746370094,-0.9321688887945871,-0.06220102119704582,0
2018-11-13,TSLA,55.11,55.19,54.67,54.93,54.93,682287036,-0.01116111611161108,-0.021030119408305126,0.16872340425531918,0.03290867962962754,0.026559238429128478,0.010271925549230664,0.11838042172558647,54.6592600494506,2.234883730497323,2.502174454681556,-0.26729072418423305,-0.8188441058168275,0.0029085641300961125,1
2018-11-14,TSLA,56.58,56.69,55.91,56.47,56.47,465399802,0.02803568177680682,-0.05076483442595403,0.22947964293490086,0.03233808532452671,0.026719895698745846,0.02862555443227047,0.14449590093331038,58.61804862768242,2.121979442583367,2.4261354522619185,-0.3041560096785516,-1.0442342702651357,-0.07308684842053685,0
2018-11-15,TSLA,56.86,57.28,56.59,56.59,56.59,4037927093,0.0021250221356472476,-0.003697183098591461,0.21568206229860376,0.032389332473482524,0.02663635816089218,0.021470925352659317,0.14202877102582123,58.91904375007473,2.0189122148150673,2.3446908047725485,-0.3257785899574812,2.704737633771463,-0.0784535840054893,0
2018-11-16,TSLA,55.19,55.34,54.58,55.11,55.11,924942750,-0.02615303057077234,-0.046704722366372686,0.16832732669069328,0.03338292349260268,0.026270736628245195,-0.012321340561853003,0.10878247194176104,53.72844000540328,1.797091313118365,2.235170906441712,-0.438079593323347,-0.4672703079406389,-0.03677768272696555,0
2018-11-19,TSLA,53.69,55.07,53.11,54.16,54.16,480056782,-0.017238250771184904,-0.025022502250225065,0.13281740221710936,0.0338358939379354,0.026380272405408342,-0.03483916956250554,0.08661922850569787,50.644264875160744,1.5270368595027932,2.0935440970539285,-0.5665072375511353,-0.842095843328759,-0.011887212784046369,0
2018-11-20,TSLA,54.7,55.52,54.7,55.12,55.12,1343244952,0.017725258493352936,0.003458947751683983,0.04651604328839931,0.02567001882027614,0.0262932732304259,-0.0198710824627695,0.10213181459178264,53.5462041349194,1.3746348020033778,1.9497622380438184,-0.5751274360404406,0.09289028443108087,-0.04451773651115131,0
2018-11-21,TSLA,54.25,54.25,53.29,54.15,54.15,1268982794,-0.01759796806966618,-0.04108376128918012,0.013096351730589317,0.02587993211687836,0.026236879457930407,-0.037718246034919405,0.07908292896784669,50.32638404940635,1.1621872093528012,1.7922472323056151,-0.6300600229528139,0.024067585779351388,-0.03151639574837924,0
2018-11-22,TSLA,54.22,54.84,54.22,54.47,54.47,714693105,0.00590951061865197,-0.03746244919597108,-0.009816397018723833,0.025054352001759254,0.026054555270508175,-0.03156696980202875,0.0813833448038541,51.36537418003327,1.008022432098329,1.635402272264158,-0.6273798401658288,-0.5020951396498569,-0.04929515672004674,0
2018-11-23,TSLA,54.1,54.58,54.1,54.56,54.56,1324583659,0.0016522856618321757,-0.009980039920159611,-0.03210927798474361,0.024368375008198107,0.02604638733143496,-0.028403525954945986,0.07906412546889334,51.67154638404047,0.8829301145103727,1.4849078407134009,-0.6019777262030281,0.18002785976375615,-0.06512520346592736,0
2018-11-26,TSLA,53.63,54.02,53.63,53.7,53.7,487511688,-0.01576246334310849,-0.008493353028064865,-0.06315422191207254,0.02417668911101569,0.026166050340134625,-0.04062600493086077,0.05847916714575278,48.52777343870425,0.7062574427305179,1.3291777611168243,-0.6229203183863063,-0.7616850885788016,-0.02756451654664341,0
2018-11-27,TSLA,56.75,56.8,56.69,56.69,56.69,595105366,0.05567970204841699,0.028483309143686464,-0.0036906854130053235,0.02746229249353275,0.027005499404191738,0.01298167555638946,0.11269222842674455,58.07773946045789,0.7983086834416753,1.2230039455817945,-0.4246952621401192,-0.585124475269965,-0.07222364741107158,0
2018-11-28,TSLA,57.42,57.62,57.42,57.62,57.62,239453549,0.01640500970188752,0.06408125577100643,-0.006894174422612975,0.027349229338692542,0.02695991546415707,0.029967735304369667,0.12618980917447914,60.530669036086536,0.9355191007117654,1.1655069766077888,-0.22998787589602343,-0.8936657252364967,-0.10532194954586407,0
2018-11-29,TSLA,55.04,55.83,53.96,54.8,54.8,361448218,-0.0489413398125651,0.006058380760051385,-0.037583421145064966,0.029213153640541206,0.027828879237976032,-0.01856312627045015,0.06757406132706478,50.82043667490723,0.8074016885933304,1.0938859190048973,-0.2864842304115669,-0.7355577033341587,-0.032266845244376154,0
2018-11-30,TSLA,55.24,55.24,55.08,55.08,55.08,2366264725,0.005109489051094984,0.009530791788856297,-0.027370651598092932,0.029233667252540618,0.027474139647579943,-0.012177406337990316,0.07002013896533629,51.64980225846043,0.7201598222487604,1.01914069965367,-0.29898087740490964,1.351019108716204,-0.02910501995849323,0
2018-12-03,TSLA,54.03,54.97,54.03,54.21,54.21,2141681653,-0.015795206971677467,0.009497206703910521,-0.03144541718777916,0.029327732051129193,0.02755864643772667,-0.026243466077491073,0.05037444172821238,48.89090623556117,0.5741992737195503,0.9301524144668462,-0.3559531407472959,1.0132203881661395,0.007534722773312052,1
2018-12-04,TSLA,55.68,55.68,55.4,55.4,55.4,832108325,0.021951669433683874,-0.02275533603810198,-0.012653715915166619,0.029775643905983456,0.026208944184181796,-0.004232908844173267,0.07135950493134785,52.61897181205996,0.5482279120659612,0.8537675139866692,-0.30553960192070795,-0.32940231155632477,0.0021637224453109672,1
2018-12-05,TSLA,54.5,54.99,53.48,54.34,54.34,2169491983,-0.019133574007220155,-0.056924678930926675,-0.08656917128929231,0.02639085864540349,0.026286924106614554,-0.018743905522048535,0.04946358389689491,49.17786154238292,0.4370739630545657,0.7704288038002485,-0.3333548407456828,0.991772995843675,0.001103549863695242,1
2018-12-06,TSLA,54.36,54.78,54.21,54.21,54.21,726649868,-0.0023923444976077235,-0.010766423357664201,-0.045598591549295686,0.024560327348072963,0.026128649403424402,-0.018796890413314248,0.04525720088566956,48.756734612308705,0.3346362655321897,0.6832702961466368,-0.3486340306144471,-0.49865929492903355,-0.010011207083509348,0
2018-12-07,TSLA,54.99,55.43,54.93,54.93,54.93,691209706,0.013281682346430568,-0.002723311546840912,-0.04981837052413085,0.024389151875445155,0.025910626715983976,-0.0031667105227339834,0.05675259715275112,51.24685224331044,0.30800118894876505,0.6082164747070625,-0.3002152857582975,-0.4622755817059478,-0.004013139278794428,0
2018-12-10,TSLA,55.61,56.16,55.61,56.16,56.16,827489014,0.022392135445111983,0.03597122302158273,0.010981098109811072,0.023356464582094595,0.0260057529450269,0.01859073184002886,0.0777684665724173,55.2477312868429,0.381742924515045,0.5629217646686591,-0.18117884015361407,-0.3331268995600716,-0.010381335403197946,0
2018-12-11,TSLA,54.74,54.74,54.19,54.52,54.52,742138946,-0.029202279202279136,-0.01588447653429592,-0.007464045148370624,0.02417689724995519,0.026313514839713028,-0.010786635096027297,0.04420106424747747,49.42384712566316,0.30434123101836974,0.5112056579386012,-0.20686442692023144,-0.42980988780661805,0.0192558174860256,1
2018-12-12,TSLA,53.96,54.1,53.31,54.1,54.1,703010373,-0.007703595011005149,-0.004416635995583396,-0.041969187179033085,0.023292691825989253,0.026257083881506563,-0.016292093970470465,0.03452232222533854,48.02754689458383,0.20672632892247833,0.45030979213537664,-0.2435834632128983,-0.4893995006034571,0.03040190454902643,1
2018-12-13,TSLA,53.96,53.96,53.18,53.48,53.48,1588472761,-0.011460258780037091,-0.013466150156797752,-0.05495670613182557,0.02336758165967668,0.026276496147606198,-0.024808307728777124,0.021455402050041275,45.963213995093355,0.07843287196504178,0.3759344081013097,-0.2975015361362679,0.9055998933494783,0.07438841151054941,1
2018-12-14,TSLA,52.98,53.1,52.64,52.64,52.64,875303632,-0.015706806282722474,-0.04168942290187505,-0.04481945200508075,0.022925120300057184,0.026368338441137663,-0.03795895242794753,0.004468332087712886,43.250801306857134,-0.0899843136507883,0.2827506637508901,-0.3727349774016784,-0.2392965662529733,0.07588396687227932,1
2018-12-17,TSLA,55.14,55.94,55.04,55.04,55.04,1226571920,0.045592705167173175,-0.019943019943019946,0.01624815361890697,0.024948720886044648,0.02681854703423917,0.005094866784755508,0.04814137720901901,51.97166584417764,-0.029456646385121132,0.22030920172368784,-0.24976584810880897,0.2713997364901778,0.04546237407675741,1
2018-12-18,TSLA,55.36,56.4,54.98,55.63,55.63,1485219359,0.010719476744186052,0.020359501100513544,0.009252539912917301,0.02475141505533936,0.026344476392501055,0.01539612860832502,0.056446354756825634,53.84926915830723,0.06536653049123231,0.18932066747719675,-0.12395413698596444,0.6796384556614037,0.030275836368022023,1
2018-12-19,TSLA,53.61,54.65,52.94,53.93,53.93,1009692309,-0.03055905087183175,-0.0031423290203327348,-0.00406278855032316,0.02541779819462194,0.02664528010066413,-0.01543573312886238,0.02172402904957376,48.02363817997764,0.0033007399471642884,0.15211668197119027,-0.14881594202402598,-0.07474098900906773,0.056241166958948985,1
2018-12-20,TSLA,55.03,56.03,55.0,55.21,55.21,446896331,0.023734470610050185,0.03234854151084532,0.013585459886175988,0.02593931243405653,0.02666485208036586,0.007251995438996595,0.04340759546300697,52.215402187197384,0.05674434291181285,0.1330422141593148,-0.07629787124750195,-0.9563145766187515,0.060784426641815194,1
2018-12-21,TSLA,58.22,58.61,58.13,58.25,58.25,355231577,0.05506248867958696,0.10657294832826736,0.06763196480938416,0.028621434736585002,0.02750164034709968,0.05914868083713657,0.09721066758754932,60.38653198916199,0.340476574944951,0.17452908631644204,0.16594748862850894,-1.0025063144994006,0.02826624676315411,1
2018-12-24,TSLA,59.56,59.8,59.56,59.8,59.8,874592289,0.026609442060085753,0.08648255813953476,0.11359404096834247,0.0286759712294963,0.027291788688326407,0.08133521391631401,0.12163556222451452,63.78673362242213,0.6825405564530271,0.27613138034375906,0.4064091761092681,-0.22082602281978764,0.022814677766171482,1
2018-12-25,TSLA,57.62,58.47,57.6,57.6,57.6,721791025,-0.03678929765886285,0.03541254718676967,0.01605221379431998,0.027643367337379834,0.027811068390039488,0.04069741180721799,0.07662880605105273,56.388500401645615,0.7672625869057512,0.37435762165615755,0.3929049652495937,-0.47781670397723036,0.0934144446394257,1
2018-12-26,TSLA,56.55,57.74,55.81,56.93,56.93,842964039,-0.011631944444444486,0.05562766549230491,-0.011975008677542531,0.027540218218895168,0.02787109725522146,0.02923363404624586,0.06080745341614911,54.32211589290036,0.7714492194609548,0.453775941217117,0.3176732782438378,-0.34591415427709626,0.10622085159304463,1
2018-12-27,TSLA,59.36,59.36,58.44,58.79,58.79,792234170,0.03267170209028625,0.06484332548451355,0.07281021897810214,0.025944922536419095,0.027924965581101115,0.059040756586354354,0.09111493300008668,58.83235382719498,0.9143139689619204,0.5458835467660778,0.36843042219584266,-0.48207235804100673,0.09160759073638755,1
2018-12-28,TSLA,57.34,57.79,56.82,57.79,57.79,3769258731,-0.01700969552645004,-0.007896995708154497,0.04920116194626001,0.02635603175865483,0.028062631027332374,0.03849194939620464,0.06870746621954829,55.65081835776816,0.9360534283263604,0.6239175230781343,0.3121359052482261,3.3270786175866673,0.10144213763606696,1
2018-12-31,TSLA,58.97,58.97,58.46,58.46,58.46,360089887,0.011593701332410555,-0.02240802675585274,0.07839881940601368,0.026052533171613077,0.028077505557164883,0.0465355662767074,0.07704117665121145,57.3163082667118,0.9958657861950613,0.6983071757015198,0.2975586104935415,-0.8969886265256762,0.09847749086105043,1
2019-01-01,TSLA,60.13,60.13,59.21,59.64,59.64,242383620,0.02018474170372908,0.03541666666666665,0.07653429602888084,0.02599173913875081,0.02783241425274699,0.06362298809576879,0.09385030170753622,60.15441357631281,1.1255094764204472,0.7837476358453053,0.3417618405751419,-0.9859641000495946,0.0758550319143426,1
2019-01-02,TSLA,58.33,59.52,57.8,58.3,58.3,976442184,-0.0224681421864521,0.02406464078693138,0.0728744939271253,0.026158191331375768,0.028052257443896316,0.036066855634835415,0.06506713759400787,55.63076327560221,1.1073612624782854,0.8484703611719013,0.25889090130638404,0.018231203103585527,0.10137315990056144,1
2019-01-03,TSLA,58.5,58.59,57.57,58.24,58.24,638189913,-0.0010291595197254866,-0.009355332539547456,0.07434052757793763,0.026142852443549774,0.028030403635872725,0.03130755064456723,0.060033368724404644,55.42976344668309,1.0757367499882307,0.8939236389351672,0.18181311105306341,-0.42958890549164613,0.11778303565638346,1
2019-01-04,TSLA,53.67,53.73,53.67,53.73,53.73,966933925,-0.07743818681318693,-0.07025436926803952,-0.021845985800109324,0.03170959265002108,0.029770571384185967,-0.04754307594128913,-0.023948651185322023,42.886484253133666,0.6789285222539974,0.8509246155989333,-0.17199609334493593,-0.007149830255055194,0.17849888652897106,1
2019-01-07,TSLA,52.54,53.48,52.4,52.4,52.4,1135489660,-0.024753396612693046,-0.1036606226479645,-0.0669515669515669,0.03166104813086539,0.029796138255086552,-0.06801365964712587,-0.049197382268620055,40.01102311090287,0.2542049418667318,0.7315806808524931,-0.47737573898576124,0.19900945716128138,0.25632728817055755,1
2019-01-08,TSLA,51.93,52.1,51.93,52.1,52.1,1728401477,-0.005725190839694583,-0.12642521797451378,-0.04438738077769633,0.031067284498261623,0.029457776275472428,-0.07135090815107915,-0.05609672140057613,39.36980668738124,-0.1053842443838775,0.564187695805219,-0.6695719401890965,0.9118085312986778,0.23739847120332233,1
2019-01-09,TSLA,50.32,50.54,50.14,50.52,50.52,323809036,-0.030326295585412666,-0.13344768439108057,-0.06617375231053602,0.031698759016546736,0.02958203066822593,-0.09663114226450176,-0.0859885959648651,36.089417520984725,-0.5119525898009272,0.34895963868398977,-0.8609122284849169,-0.8995219644703054,0.2383870302590618,1
2019-01-10,TSLA,52.73,52.73,52.06,52.65,52.65,572755373,0.042161520190023616,-0.0959821428571429,-0.015519820493642422,0.03317324568365349,0.02999910987306457,-0.05784458461951431,-0.049201347190493926,42.98623889656577,-0.6547402953008827,0.14821965188701527,-0.802959947187898,-0.5152189800222363,0.22644294562649553,1
2019-01-11,TSLA,50.82,51.26,50.03,50.83,50.83,1034575211,-0.03456790123456788,-0.05397357156151128,-0.034384498480243164,0.03389584443984069,0.030341263163219463,-0.08893748207628328,-0.08307853270918465,39.10325507369641,-0.9043347620566777,-0.06229123090172332,-0.8420435311549544,0.07760200347474037,0.2818615065195957,1
2019-01-14,TSLA,50.37,51.25,50.29,50.29,50.29,1269994183,-0.01062364745229194,-0.04026717557251902,-0.08630087209302328,0.032094474779202006,0.030341549562068786,-0.09476280049320934,-0.09349548309955218,38.00627559885399,-1.132657096272112,-0.2763644039758011,-0.856292692296311,0.3819237782727168,0.3087354816496134,1
2019-01-15,TSLA,50.27,50.48,49.53,50.48,50.48,2982625322,0.0037780870948498357,-0.03109404990403075,-0.09257594822937276,0.03196408300055424,0.027336645195929102,-0.08711141653254258,-0.08947156402378542,38.65833279301551,-1.2834776476229806,-0.477787052705237,-0.8056905949177435,2.1867471103495917,0.32118734910741614,1
2019-01-16,TSLA,52.22,53.0,52.22,52.36,52.36,1419289714,0.03724247226624411,0.03642121931908138,-0.029111811607639537,0.032627377228845,0.027698366849640634,-0.051767070818656905,-0.055251659233820576,44.84058279259711,-1.2370438613865034,-0.6296384144414903,-0.6074054469450131,0.3909755101475021,0.2847652941388759,1
2019-01-17,TSLA,50.12,50.64,50.12,50.54,50.54,773106090,-0.03475935828877008,-0.04007597340930669,-0.08458612570186563,0.032917077485271604,0.027787755435372444,-0.08084022915340548,-0.08686304150129791,40.577049358277236,-1.3317519335785946,-0.7700611182689112,-0.5616908153096833,-0.36007822895585884,0.2982121111954184,1
2019-01-18,TSLA,51.59,52.95,51.59,52.06,52.06,468824261,0.03007518796992481,0.024198308085776166,-0.10626609442060087,0.030978872679029074,0.027880272490832858,-0.04783678247112504,-0.05817792585668847,45.25841611655249,-1.2695231931754876,-0.8699535332502265,-0.39956965992526106,-0.7171826110844971,0.2709270439121416,1
2019-01-21,TSLA,51.84,52.52,51.84,52.1,52.1,570159148,0.0007683442182098155,0.03599125074567522,-0.12876254180601998,0.030111721782658616,0.02778342838060166,-0.04034775881599899,-0.05596844772342231,45.380362340113386,-1.2031100980656362,-0.9365848462133085,-0.26652525185232767,-0.5791920366952831,0.25376397420992547,1
2019-01-22,TSLA,50.42,51.35,50.42,50.86,50.86,560521582,-0.023800383877159326,0.007527733755942956,-0.11701388888888897,0.02955749795232094,0.027925927610878594,-0.05733641005680816,-0.07675272063873366,42.23904733878729,-1.236283768870564,-0.9965246307447596,-0.2397591381258043,-0.578232181906585,0.30270821134936515,1
2019-01-23,TSLA,51.07,51.47,50.82,51.47,51.47,1185155915,0.011993708218639432,-0.016997708174178783,-0.09590725452309856,0.029782682049115723,0.02784465681320343,-0.04117882657575861,-0.0638243693046436,44.28233390042518,-1.1995248640155012,-1.037124677398908,-0.16240018661659317,0.10955157468716659,0.28758492376564065,1
2019-01-24,TSLA,52.08,53.1,51.64,51.76,51.76,933263804,0.00563435010685831,0.024139295607439548,-0.11957815955094409,0.02859157020245637,0.027769587191172604,-0.029421140467662917,-0.05706894667168654,45.27349778487481,-1.1339214500804502,-1.0564840319352164,-0.07743741814523375,-0.18437982192415933,0.26179936828930334,1
2019-01-25,TSLA,50.54,51.74,50.54,51.01,51.01,361513613,-0.014489953632148334,-0.020169035728006213,-0.11732133587125804,0.02854580232948805,0.027817484412747808,-0.03736554066805052,-0.06914359751090352,43.13630620310082,-1.1294296420107628,-1.0710731539503258,-0.05835648806043703,-0.8952795406979267,0.2687827813883928,1
2019-01-28,TSLA,51.29,51.29,50.36,51.12,51.12,615816211,0.0021564399137423695,-0.018809980806142157,-0.125555935682518,0.02831977753840008,0.027787977347716968,-0.02856165554985476,-0.06575817294073567,43.55715338148178,-1.104264497317864,-1.0777114226238333,-0.026553074694030565,-0.519559025880721,0.27750724457005466,1
2019-01-29,TSLA,50.43,51.18,50.36,50.66,50.66,1354270177,-0.008998435054773046,-0.003932363350373613,-0.15057008718980558,0.027626724228937152,0.02780216586271424,-0.029018284969525108,-0.0726254256111106,42.152207781673894,-1.108659161762823,-1.0839009704516314,-0.024758191311191613,0.5971792077731662,0.27296715193942406,1
2019-01-30,TSLA,51.2,51.2,50.83,50.83,50.83,987806526,0.003355704697986628,-0.012434427822032301,-0.1281303602058319,0.027506257860404174,0.026611770165488654,-0.018735340392467277,-0.06704843712717727,42.88540847569529,-1.0859067289289541,-1.084302122147096,-0.0016046067818580312,-0.010460849261292721,0.24943275434919368,1
2019-01-31,TSLA,51.69,52.52,51.69,51.7,51.7,1125155144,0.017115876450914946,-0.0011591962905718178,-0.11229395604395598,0.027990055661063017,0.02611883879920016,0.004400322496041681,-0.04959741166954656,46.61459121948443,-0.9863040339288744,-1.0647025045034517,0.07839847057457727,0.17818748411439334,0.23918441868849774,1
2019-02-01,TSLA,53.61,53.82,53.04,53.82,53.82,1006508276,0.041005802707930306,0.05508723779651059,0.0016750418760469454,0.024263775193713255,0.026573489254709478,0.04549516298224496,-0.009414428094199461,54.42378404727488,-0.7279109932999859,-0.9973442022627587,0.2694332089627728,-0.023294280643203387,0.20552360155888083,1
2019-02-04,TSLA,52.22,52.59,51.63,52.2,52.2,2122495679,-0.030100334448160515,0.021126760563380476,-0.003816793893129722,0.024582436712228067,0.026378730704465954,0.014222429470739087,-0.03824304322993109,48.57626637990573,-0.6464017906044219,-0.9271557199310914,0.2807539293266694,1.6263310894117329,0.22390954139379227,1
2019-02-05,TSLA,54.96,55.5,54.57,55.09,55.09,921603677,0.05536398467432946,0.08744571654165045,0.05738963531669872,0.027449325418446278,0.02731284107447805,0.06727369593645588,0.014953787576381146,57.37490833939765,-0.3446335914485914,-0.8106512942345914,0.46601770278599997,-0.17148835406166776,0.1587816951537502,1
2019-02-06,TSLA,52.56,52.56,51.7,52.49,52.49,634524413,-0.04719549827554914,0.03265787920519392,0.03899445764053833,0.02875998422912144,0.027746763514859864,0.014966354706473976,-0.03176418505128006,49.216217739443586,-0.3116854742587094,-0.710858130239415,0.3991726559807056,-0.6682244797422273,0.2133029496282311,1
2019-02-07,TSLA,51.91,52.32,51.91,52.32,52.32,461755909,-0.003238712135644972,0.011992263056092689,-0.0062678062678062085,0.027197911238761762,0.02774569470774835,0.01200205030996431,-0.03363142421770382,48.7283073770764,-0.295880704673948,-0.6278626451263216,0.3319819404523736,-0.9328934843953001,0.18098274048993176,1
2019-02-08,TSLA,53.65,53.65,53.12,53.12,53.12,929135995,0.015290519877675823,-0.013006317354143482,0.04505213456620094,0.026122988159790552,0.027622663851937478,0.025205542903462334,-0.018253728676774137,51.1810177992151,-0.21630852674088175,-0.5455518214492336,0.3292432947083519,-0.16949083843061558,0.13108110396101508,1
2019-02-11,TSLA,53.44,53.7,53.44,53.52,53.52,184946581,0.0075301204819278045,0.025287356321838983,0.06422748061244787,0.02595679752255597,0.02754926066445279,0.029715923848736548,-0.010666025842467996,52.406951084709796,-0.11959176594726983,-0.4603598103488409,0.34076804440157105,-1.2325448007272226,0.10608894983678767,1
2019-02-12,TSLA,52.56,52.72,51.96,52.72,52.72,716168905,-0.014947683109118204,-0.04302051188963518,0.044374009508716394,0.02627954608763229,0.027519388342923362,0.012143028557715388,-0.024733152043213705,49.71786170798811,-0.10627132069931378,-0.3895421124189355,0.2832707917196217,-0.34061088830527336,0.11626443247919346,1
2019-02-13,TSLA,52.69,53.12,52.47,52.47,52.47,706968086,-0.00474203338391499,-0.0003810249571347679,0.0021008403361344463,0.02500416605263345,0.02743288041691395,0.007237056802257548,-0.02885487423420751,48.87388987264335,-0.114567025183689,-0.3345470949718862,0.21998006978819723,-0.29313658100247936,0.12925793286028062,1
2019-02-14,TSLA,51.71,51.85,51.66,51.85,51.85,352766699,-0.011816275967219347,-0.008983180428134507,0.02592006331618535,0.023803643312203675,0.027461899929041106,-0.005914663956977332,-0.039553952925485844,46.75419915304505,-0.16921959108815798,-0.3014815941951406,0.1322620031069826,-1.0478381003286037,0.17845681768406577,1
2019-02-15,TSLA,51.46,51.46,50.75,51.12,51.12,458302725,-0.01407907425265198,-0.03765060240963858,-0.018056089127929442,0.02305437912178307,0.027516531448686047,-0.019026510463141574,-0.05206942590120173,44.31704903574592,-0.2683437428242712,-0.2948540239209667,0.02651028109669551,-0.8039503570621276,0.21465693743689115,1
2019-02-18,TSLA,52.19,52.75,52.07,52.24,52.24,1300213759,0.021909233176838905,-0.02391629297458897,0.0026871401151631336,0.02360146418802421,0.02759696942842127,0.002331225956234439,-0.0308637012942842,48.73258029793044,-0.2536023375710954,-0.28660368665099245,0.03300134907989705,1.0182582704026208,0.18950599816166988,1
2019-02-19,TSLA,52.97,52.97,52.0,52.74,52.74,918660371,0.009571209800918856,0.00037936267071336793,0.0369642154935117,0.02297194874255604,0.026643327295495366,0.010102944697151131,-0.020391484303169713,50.61531728196943,-0.1992767085257725,-0.2691382910259485,0.06986158250017599,0.12421954606427833,0.17998030220470498,1
2019-02-20,TSLA,51.45,52.76,51.45,51.86,51.86,850277224,-0.016685627607129327,-0.01162569087097387,0.007577229454050816,0.023213464867670584,0.026622517461971598,-0.007122070761219309,-0.03501617299992866,47.32146778110512,-0.2246423643047848,-0.26023910568171577,0.035596741376930974,0.007291387077350615,0.17227641491596107,1
2019-02-21,TSLA,53.43,53.75,53.06,53.06,53.06,961310985,0.02313922097956045,0.023336547733847635,0.02511591962905735,0.023736120833419035,0.026061452776800016,0.014589747021817659,-0.01215414069263398,51.91662127364034,-0.14622921866948246,-0.2374371282792691,0.09120790960978664,0.25929254344231767,0.14940084631688566,1
2019-02-22,TSLA,53.75,53.79,52.84,53.5,53.5,845616540,0.008292499057670488,0.04655712050078242,0.04881395804744182,0.02347321369122806,0.026075685597252273,0.02057361960264392,-0.003473871457442658,53.51769070945662,-0.04802827301595869,-0.19955535722660703,0.15152708421064834,-0.06456537579633084,0.13430212357248825,1
2019-02-25,TSLA,54.31,55.14,53.7,54.62,54.62,1686156537,0.020934579439252365,0.04555895865237347,0.06846635367762133,0.023825497149524883,0.026133241557539315,0.038472141682431175,0.017258505090638112,57.40561313092007,0.11880184990934595,-0.13588391579941644,0.2546857657087624,1.6804725186494938,0.12220791144940112,1
2019-02-26,TSLA,55.12,56.53,54.64,55.52,55.52,861389644,0.016477480776272424,0.05271141448615846,0.09593367548361642,0.02379832053785887,0.026066416567162947,0.050729094711342876,0.03398184820530646,60.28063628874988,0.319950215735048,-0.04471708949252355,0.36466730522757157,-0.0911646946808034,0.08573474592027386,1
2019-02-27,TSLA,54.2,54.4,53.54,54.4,54.4,333472890,-0.02017291066282434,0.04897801774006938,0.07023411371237454,0.024449195823512033,0.026079939789359793,0.026066618884152376,0.01310455710818237,55.28008511806264,0.3845542035958118,0.041137169125143536,0.3434170344706683,-1.168611330731079,0.11957880791269976,1
2019-02-28,TSLA,54.18,54.18,53.47,53.67,53.67,2127211872,-0.01341911764705872,0.011496419148134152,0.038104448742746655,0.024519485314745924,0.026138405022774248,0.010420490807941163,-0.00032285703642062245,52.23836570087645,0.37255386128050816,0.10742050755621646,0.2651333537242917,2.2547887471405974,0.1718012231374652,1
2019-03-01,TSLA,54.45,54.71,54.45,54.71,54.71,998938886,0.0193776784050681,0.02261682242990659,0.016536603493125135,0.023154836520425517,0.026202004202636284,0.029137901845337738,0.01911816753699139,55.95651863883833,0.44186921859722617,0.17431024976441842,0.2675589688328077,0.14995199788592287,0.15040971720358196,1
2019-03-04,TSLA,55.53,56.49,54.76,55.58,55.58,561682758,0.015902028879546615,0.017575979494690586,0.0647509578544061,0.022158472868750407,0.026122412718877254,0.042190136883555225,0.0355106755598615,58.84296037908616,0.5605422852288697,0.2515566568573087,0.308985628371561,-0.6069858588552479,0.14511392937335493,1
2019-03-05,TSLA,55.06,55.59,54.34,55.58,55.58,377076623,0.0,0.0010806916426511215,0.008894536213468696,0.018473582352952485,0.025836485996817374,0.041711570720370426,0.0351699518857674,58.842960379086165,0.6471318128151609,0.33067168804887914,0.3164601247662817,-0.9274338974042183,0.1628517276587637,1
2019-03-06,TSLA,55.65,56.03,55.65,55.77,55.77,1014385180,0.0034184958618208583,0.025183823529411953,0.062488092970089504,0.014652089973801234,0.02581542513665641,0.04206956472995333,0.03817049674699131,59.514975854020285,0.7227545844247558,0.4090882673240545,0.3136663171007013,0.386993525859005,0.1499151800604035,1
2019-03-07,TSLA,57.69,58.62,57.61,57.61,57.61,745597745,0.03299264837726379,0.07341158934227687,0.10110856269113144,0.01600009805745186,0.026092955770771052,0.07115631333320935,0.07105010380193982,65.40593078870468,0.9205473019602053,0.5113800742512847,0.40916722770892056,-0.21800440215473788,0.12360991919215615,1
2019-03-08,TSLA,57.3,57.74,56.01,56.79,56.79,2056945745,-0.014233639993056713,0.03801864375799657,0.06908885542168686,0.016353788830163585,0.026077105418333222,0.0523194945012184,0.054449241052778256,61.13647606163678,0.9996094333402752,0.6090259460690829,0.3905834872711923,2.1515821917575146,0.13871252386347185,1
2019-03-11,TSLA,57.62,57.77,57.19,57.6,57.6,649982262,0.014263074484944571,0.03634400863620013,0.07623318385650224,0.016510264971551083,0.025488316983328613,0.06330936579872803,0.06864233567614195,63.65993820326158,1.114776522788027,0.7101760614128718,0.40460046137515526,-0.5381562542576138,0.12745830117980186,1
2019-03-12,TSLA,57.7,57.7,57.34,57.34,57.34,483988413,-0.004513888888888817,0.03166606693055063,0.0876327769347498,0.0160446751130391,0.02546651854382226,0.054015054731946816,0.06325640043019802,62.262432111418626,1.1715624017252892,0.8024533294753553,0.36910907224993394,-0.826795599857942,0.11316050135073302,1
2019-03-13,TSLA,57.11,57.95,56.45,57.05,57.05,1369179826,-0.005057551447506192,0.022951407566792037,0.08728797408042688,0.01605421773841833,0.025144627166186418,0.044288446929828564,0.05685986340788663,60.66280298333853,1.1795677211009163,0.8778762078004676,0.30169151330044874,0.7985383581987907,0.11932046456122719,1
2019-03-14,TSLA,58.13,59.39,57.81,58.67,58.67,1393618077,0.028396143733567136,0.018399583405658726,0.13153326904532303,0.016441045344711257,0.025222361874138732,0.06728031798295472,0.08571076087962251,65.92881831217014,1.3016280970094485,0.9626265856422638,0.3390015113671847,0.7614387171149208,0.10430319875651639,1
2019-03-15,TSLA,59.7,59.92,59.7,59.92,59.92,885081970,0.021305607635929702,0.05511533720725481,0.1721439749608764,0.016028421915772875,0.024365359624306103,0.08136397679182115,0.10827165479335507,69.3394747935717,1.4821411767439514,1.0665295038626015,0.4156116728813499,-0.27060871385774926,0.12000575273063527,1
2019-03-18,TSLA,61.28,61.28,61.18,61.18,61.18,1200272232,0.02102803738317749,0.062152777777777724,0.17113323124042878,0.015989613759866576,0.0242755056164549,0.09526750628821026,0.13109525937110025,72.3446834600411,1.7071911260887092,1.1946618283078232,0.512529297780886,0.36847351991824484,0.12361395596717663,1
2019-03-19,TSLA,63.81,64.16,63.24,63.24,63.24,782017539,0.03367113435763325,0.10289501220788266,0.19908987485779295,0.01698720394545694,0.024136464807195005,0.12160472478650662,0.16715215980362913,76.41487289282166,2.0283876262751903,1.3614069879012967,0.6669806383738937,-0.4522952387476976,0.1447545461510291,1
2019-03-20,TSLA,63.76,63.79,63.31,63.31,63.31,920400132,0.00110689437065159,0.10972830850131476,0.22078673351330513,0.015994004394257702,0.024071836832899828,0.11155980054779126,0.16615551810202706,76.54121757260636,2.262505822987954,1.5416267549186282,0.720879068069326,-0.184121733920973,0.12500517754810128,1
2019-03-21,TSLA,64.08,65.08,64.08,64.43,64.43,1609186372,0.01769072816300743,0.0981762399863646,0.2142857142857144,0.015806334290929647,0.023825355873858218,0.12004450277707751,0.18473434037897526,78.52358933886286,2.509492947785837,1.73519999349207,0.7742929542937671,1.087844390963311,0.1297994647976582,1
2019-03-22,TSLA,63.6,65.48,63.29,63.96,63.96,1164073117,-0.00729473847586537,0.06742323097463276,0.1955140186915889,0.01626596205825703,0.023728110584048577,0.10185623842542747,0.17387234719409775,75.63512068299099,2.6369102911712403,1.9155420530279044,0.721368238143336,0.19931744300977705,0.14215188403580584,1
2019-03-25,TSLA,64.13,64.86,63.56,64.51,64.51,722649832,0.008599124452782991,0.0544295521412228,0.18106920541926042,0.01602543586090271,0.02371066980368305,0.10194390352225771,0.18177960021128292,76.71456771327482,2.7505630782547144,2.0825462580732665,0.6680168201814478,-0.5801030110364293,0.18886240879012922,1
2019-03-26,TSLA,64.88,64.88,63.3,64.34,64.34,1800657166,-0.0026352503487832024,0.017394054395951875,0.15886167146974062,0.016092956275540894,0.023595485224127702,0.0908227794449248,0.1769763379096507,75.59968805887485,2.794700582912661,2.2249771230411457,0.5697234598715153,1.4015391428360062,0.17180117436159462,1
2019-03-27,TSLA,64.98,64.98,63.71,64.52,64.52,193557808,0.002797637550512766,0.01911230453324908,0.1860294117647059,0.014778445219811963,0.023384258774773035,0.08457025668611003,0.17803508665155257,75.99744330749455,2.8117917836228656,2.3423400551574898,0.46945172846537586,-1.592653112448288,0.14851085760862928,1
2019-03-28,TSLA,65.88,65.88,65.52,65.52,65.52,2740055429,0.015499070055796649,0.016917584975942646,0.2207937395192845,0.01389160053524126,0.023445700854556294,0.0905187120827541,0.19364917426512787,78.13036205783203,2.8729111940525414,2.4484542829365004,0.424456911116041,2.6902851913186883,0.11859670535139691,1
2019-03-29,TSLA,64.09,64.24,64.09,64.23,64.23,287411212,-0.01968864468864462,0.004221388367729784,0.17400840796929273,0.015205188849832019,0.021196957340977023,0.0606448416793956,0.16642907083382524,69.5450264233799,2.7851510604113727,2.5157936384314747,0.269357421979898,-1.1864937604387948,0.08588198343174698,1
2019-04-01,TSLA,67.71,68.38,67.71,67.71,67.71,549074287,0.05418028958430621,0.049604712447682386,0.2182439726520331,0.01832060215400335,0.021871411355482505,0.10702373945458087,0.22395488123787374,76.91468622131671,2.9622603453317,2.60508697981152,0.35717336552017986,-0.7766485337407262,0.020465558605749078,1
2019-04-02,TSLA,66.01,66.32,65.97,66.06,66.06,780503263,-0.024368630926007828,0.026732981038234405,0.18855703490464193,0.019778341052851835,0.022150018960099715,0.07087277914667357,0.18912756510260428,68.45622186890661,2.935639296818202,2.6711974432128565,0.26444185360534567,-0.45878104850118984,0.026588571521004026,1
2019-04-03,TSLA,63.8,65.18,63.23,64.12,64.12,732600871,-0.0293672419013018,-0.0061996280223185485,0.14972207279899585,0.021533690940104145,0.022125009913880805,0.032436740707344966,0.14951595553962013,60.08902686779748,2.726569936338187,2.682271941837923,0.04429799450026417,-0.509250192415235,0.06066131704422445,1
2019-04-04,TSLA,66.04,66.04,65.12,66.03,66.03,1463134112,0.02978789769182777,0.007783882783882756,0.14615518139211936,0.021342883429131692,0.021820945517954035,0.0560322423292522,0.17904397978679715,64.66784516515841,2.684061805633469,2.6826299145970323,0.0014318910364368165,0.5918129884653165,0.04036755234020069,1
2019-04-05,TSLA,66.75,67.81,66.75,67.38,67.38,424022903,0.020445252158109772,0.04904250350303574,0.1864764923402007,0.020926672864792144,0.021322392619180442,0.0685739659984774,0.1972529636660319,67.50547877588184,2.727862423393205,2.691676416356267,0.03618600703693797,-0.964356191299987,0.06742837532167575,1
2019-04-08,TSLA,67.97,68.8,67.97,68.48,68.48,935376883,0.016325319085782164,0.011372027765470527,0.18888888888888888,0.02096010205458102,0.021272961036480274,0.07672955974842771,0.21027888727863991,69.64473968890451,2.8188416831947833,2.71710946972397,0.10173221347081318,-0.14421066614728134,0.07549427714390193,1
2019-04-09,TSLA,70.13,70.13,69.6,69.6,69.6,565416248,0.01635514018691575,0.053587647593096976,0.21381234740146482,0.020776069549251628,0.021318821765110633,0.083892669708626,0.22318426263312666,71.68848487198449,2.9473429074473643,2.763156157268649,0.1841867501787151,-0.7726430793405001,0.04536339088944986,1
2019-04-10,TSLA,69.96,70.11,69.61,69.61,69.61,954868877,0.0001436781609196469,0.08562071116656256,0.22015775635407553,0.020610367031531712,0.020919488437399072,0.07354914328896825,0.2172098540199167,71.70680132999613,3.015230272232749,2.8135709802614692,0.20165929197127985,-0.08521549906054396,0.023286583968184737,1
2019-04-11,TSLA,67.99,68.1,67.99,68.1,68.1,769411614,-0.021692285591150773,0.03134938664243525,0.16072950400545416,0.021313968846604324,0.02056384976032881,0.042679425837320484,0.18474274033373442,64.88094446918386,2.913600939546285,2.8335769721184327,0.08002396742785223,-0.34941435441425667,0.05804723392871526,1
2019-04-12,TSLA,68.28,68.98,68.26,68.26,68.26,845772857,0.0023494860499266856,0.013060255268625864,0.13918558077436582,0.021097216613475654,0.020305043301527093,0.03849869541073648,0.1819742860853381,65.25832139626337,2.813536921748664,2.8295689620444793,-0.016032040295815175,-0.21549367947372833,0.023169295900124783,1
2019-04-15,TSLA,66.97,67.15,66.11,67.15,67.15,575094596,-0.01626135364781711,-0.019421728971962593,0.09758090879372361,0.021414018179306656,0.020479592211149013,0.016992790937178384,0.15772535271974955,60.40857750535562,2.6145290796365828,2.7865609855629,-0.17203190592631712,-0.6200820649046198,0.08585657792669203,1
2019-04-16,TSLA,69.17,69.17,68.76,68.84,68.84,589014659,0.025167535368577854,-0.01091954022988495,0.08855154965211898,0.02089033952891887,0.020309978212190334,0.03818543765458159,0.18076201802131464,64.70886014656703,2.563630866248076,2.741974961699935,-0.17834409545185936,-0.5759155957599368,0.09088966888027186,1
2019-04-17,TSLA,69.01,69.01,68.62,68.62,68.62,950371490,-0.0031958163858222255,-0.014222094526648354,0.0838730058442585,0.020948729533221157,0.02031928095903341,0.030740459792560237,0.17124626269120374,63.73831193871385,2.476988324519212,2.6889776342637908,-0.21198930974457886,0.029896027651188515,0.08288600378044361,1
2019-04-18,TSLA,67.6,67.96,66.61,67.25,67.25,1409117281,-0.019965024774118434,-0.012481644640234824,0.043768430855191554,0.02136443124766277,0.020573050575683895,0.008026740813466323,0.1428263923505688,57.91308764578226,2.2715904547940937,2.6055001983698514,-0.33390974357575764,0.8336052024308411,0.06072083411331507,1
2019-04-19,TSLA,67.04,68.1,66.74,66.74,66.74,558649263,-0.007583643122676675,-0.02226779958980385,0.043464665415884784,0.021371398597562808,0.020483674184242903,-0.0016977420778271314,0.12912912912912902,55.86619311653391,2.0440953664932806,2.493219231994537,-0.4491238655012566,-0.5693070037040797,0.10258471583358098,1
2019-04-22,TSLA,67.07,67.91,66.68,67.47,67.47,474959204,0.01093796823494153,0.004765450483990907,0.04588435901410626,0.021413780791850565,0.020496597891609656,0.0069923807675946305,0.1362411586392724,58.146473092517574,1.9007975580924494,2.37473489721412,-0.4739373391216706,-0.6835486495489786,0.08940463752919567,1
2019-04-23,TSLA,66.34,67.14,66.34,66.56,66.56,1155820246,-0.01348747591522148,-0.03312027890761182,0.03450419645632574,0.021685498522780063,0.020556078831935727,-0.008232445520581038,0.11593595439684813,54.374932960331925,1.6942730921591078,2.2386425362031175,-0.5443694440440097,0.5539716231031261,0.13446995444139803,1
2019-04-24,TSLA,65.2,65.5,64.25,65.23,65.23,784453350,-0.019981971153846145,-0.04940250655785483,0.011004339739615787,0.022228347432982215,0.02080254429763741,-0.028563769583606246,0.08925440427486026,49.337940458265386,1.4070613528420068,2.0723262995308955,-0.6652649466888887,-0.17349937569845494,0.1152759351592613,1
2019-04-25,TSLA,65.44,66.5,65.44,65.67,65.67,1316574178,0.006745362563237656,-0.02349442379182154,0.0022893772893772812,0.022008361957064862,0.02073789299189168,-0.022120302879138534,0.09235473666992874,50.9565399191176,1.2011027382449413,1.8980815872737047,-0.6969788490287634,1.5512225737081808,0.0939664752725117,1
2019-04-26,TSLA,66.44,66.44,65.42,66.1,66.1,464523019,0.006547890970001413,-0.009589451603236432,0.029114121127199022,0.02152824969765647,0.02017084909091979,-0.01708575592202116,0.0957768660118529,52.551960838713455,1.0603533651190986,1.7305359428427836,-0.670182577723685,-1.1070090841214626,0.08813278529342905,1
2019-04-29,TSLA,65.08,65.3,65.08,65.3,65.3,275015122,-0.012102874432677768,-0.03216244256706691,-0.03559297001919948,0.01779477824650649,0.019790985922326428,-0.027238803190895153,0.07861085493262109,49.33632270255893,0.8741781768852377,1.5592643896512746,-0.6850862127660369,-1.5750284907447025,0.1019703959044751,1
2019-04-30,TSLA,64.1,64.57,63.93,64.57,64.57,580962954,-0.01117917304747329,-0.029897836538461675,-0.022555252800484538,0.017141307770434114,0.01869395455413857,-0.03704476988695691,0.06377662393291458,46.53796522660762,0.6601186627204072,1.3794352442651012,-0.719316581544694,-0.6227027838389225,0.10236703548191699,1
2019-05-01,TSLA,64.84,65.31,64.13,64.97,64.97,505060324,0.006194827319188523,-0.00398589606009514,0.013256394260761084,0.015838887168994994,0.01750572460231522,-0.03169315836146456,0.0667111790959415,48.26939850042268,0.5167943292554327,1.2069070612631676,-0.6901127320077349,-0.7998848041893128,0.1122781986041045,1
2019-05-02,TSLA,63.3,63.3,62.62,62.7,62.7,762968237,-0.034939202708942574,-0.045226130653266305,-0.050431621990004505,0.016207764835219067,0.018184258222034604,-0.06320035858359485,0.026525394360932052,40.29401817684249,0.21753116965460606,1.0090318829414553,-0.7915007132868492,0.059595019199485545,0.12163878602480764,1
2019-05-03,TSLA,60.22,60.56,60.22,60.56,60.56,545870797,-0.03413078149920257,-0.08381240544629343,-0.10121697833184917,0.01673434986707161,0.018737417271668336,-0.09054047965880245,-0.010519493604703407,34.50580772576275,-0.19012550717971521,0.7692004049172212,-0.9593259120969364,-0.6881514236807094,0.15325388227818743,1
2019-05-06,TSLA,59.64,59.64,58.91,59.51,59.51,1247753000,-0.01733817701453111,-0.08866768759571209,-0.1309871495327104,0.01613903212747707,0.018895470622627693,-0.10024871296709285,-0.02925871753184976,32.07145967971181,-0.5911086527658114,0.4971385933806147,-1.088247246146426,1.523354791120068,0.17427944725787226,1
2019-05-07,TSLA,59.14,60.09,58.42,59.22,59.22,672901718,-0.0048731305662913504,-0.08285581539414577,-0.1491379310344827,0.015201996832899144,0.018787270926438022,-0.09755186943303641,-0.035693349833908684,31.41231046934061,-0.9216668591051658,0.21337750288345864,-1.1350443619886244,-0.31631104930651677,0.19248586791494662,1
2019-05-08,TSLA,59.2,59.71,59.2,59.71,59.71,875481605,0.008274231678486954,-0.08096044328151453,-0.14222094526648466,0.0155344047743188,0.01878192919719365,-0.08316890973720363,-0.02962112265571669,33.884880287822014,-1.1310595636832375,-0.05550991042988059,-1.0755496532533568,0.3453939043705536,0.20260241658699357,1
2019-05-09,TSLA,61.97,62.42,61.79,61.98,61.98,879250796,0.03801708256573422,-0.011483253588516873,-0.08986784140969162,0.01818071132857059,0.019241996928924036,-0.04382101341396645,0.0045136666045395004,43.963240251521626,-1.1011414881967312,-0.26463622598325076,-0.8365052622134804,0.33877633167997867,0.1375568388460471,1
2019-05-10,TSLA,63.62,63.62,63.36,63.36,63.36,899161351,0.022265246853823806,0.04623513870541607,-0.07178435394081462,0.01910009621305275,0.01926216333095873,-0.01882292820032374,0.02349548909224549,49.04818936872257,-0.9550673095312732,-0.4027224426928553,-0.5523448668384179,0.39289439360855055,0.07770898432731632,1
2019-05-13,TSLA,63.15,63.9,62.36,63.14,63.14,788405046,-0.00347222222222221,0.060998151571164616,-0.05971705137751315,0.018864568081687478,0.01913524019989204,-0.01918446601941747,0.01695734223121792,48.29578534905654,-0.8472876275622525,-0.49163547966673476,-0.35565214789551775,0.005135382992478982,0.11365670064748888,1
2019-05-14,TSLA,63.61,63.61,63.1,63.14,63.14,1086644575,0.0,0.06619385342789608,-0.08280069726902972,0.01769666907868609,0.019122326796033602,-0.014822905289436774,0.014126131335276898,48.29578534905654,-0.7531891573294018,-0.5439462151992682,-0.2092429421301336,0.8791563770430483,0.12238300514190838,1
2019-05-15,TSLA,61.35,61.61,61.11,61.61,61.61,496258202,-0.024231865695280352,0.031820465583654256,-0.10215680559603624,0.01825254634342929,0.019279393227359963,-0.033409424297335254,-0.013024045624209063,42.97820002970007,-0.7929332144708496,-0.5937436150535845,-0.1991895994172651,-0.9188906654243437,0.12881325160165671,1
2019-05-16,TSLA,61.1,61.85,60.52,61.61,61.61,1852219998,0.0,-0.005969667634720843,-0.08386617100371752,0.01794679600417285,0.01910149013906474,-0.029113973919552404,-0.015271994949293264,42.97820002970007,-0.8150354448298671,-0.6380019810088411,-0.17703346382102603,2.780106830652664,0.16799005792522345,1
2019-05-17,TSLA,61.73,61.73,60.99,61.19,61.19,694065968,-0.006817075150137963,-0.03424873737373735,-0.08315852562181592,0.01794004461153387,0.019125716038751697,-0.031497309275086975,-0.023984347169570683,41.52268113108171,-0.8565681273638006,-0.6817152102798331,-0.17485291708396755,-0.33394528534837636,0.17825490180841055,1
2019-05-20,TSLA,61.57,61.72,61.57,61.72,61.72,364147847,0.008661546004249177,-0.022489705416534722,-0.08522306210167485,0.017846064835779687,0.01898948956067499,-0.018642922447032736,-0.01738521301662101,44.09560445870316,-0.8370673159318258,-0.7127856314102317,-0.12428168452159416,-1.1888000694150798,0.19953589757754434,1
2019-05-21,TSLA,60.58,60.58,60.49,60.49,60.49,895456331,-0.019928710304601416,-0.041970224897054154,-0.09119591346153844,0.01807736157655594,0.019107325237125133,-0.033536244387991444,-0.038235785133383965,39.727032959858256,-0.9103693318648141,-0.7523023715011482,-0.15806696036366585,0.2604487043501835,0.2219194597184222,1
2019-05-22,TSLA,61.66,61.66,60.89,61.31,61.31,479997623,0.013555959662754136,-0.0048693393929556406,-0.06009504829066381,0.018132251662360856,0.018951163318571062,-0.01735771641049463,-0.026979844469131816,43.72941896833598,-0.8920120015346527,-0.7802442975078492,-0.11176770402680347,-0.8092369132158042,0.2604427930091992,1
2019-05-23,TSLA,63.51,63.73,63.51,63.73,63.73,1192360414,0.03947153808514092,0.03440999837688685,-0.029541647632099988,0.02038835387083608,0.019437571775471438,0.023019134454860507,0.00874254087678646,53.53565639467669,-0.674415665788402,-0.7590785711639597,0.08466290537555776,1.127696814721667,0.2661110536636095,1
2019-05-24,TSLA,63.86,63.86,63.1,63.59,63.59,3011678331,-0.002196767613368844,0.03922209511358066,-0.03797276853252629,0.020304762313380874,0.019329702695279952,0.02283237226658968,0.004174189507150974,52.96065132323087,-0.5074166487132672,-0.7087461866738213,0.20132953796055408,3.4377557917474837,0.2625215095342511,1
2019-05-27,TSLA,63.79,65.1,63.79,64.26,64.26,498970106,0.010536247837710455,0.04115359688917697,-0.015926493108728845,0.0203275878660657,0.019279901531105655,0.0344744319325162,0.012441508106149366,55.4279547201182,-0.31734714361208916,-0.6304663780614749,0.3131192344493857,-0.6928930099551136,0.27688637971238594,1
2019-05-28,TSLA,65.14,65.74,64.6,65.41,65.41,976439548,0.017896047307811802,0.08133575797652504,0.013009137370295853,0.020569908269682403,0.019377130120786408,0.05227596303118536,0.027906915833998996,59.367470441309734,-0.0730779057850981,-0.5189886836061995,0.44591077782110145,0.06726204545011719,0.2757629802145708,1
2019-05-29,TSLA,64.33,64.89,63.94,64.79,64.79,278992831,-0.009478672985781866,0.05676072418855016,-0.0027705094659071783,0.020653846650704705,0.0194427217220722,0.042452716346347355,0.015764017904036438,56.46963456606934,0.06967523388887287,-0.4012559001071851,0.47093113399605796,-1.0623088270311287,0.31995395923825265,1
2019-05-30,TSLA,65.59,65.59,64.46,65.19,65.19,1050301536,0.00617379225189052,0.02290914796798993,0.03971291866028692,0.018963501624931715,0.01903825757885866,0.04679170145802559,0.020014864459598578,57.89749627790275,0.2126336739879804,-0.278477985288152,0.4911116592761324,0.18270847331516274,0.2902099377528481,1
2019-05-31,TSLA,64.88,66.48,64.88,65.24,65.24,470154405,0.0007669888019634641,0.025947476018241655,0.07727873183619538,0.016951241333677085,0.018916368792597157,0.04367301231802895,0.018552730868309202,58.08258630130441,0.3262035780657584,-0.15754167261736993,0.48374525068312835,-0.7626061719665157,0.30707436563554796,1
2019-06-03,TSLA,65.72,65.72,64.6,65.43,65.43,549818745,0.002912323727774613,0.0182072829131652,0.099479079146362,0.016206581087338894,0.018853281705012884,0.04177944782345639,0.019442056853799163,58.823374608601014,0.4266221231060001,-0.040708913472695916,0.467331036578696,-0.5737858126942897,0.3310866988441195,1
2019-06-04,TSLA,64.78,64.78,64.21,64.21,64.21,413111506,-0.018645881094299432,-0.018345818682158788,0.08426207362377558,0.016919590560142635,0.019027326990069107,0.018309267232834547,-0.0013479185027737018,52.41765215721694,0.40311389345826854,0.04805564791349698,0.35505824554477156,-0.7663548395074489,0.3063893466391703,1
2019-06-05,TSLA,64.32,64.87,63.72,64.28,64.28,1241133281,0.001090172870269468,-0.007871585121160707,0.0765365935354212,0.0169045258990753,0.019004862213588703,0.015738575311295036,-0.002129349578140495,52.73568679766349,0.3856859198771829,0.11558170230623417,0.27010421757094877,0.5370069919794986,0.2762211893410609,1
2019-06-06,TSLA,65.17,65.17,65.12,65.12,65.12,1463918548,0.013067828251400071,-0.0010737843227487387,0.050661503710874634,0.01506982697102129,0.018747590402972,0.026465534906448658,0.009226445700352475,56.493607101474424,0.4346447904916957,0.1793943199433265,0.2552504705483692,0.830771362825453,0.2127705267160219,1
2019-06-07,TSLA,67.5,67.56,66.46,67.56,67.56,811204816,0.03746928746928746,0.035561005518087274,0.0662878787878789,0.016436559093965502,0.019142957095607118,0.06141301786303446,0.044979273649693764,65.15918839556583,0.6626935376627046,0.27605416348720213,0.3866393741755024,-0.18768207620402697,0.16976026162482824,1
2019-06-10,TSLA,68.99,69.27,68.99,69.23,69.23,476197849,0.02471876850207222,0.05807733455601394,0.09645232815964522,0.0170199135811606,0.019210355126706068,0.08247140589941461,0.06859231780446952,69.61937165526079,0.9670315186352809,0.4142496345168179,0.5527818841184631,-0.6810963836566142,0.1637820343770888,1
2019-06-11,TSLA,73.06,74.36,73.06,73.09,73.09,2076010420,0.05575617506861197,0.1382962155427505,0.15758631612290164,0.02042622349438935,0.02001738251599873,0.13400462352411835,0.1253213994282809,76.96088701320146,1.5023728824327662,0.6318742841000077,0.8704985983327586,1.6005511406109014,0.14754209995115916,1
2019-06-12,TSLA,71.89,72.43,70.68,71.74,71.74,509914653,-0.018470378984813407,0.11605476042314855,0.1644213601688036,0.019990554340171246,0.020201027366371055,0.10438042164733394,0.10215212075433036,70.54053478286326,1.7969865106794316,0.8648967294158925,0.9320897812635391,-0.6562758944843716,0.1685433999071356,1
2019-06-13,TSLA,74.07,74.07,73.36,73.36,73.36,218605789,0.0225815444661277,0.12653562653562656,0.19071579289076457,0.02016218864655119,0.020273982579916205,0.11919691213938094,0.1244692646089547,73.40744913211442,2.136561444369221,1.1192296724065582,1.0173317719626627,-0.97794781848027,0.18739770982581527,1
2019-06-14,TSLA,74.38,75.49,73.59,73.73,73.73,1053130933,0.005043620501635759,0.0913262285375962,0.204935446968459,0.019845780815236597,0.02023687211416548,0.11418381841810978,0.127326937043691,74.02910238794344,2.407777572537924,1.3769392524328314,1.0308383201050926,0.22304170448322141,0.14834049471523042,1
2019-06-17,TSLA,78.48,78.48,77.92,77.92,77.92,412247805,0.056828970568289616,0.125523616929077,0.26247569669475057,0.022480215187846934,0.02140453005376451,0.16326286874477475,0.18733428823941725,79.79063334232882,2.927074794635473,1.6869663608733598,1.2401084337621133,-0.7257368101573537,0.050914629273806584,1
2019-06-18,TSLA,76.99,76.99,76.4,76.4,76.4,1447589036,-0.019507186858316206,0.04528663291831991,0.2630186807736816,0.022448922959322295,0.021594814883871712,0.12718447318141926,0.16061798350221046,73.42678662606161,3.179321053604937,1.9854372994196754,1.1938837541852618,0.74960559306867,0.06976046511872275,1
2019-06-19,TSLA,74.8,74.85,74.37,74.85,74.85,636386971,-0.020287958115183358,0.04335098968497353,0.22084488664165702,0.02357127531458915,0.0218048304747918,0.09339507570500959,0.13410522860137114,67.513471402157,3.2170715863747006,2.2317641568106805,0.9853074295640201,-0.44312020320655043,0.10033790339153507,1
2019-06-20,TSLA,74.0,74.0,73.0,73.77,73.77,1149080557,-0.014428857715430787,0.0055888767720828625,0.15753962027302681,0.023136091791532816,0.021849568281149378,0.06977384948918545,0.11541756967894751,63.66612185929916,3.1238325839991603,2.4101778422483764,0.7136547417507839,0.3101276969345235,0.11450926586390808,1
2019-06-21,TSLA,70.54,70.54,69.01,69.99,69.99,1854535705,-0.05124034160227742,-0.050725620507256375,0.10064475546469565,0.026572035773698516,0.022746823361650514,0.010270141530200375,0.056729307793737034,52.40894794944843,2.7136443902975316,2.4708711518582076,0.24277323843932397,1.8400793188747064,0.11589209017663546,1
2019-06-24,TSLA,68.96,70.31,67.61,69.11,69.11,387290138,-0.01257322474639233,-0.11306468172484607,0.07547463429816359,0.026826228924598714,0.0217461955929855,-0.0059118827404669285,0.04307534411977782,50.18428473525934,2.2911477212686435,2.434926465740295,-0.14377874447165162,-0.9098205001955232,0.12688950267810353,1
2019-06-25,TSLA,68.47,68.48,67.06,67.84,67.84,569595900,-0.018376501229923292,-0.11204188481675392,0.03715028283137145,0.027061257359276336,0.021643228944327686,-0.025882184011199984,0.023449011098427494,47.07839379925041,1.8327113256332694,2.31448343771889,-0.48177211208562065,-0.5272858396647374,0.11331815627583194,1
2019-06-26,TSLA,68.02,68.4,67.08,68.13,68.13,764396626,0.0042747641509433,-0.08977955911823643,0.051551165303287405,0.02692406603017206,0.02128462377390155,-0.024058330169962606,0.02678874194642235,47.87175422494217,1.4757858153704149,2.1467439132491952,-0.6709580978787804,-0.21720914750240028,0.12627631080779958,1
2019-06-27,TSLA,68.89,68.89,68.3,68.75,68.75,2012273051,0.009100249522970838,-0.06804934255117256,0.05460960269980064,0.02695097505987849,0.020979591776787227,-0.017681728880157132,0.03542535273490342,49.61096389800113,1.2287839390633906,1.9631519184120343,-0.7343679793486437,1.874307396014743,0.12687291041476034,1
2019-06-28,TSLA,72.39,73.04,72.08,72.08,72.08,538862163,0.04843636363636361,0.02986140877268184,0.1048436541998774,0.02878799212891465,0.021720000803680292,0.02488998215542557,0.08429838262836067,57.762103653349804,1.2869017403719738,1.8279018828040223,-0.5410001424320485,-0.6766022151481712,0.05650306287606464,1
2019-07-01,TSLA,74.52,75.18,72.58,73.85,73.85,559916253,0.02455604883462814,0.06858631167703644,0.12868714656885194,0.029095221272229466,0.021841805057578243,0.04380887767577603,0.10943078764327939,61.34173546123842,1.458966664583869,1.754114839159992,-0.29514817457612286,-0.6413723300762626,0.01997519328650639,1
2019-07-02,TSLA,72.46,74.13,71.86,72.83,72.83,1065685771,-0.013811780636425186,0.07355542452830188,0.13424700202460693,0.028894985899770555,0.02184107384713783,0.023159107352331693,0.09322345559483329,58.276652294974674,1.4957814437859582,1.7024481600851853,-0.20666671629922706,0.18306292828034817,0.007795977390646264,1
2019-07-03,TSLA,71.6,71.6,71.25,71.25,71.25,565749955,-0.021694356721131403,0.04579480405107894,0.10843186060983201,0.029569556784604625,0.02203648439043725,-0.003914441493079843,0.0690680477442039,53.792793753081945,1.3815391033456024,1.6382663487372688,-0.25672724539166647,-0.6401574826700438,0.02863860382274421,1
2019-07-04,TSLA,72.2,72.72,71.5,72.17,72.17,876559838,0.01291228070175432,0.04974545454545454,0.10826167076167081,0.029567501894526737,0.021894873689259124,0.003999582652244904,0.08177112479015101,55.919554826648685,1.3496792741875367,1.5805489338273224,-0.23086965963978567,-0.04107401855204927,0.04019549929688738,1
2019-07-05,TSLA,69.53,69.86,68.77,69.86,69.86,315313376,-0.03200775945683809,-0.03079911209766928,0.0340438129070455,0.0297028219031939,0.022309696196901173,-0.029688530851765725,0.046727665015183044,49.730293123873174,1.125063404913405,1.489451828044539,-0.36438842313113406,-0.9848037847797347,0.048612923264494026,1
2019-07-08,TSLA,73.57,73.57,71.98,73.17,73.17,3020227406,0.0473804752361866,-0.00920785375761668,0.05691174346381622,0.031014733025547168,0.022995399425483898,0.013512109648241856,0.09467647425508041,57.06362318236926,1.2003066594147214,1.4316227943185755,-0.23131613490385416,2.748623809610851,0.015325450827774888,1
2019-07-09,TSLA,75.47,75.47,75.39,75.39,75.39,356332364,0.030340303403034063,0.03515035013044088,0.03146805308523737,0.029217609897570482,0.02309439565405087,0.042601594534604936,0.12605021097571598,61.15645075965839,1.4226732359110201,1.4298328826370645,-0.007159646726044411,-0.7968696383910572,-0.027295812275401093,0
2019-07-10,TSLA,74.79,74.95,74.55,74.55,74.55,659470882,-0.011142061281337101,0.04631578947368409,0.0391692221912463,0.02899309316392008,0.023146117430854533,0.028985507246376732,0.11186235079468448,58.86979102479169,1.5136707162324967,1.446600449356151,0.06707026687634565,-0.37768790352298276,-0.035359632128415176,0
2019-07-11,TSLA,71.21,72.53,70.4,71.46,71.46,784464108,-0.04144869215291758,-0.009837882776777218,-0.025899672846237842,0.030150033244287895,0.023646817380374805,-0.012369566719646136,0.06466295357308686,51.27480215889577,1.3212195031939586,1.4215242601237126,-0.10030475692975394,-0.24581759407718556,0.0047466234589147865,1
2019-07-12,TSLA,73.93,73.95,73.93,73.95,73.95,2520222127,0.03484466834592803,0.058545662754079686,0.0029838600298386364,0.031177217675508344,0.02400871649235888,0.021888732277588967,0.09979179060083296,56.18077247008745,1.3540144843951794,1.408022304978006,-0.054007820582826715,1.9554817892403888,-0.05489394710744983,0
2019-07-15,TSLA,73.95,73.95,73.64,73.78,73.78,361254238,-0.0022988505747126853,0.008336750034166895,-0.05313141683778233,0.028229491157176417,0.023985931784458046,0.022464280269959527,0.09555003947326084,55.76792460343488,1.350716939930095,1.396561231968424,-0.04584429203832907,-0.8618523057494426,-0.06596720906764814,0
2019-07-16,TSLA,75.99,76.15,75.99,76.14,76.14,2629928460,0.03198698834372449,0.009948269001193832,-0.003403141361256634,0.028921958892544397,0.024212962562419706,0.055359964516397304,0.12791923541277286,60.14635228572369,1.5210027163186481,1.421449528838469,0.09955318748017916,1.8364234255758556,-0.1268369008427055,0
2019-07-17,TSLA,72.75,73.35,72.75,73.2,73.2,1259909957,-0.0386130811662726,-0.01810865191146871,-0.022044088176352616,0.02988044500519184,0.0246225632831056,0.015770813241099836,0.08223721496404854,53.09525673890308,1.4025542195710017,1.4176704669849756,-0.015116247413973882,0.1759624976696632,-0.03786643933934183,0
2019-07-18,TSLA,72.81,72.81,71.79,72.14,72.14,1027358923,-0.014480874316939896,0.009515813042261456,-0.022095702860241206,0.029881706013059908,0.024708770837935372,0.0021949931927426475,0.06486777719553319,50.78364753452494,1.2092107623519581,1.3759785260583721,-0.166767763706414,-0.09444721263507047,-0.02200355046265419,0
2019-07-19,TSLA,72.2,72.2,71.65,72.19,72.19,443061784,0.0006930967563072432,-0.023799864773495716,0.03143306186598083,0.02741246371017479,0.024701526590804698,0.0013593741330521969,0.06401167332380192,50.892254457413834,1.0479392700880084,1.3103706748642994,-0.262431404776291,-0.7136692477857225,-0.03970289060946603,0
2019-07-22,TSLA,72.65,72.92,70.72,72.31,72.31,1126841862,0.0016622800941958893,-0.01992409867172673,0.046302995225003585,0.02720077286564682,0.02463434508912039,0.0008027459447490303,0.06394822736602569,51.170753708090515,0.9192172830425989,1.2321399964999593,-0.31292271345736045,0.06608933240358439,-0.0354716991578002,0
2019-07-23,TSLA,71.41,71.53,70.54,71.53,71.53,518218759,-0.01078688978011344,-0.060546361964801676,0.05439268867924518,0.026944226965239564,0.024630840453204197,-0.012514409172171408,0.050678247841382425,49.2169247238186,0.7456690905364525,1.134845815307258,-0.38917672477080556,-0.6746082939002205,-0.026921433165837144,0
2019-07-24,TSLA,72.48,72.69,72.48,72.69,72.69,1710406249,0.01621697189990212,-0.006967213114754123,0.06693086745926902,0.02710591711230732,0.0246936444325276,0.0003509278946389758,0.06570295491031172,52.14346213809158,0.6937362435240999,1.0466239009506264,-0.3528876574265265,0.7167615818749451,-0.04804755924236435,0
2019-07-25,TSLA,70.68,71.09,70.68,70.81,70.81,446684364,-0.02586325491814545,-0.01843637371777096,0.029963636363636414,0.027849267039021255,0.02448941821579602,-0.02690074552513136,0.03608722583414223,47.37808646582084,0.49517077941442267,0.9363332766433857,-0.44116249722896306,-0.7299652945084654,-0.00609110177024356,0
2019-07-26,TSLA,70.47,71.7,70.47,70.59,70.59,747395387,-0.00310690580426487,-0.022163734589278228,-0.020671476137624767,0.025605189827787023,0.024029912018507096,-0.02892988320746163,0.030347998491722705,46.83863666083608,0.31640671745482507,0.8123479648056736,-0.49594124735084855,-0.37493073470161614,0.01643872634315994,1
2019-07-29,TSLA,70.9,71.42,70.84,70.84,70.84,573252102,0.0035415781272134517,-0.020329138431752214,-0.040758293838862425,0.024935223318315138,0.02388349246888489,-0.02346900093048884,0.031154930397527574,47.569206876770735,0.19268664933885304,0.6884157017123096,-0.49572905237345655,-0.5920105362781084,0.0001411532220565087,1
2019-07-30,TSLA,71.86,72.35,69.96,71.79,71.79,442294373,0.013410502540937452,0.0036348385292885865,-0.014279829740491468,0.024987031776191458,0.023895541012285533,-0.009663335195646203,0.041806242517323663,50.36084130120317,0.16934258857176587,0.5846010790842009,-0.415258490512435,-0.7058741331339061,-0.027108818024032397,0
2019-07-31,TSLA,73.11,73.12,73.11,73.12,73.12,1247979761,0.018526257138877344,0.005915531710001476,0.02624561403508774,0.024802776165045174,0.02396686223444371,0.007384547558690639,0.05767654461470225,54.04955193222359,0.2552201183004428,0.5187248869274493,-0.26350476862700656,0.23978332958234252,-0.051782876380712516,0
2019-08-01,TSLA,70.6,71.37,70.6,71.12,71.12,1102973165,-0.027352297592997843,0.004377912724191635,-0.01454898157128992,0.025460644967538026,0.023864290657367122,-0.019460510261058845,0.02648480912174343,48.243844792187645,0.16005043226677174,0.44698999599531386,-0.2869395637285421,0.04723906165051598,-0.081097819789147,0
2019-08-02,TSLA,68.48,68.48,68.48,68.48,68.48,1652253778,-0.03712035995500562,-0.029890919393681825,-0.019753793300887446,0.0258175964771542,0.02426192895829034,-0.05495946179058135,-0.012834496975171866,41.85312811580131,-0.12693493920993149,0.3322050089542648,-0.4591399481641963,0.6503796354321468,-0.08071222692287766,0
2019-08-05,TSLA,70.27,71.7,70.27,70.74,70.74,274943157,0.03300233644859807,-0.0014116318464145738,-0.03321033210332114,0.024579363238164748,0.024587862175514064,-0.022131294839717437,0.01788566412938681,48.1813661577099,-0.1700495756750513,0.23175409202840158,-0.4018036677034529,-1.0469206975672463,-0.07848892531418138,0
2019-08-06,TSLA,70.83,72.72,70.83,71.36,71.36,1514729059,0.008764489680520349,-0.0059896921576821915,-0.05345536543308127,0.023565559534608062,0.024600651696244365,-0.010805453323075608,0.02478674210873997,49.79559898425487,-0.15243227289786887,0.1549168190431475,-0.30734909194101634,0.6809622026876782,-0.04558622156199685,0
2019-08-07,TSLA,70.68,70.68,69.39,70.08,70.08,3596652336,-0.017937219730941756,-0.04157549234135671,-0.05995975855130786,0.023745344530443635,0.024498633752392196,-0.02552978474887386,0.004368794055191779,46.57014556257482,-0.2390006849909696,0.07613331823632408,-0.3151340032272937,2.7299894314137974,-0.03322275518526164,0
2019-08-08,TSLA,73.03,73.85,72.87,72.88,72.88,610027957,0.03995433789954328,0.02474690663667034,0.01987125664707534,0.02375178679953741,0.024969590759960414,0.012405017572617288,0.04169346654660323,53.6437512054175,-0.08073946158825152,0.044758762271408965,-0.12549822385966047,-0.6568589116858594,-0.05746516973731428,0
2019-08-09,TSLA,73.36,73.65,71.84,73.13,73.13,2493839099,0.003430296377606945,0.06790303738317749,-0.011088573360378717,0.022414453127927607,0.024935571433421292,0.01645678703472045,0.04230210085231306,54.226442037426345,0.06411750217843348,0.04863051025281387,0.015486991925619614,1.4804820184107497,-0.05264003774125614,0
2019-08-12,TSLA,75.2,75.35,75.2,75.35,75.35,683066813,0.030356898673594923,0.06516822165677127,0.02127947953374898,0.023429049471301314,0.025171128758917354,0.04617178876632244,0.07047722779310253,59.13828162806052,0.3539727586659751,0.10969895993544612,0.24427379873052898,-0.6012062845618276,-0.005055891557533716,0
2019-08-13,TSLA,76.13,77.08,75.52,75.52,75.52,351090350,0.002256138022561416,0.058295964125560484,-0.008142894667717449,0.022296284059104162,0.02498126087179716,0.04898358879621075,0.06908771747696042,59.496708409858215,0.5905947088067336,0.20587810970970363,0.38471659909702993,-0.9029110362283305,0.021094788108662454,1
2019-08-14,TSLA,79.77,79.77,79.13,79.55,79.55,665880334,0.053363347457627164,0.1351312785388128,0.08674863387978138,0.02340799158635127,0.025755662784891983,0.10010925032152791,0.12131221485591864,66.90735517785478,1.0907333340303182,0.38284915457382657,0.7078841794564916,-0.4800859937143749,-0.03361983406321684,0
2019-08-15,TSLA,83.61,83.61,82.36,83.16,83.16,1500287180,0.04538026398491524,0.14105378704720084,0.15275852509010246,0.024656905891888573,0.025901849429392974,0.14133567566083832,0.16687129476970566,71.87203209370318,1.7581270337464616,0.6579047304083536,1.100222303338108,0.5004215340410502,-0.10141342284398934,0
2019-08-16,TSLA,82.46,82.68,82.41,82.68,82.68,483757405,-0.005772005772005651,0.1305893614111857,0.14531098490095595,0.02479174290460295,0.025922258871692166,0.1266377330980495,0.15497981439487427,70.36053483421401,2.222687601515574,0.9708613046297977,1.2518262968857763,-0.7286406248616177,-0.1352607189642559,0
2019-08-19,TSLA,85.54,85.54,84.13,84.76,84.76,557959426,0.02515723270440251,0.12488387524883882,0.17217535610565626,0.02507572330881272,0.026046352677753574,0.1452661162831548,0.17841154498521658,73.0094383670017,2.7272557090096967,1.3221401855057775,1.4051155235039192,-0.5986878314471089,-0.15458336741390866,0
2019-08-20,TSLA,86.73,86.73,85.06,86.18,86.18,1142087607,0.016753185464841946,0.1411546610169494,0.2048091709772124,0.024727848013468078,0.026037146089468586,0.15304081400560604,0.192414923865594,74.67354041887286,3.2047691184822042,1.698665972101063,1.5061031463811412,0.06315186125450134,-0.18954180476744187,0
2019-08-21,TSLA,89.85,89.85,89.22,89.22,89.22,801372203,0.03527500580181009,0.121558768070396,0.22740404457284358,0.025353595266140668,0.026257260262319015,0.18065847977980076,0.22756166243200848,77.82557087318217,3.7848748482001753,2.1159077473208856,1.6689671008792897,-0.29795694427578007,-0.25932025835678,0
2019-08-22,TSLA,86.56,87.22,86.56,87.14,87.14,1135993881,-0.023313158484644658,0.047859547859547824,0.2306171444711198,0.02516628301924781,0.02652254004926452,0.14080736275029618,0.19293874449836756,71.28813269099558,4.030315236461263,2.498789245148961,1.5315259913123018,0.07105581625689264,-0.2513964015412745,0
2019-08-23,TSLA,88.28,89.27,88.28,88.69,88.69,922592061,0.017787468441588183,0.07268988872762439,0.2564102564102564,0.024994816534158797,0.026565395048551915,0.1475038653374649,0.2076963578924435,73.10142414073809,4.3003290422332014,2.8590972045658094,1.441231837667392,-0.20612615936897793,-0.29564392799303074,0
2019-08-26,TSLA,90.72,91.11,89.91,91.11,91.11,1066635556,0.027286052542564,0.07491741387446904,0.28613777526820994,0.025146700635609073,0.026711485263424914,0.16355695184092567,0.23346089279589896,75.68353544200625,4.655920154536204,3.2184617945598886,1.4374583599763158,-0.05770987113789628,-0.2798468981691602,0
2019-08-27,TSLA,86.83,87.23,86.83,87.23,87.23,617147916,-0.04258588519372186,0.012183801346019818,0.21507173701072557,0.028044312923591563,0.027257303552074535,0.1031299399304458,0.1748306374496625,64.92275744378266,4.571942591189142,3.4891579538857393,1.0827846373034027,-0.6421082073294407,-0.21378702481712178,0
2019-08-28,TSLA,85.33,85.33,84.73,84.73,84.73,919222319,-0.028659864725438466,-0.05032503922887244,0.15878008752735218,0.02926188991683586,0.027606916578533855,0.06370558216319043,0.13594569411827825,59.09274610429978,4.2546160946501175,3.642249582038615,0.6123665126115023,-0.23605397876622336,-0.18442455729728133,0
2019-08-29,TSLA,79.8,80.56,79.46,80.56,80.56,458548304,-0.04921515401864751,-0.07551067248106491,0.13273340832395952,0.03100094037799262,0.02845583063213567,0.005397647499298051,0.07632664785796839,50.88469018395489,3.6248632430067147,3.6387723142322352,-0.013909071225520542,-0.7686588841424835,-0.09649012094417349,0
2019-08-30,TSLA,79.38,80.8,78.91,80.06,80.06,1732896587,-0.006206554121151897,-0.09730522043071366,0.1691004672897196,0.02943161087589896,0.028140710474492667,-0.00801050720821747,0.06667732544583664,49.988105238877836,3.0502721114569766,3.521072273677184,-0.47080016222020715,0.8186460507505459,-0.08780655145871946,0
2019-09-02,TSLA,81.18,82.21,80.96,81.55,81.55,546713342,0.018611041718710863,-0.10492810887937665,0.15281311846197343,0.02896695334084856,0.028072592561194307,0.0037293684689895905,0.08356493528063523,52.664745297463284,2.6841933376050946,3.3536964864627663,-0.6695031488576717,-0.6879103741148983,-0.1273318530128444,0
2019-09-03,TSLA,84.2,85.89,84.2,84.71,84.71,1574665164,0.03874923359901894,-0.028889143643242132,0.187079596412556,0.029798011281589536,0.027614229432241195,0.034127047103992454,0.1226633269056186,57.82061999296858,2.6188701576629683,3.2067312207028067,-0.5878610630398384,0.608436721967775,-0.12669108730016343,0
2019-09-04,TSLA,84.45,85.44,84.45,84.91,84.91,695287386,0.0023609963404556122,0.002124395137495405,0.21161529680365287,0.0291701076382626,0.02747239717848014,0.027269647696477026,0.1220498453894337,58.131457256835596,2.5538007698716996,3.0761451305365854,-0.5223443606648859,-0.4750293329074029,-0.11507794726764915,0
2019-09-05,TSLA,89.0,89.0,88.48,88.48,88.48,902969564,0.04204451772464979,0.0983118172790467,0.2140504939626786,0.029286404439506905,0.02781805752806189,0.060453521261805414,0.1653452045412639,63.32669933198441,2.758503662401367,3.012616836909542,-0.2541131745081753,-0.11334496982941462,-0.18182439287781393,0
2019-09-06,TSLA,85.63,86.32,84.64,85.52,85.52,594375165,-0.03345388788426773,0.06819885086185362,0.16942431286749615,0.03085152603027372,0.02822305462627712,0.01742301217647865,0.12345233012578422,57.01017078039938,2.6513221262077877,2.9403578947691913,-0.28903576856140356,-0.703146240739227,-0.15200922632526864,0
2019-09-09,TSLA,81.18,81.99,81.18,81.99,81.99,434802621,-0.04127689429373249,0.0053954629061925274,0.08812209688122108,0.032282112400681566,0.027883561503490167,-0.02841060583617251,0.0761207677264395,50.536317124339654,2.25553804940418,2.8033939256961893,-0.5478558762920094,-1.0545760267217557,-0.1313210238810852,0
2019-09-10,TSLA,81.8,82.63,80.72,81.92,81.92,280797342,-0.0008537626539820709,-0.03293589894935656,0.0847457627118644,0.03230212422083489,0.02775210043744018,-0.032907357671989,0.07390527295529319,50.414061108875394,1.9141626268440461,2.625547665925761,-0.7113850390817147,-1.4144825484911483,-0.1645603039649618,0
2019-09-11,TSLA,82.6,83.62,82.43,82.75,82.75,424662589,0.0101318359375,-0.025438699799787967,0.040226272784412265,0.03024631097800805,0.02762410948431145,-0.024950658379238138,0.08291674300520845,51.89991872284453,1.691100257295858,2.4386581841997805,-0.7475579269039225,-1.004899024219804,-0.15089315145953788,0
2019-09-12,TSLA,82.08,83.02,82.08,82.72,82.72,658618283,-0.0003625377643504679,-0.06509945750452084,-0.005291005291005235,0.02850537242825587,0.027541462786979307,-0.025051416987347617,0.08041508209996547,51.83945332539009,1.4946713323530219,2.249860813830429,-0.7551894814774069,-0.36186009767541477,-0.10238300571250868,0
2019-09-13,TSLA,78.87,79.94,77.22,78.59,78.59,908338357,-0.0499274661508704,-0.08103367633302139,-0.04946782776971459,0.030617648747663286,0.027498706762234527,-0.07149017615576361,0.0245546335708188,44.20429296280225,0.9942820454906496,1.998745060162473,-1.0044630146718234,0.2373109868399706,-0.08563578940269066,0
2019-09-16,TSLA,78.77,79.7,78.46,78.46,78.46,1466621932,-0.0016541544725793278,-0.04305403097938776,-0.07432751297781981,0.029941588318678616,0.027434630319978677,-0.06956336124089842,0.020786080741759104,43.98469046573667,0.5805379370316359,1.7151036355363056,-1.1345656985046697,1.5119573220638507,-0.06939351981414048,0
2019-09-17,TSLA,76.31,76.83,75.33,75.98,75.98,612185270,-0.03160846291103736,-0.072509765625,-0.11835692736133674,0.030178096968056418,0.027657461882891508,-0.09349050300658583,-0.013221122626561737,39.91125175351217,0.05192887271722668,1.38246868297249,-1.3305398102552632,-0.5686891171891864,-0.053109825313948526,0
2019-09-18,TSLA,77.65,78.78,77.22,77.3,77.3,471214301,0.017372992892866534,-0.06586102719033238,-0.13360233131584853,0.029142011811645083,0.027725191635922856,-0.07113674597452538,0.0019334420669468654,42.940232930933206,-0.25751616482503437,1.054471713412985,-1.3119878782380194,-0.8642689683992354,-0.08192027774374464,0
2019-09-19,TSLA,77.27,78.05,77.27,78.05,78.05,336588316,0.009702457956015431,-0.056455512572533895,-0.10431489557034657,0.029088772000565102,0.02772773595244486,-0.056974222351100466,0.009626267961667472,44.64754275101885,-0.4371951410780781,0.7561383425147725,-1.1933334835928506,-1.080158038818944,-0.10600133592967557,0
2019-09-20,TSLA,76.96,76.96,76.27,76.27,76.27,1066916095,-0.022805893657911636,-0.029520295202952074,-0.14003833577629954,0.028823628948415513,0.02724830384162238,-0.07151422188947523,-0.01428959147363294,41.47564679284731,-0.7149812889563663,0.4619144162205448,-1.1768957051769111,0.6701490473654255,-0.1039484047544594,0
2019-09-23,TSLA,75.81,75.81,74.29,75.34,75.34,1834277869,-0.01219352301035781,-0.03976548559775672,-0.17308747667654478,0.027672382568065344,0.027129635205649212,-0.07394660504449585,-0.026621275056362744,39.88145702351449,-0.9986601080751711,0.16979951136140164,-1.1684596194365728,2.1257850697588885,-0.09008097708923134,0
2019-09-24,TSLA,74.0,74.0,71.64,73.4,73.4,1710066611,-0.025749933634191646,-0.03395630429060281,-0.15854637166112573,0.026843516433124444,0.027281185717761947,-0.09005820404267054,-0.05180209275287436,36.71150624498711,-1.3642926859252356,-0.13701892809592578,-1.2272737578293098,1.6243753233827496,-0.08424088098113601,0
2019-09-25,TSLA,72.61,73.8,72.61,73.32,73.32,1224697423,-0.0010899182561309173,-0.05148771021992249,-0.1346630473268029,0.026445175126236828,0.027126367010262088,-0.08457562364222057,-0.053257494076403254,36.58237648087006,-1.6415912277060585,-0.43793338801795234,-1.2036578396881061,0.6357540661554405,-0.07591412616777297,0
2019-09-26,TSLA,75.78,76.03,74.15,75.13,75.13,1173346770,0.024686306601200192,-0.037411915438821275,-0.06740317775571014,0.025357860642917264,0.02725745297810707,-0.05878668295280164,-0.030503502429225716,41.58843866857142,-1.6957528632584769,-0.6894972830660573,-1.0062555801924196,0.47356999352342377,-0.10103664725536915,0
2019-09-27,TSLA,73.79,74.4,73.34,73.34,73.34,2215124104,-0.023825369359776305,-0.03841615314015989,-0.08393704721458906,0.02577134837277296,0.027109396224997646,-0.07732759651009924,-0.05430991315485769,38.36321106894169,-1.8616543969447434,-0.9239287058417945,-0.9377256911029489,2.257070930663455,-0.08238614768575829,0
2019-09-30,TSLA,74.81,74.81,74.3,74.3,74.3,976269151,0.013089719116443854,-0.013804088133793524,-0.08890251379521763,0.025544316306879915,0.0264727102888429,-0.0609675951670795,-0.04216370449310741,41.00562727677708,-1.8938375997252166,-1.117910484618479,-0.7759271151067375,-0.0033178191515152917,-0.1175475317610698,0
2019-10-01,TSLA,72.77,73.36,72.29,73.36,73.36,1178699802,-0.012651413189771143,-0.0005449591280655142,-0.13398654232085938,0.02348429082324253,0.026234863944917912,-0.06614984119710018,-0.05386902138983409,39.23207575134241,-1.9724559198555056,-1.2888195716658846,-0.683636348189621,0.41317348422525635,-0.11884002810012198,0
2019-10-02,TSLA,72.3,72.3,70.91,71.96,71.96,659854347,-0.019083969465648942,-0.018548827059465367,-0.15251442704039575,0.023528568345257315,0.026311361297956793,-0.07635831547061331,-0.07140798602896592,36.68701807135933,-2.123254251355249,-1.4557065076037574,-0.6675477437514914,-0.5551131545957387,-0.08011219313373179,0
2019-10-03,TSLA,72.46,72.46,71.39,71.8,71.8,353280874,-0.0022234574763757564,-0.044323173166511354,-0.18851717902350817,0.02045711950001703,0.02575167061257851,-0.06843983133311717,-0.07354041755197906,36.396420721552204,-2.2299679953923004,-1.610558805161466,-0.6194091902308343,-1.0445564283590836,-0.06487283885395177,0
2019-10-04,TSLA,70.25,71.15,70.0,70.0,70.0,530691090,-0.02506963788300831,-0.04554131442596132,-0.18147801683816644,0.020036863897991822,0.025554479002874112,-0.08255678318195528,-0.09599850194037475,33.209449659338574,-2.4317526325108645,-1.774797570631346,-0.6569550618795186,-0.7140469402337191,-0.06354853514497745,0
2019-10-07,TSLA,69.17,69.17,69.07,69.07,69.07,795518432,-0.013285714285714345,-0.07039030955585468,-0.15758019270642765,0.018649853348161244,0.02560622025216013,-0.08701571649504976,-0.10710361321181579,31.666625752780632,-2.636321762646375,-1.9471024090343518,-0.6892193536120232,-0.2735775909366382,-0.04713379817515285,0
2019-10-08,TSLA,67.66,67.66,66.09,67.07,67.07,829614110,-0.028956131460836865,-0.08574154852780813,-0.1812744140625001,0.019106799633097294,0.025493038572644802,-0.10466490011413628,-0.13126075345999672,28.590473930098838,-2.926097328847746,-2.1429013929970306,-0.7831959358507152,-0.27228881084848056,0.001489869167127469,1
2019-10-09,TSLA,70.4,70.48,70.4,70.48,70.48,2540867799,0.05084240345907287,-0.020566981656475636,-0.14827794561933527,0.023092107796470494,0.02591544900618443,-0.051374887276740555,-0.08655559659661605,39.399598986452936,-2.8477608370813243,-2.2838732818138894,-0.563887555267435,2.396596091760917,-0.08928410524063238,0
2019-10-10,TSLA,70.71,71.24,69.48,70.57,70.57,839877243,0.0012769580022700122,-0.017130919220055718,-0.14688104448742756,0.023122564235932976,0.02584907423812038,-0.04233303252159402,-0.08507889039183734,39.65920707369048,-2.746753490687908,-2.376449323588693,-0.3703041670992149,-0.40678723976590514,-0.0765416873881005,0
2019-10-11,TSLA,69.35,69.93,69.35,69.38,69.38,1622616921,-0.016862689528128083,-0.008857142857142897,-0.11719048224965023,0.02102847940321484,0.02593985471854142,-0.0525611438091467,-0.09996043354457065,37.379073016301746,-2.7312434216823647,-2.4474081432074275,-0.28383527847493717,0.8135148126133052,-0.07557255611869458,0
2019-10-14,TSLA,70.39,70.39,69.79,69.79,69.79,616120830,0.00590948400115332,0.010424207325901547,-0.11050216670915103,0.021178313909254832,0.025951178972652526,-0.041286892733753924,-0.09414811113202268,38.68702064090383,-2.6552598243511625,-2.4889784794361747,-0.1662813449149878,-0.7474822829264721,-0.06680502237320875,0
2019-10-15,TSLA,69.04,69.63,68.76,69.63,69.63,663470180,-0.002292592061900134,0.03816907708364403,-0.08357462490128997,0.0202808800495907,0.02591592507097003,-0.039294682524352205,-0.09585323467605628,38.350383997833845,-2.5782326774466497,-2.5068293190382698,-0.07140335840837997,-0.6773330337396902,-0.08306320619435154,0
2019-10-16,TSLA,69.28,69.43,68.65,69.28,69.28,360353271,-0.005026569007611559,-0.017026106696935384,-0.10375161707632596,0.0196374236348025,0.025833950952169026,-0.03880572165878154,-0.09973361055162087,37.580037597523756,-2.516422432123207,-2.5087479416552574,-0.007674490467949546,-1.1473902112522012,-0.1227027388218439,0
2019-10-17,TSLA,70.65,70.65,69.2,70.38,70.38,512393371,0.015877598152424843,-0.002692362193566611,-0.09827033952594488,0.019931737300580114,0.025700294713092455,-0.018321047235802475,-0.08535436345402846,41.55362906897313,-2.3515691352786376,-2.4773121803799336,0.12574304510129597,-0.9325065617102397,-0.17857750885326912,0
2019-10-18,TSLA,72.18,72.5,70.78,71.76,71.76,1097377231,0.019607843137255054,0.034303833957913143,-0.05913203094270347,0.020189053265108326,0.02581744586392974,0.004085744668942765,-0.06765640834639793,46.18229630859332,-2.0855265906251645,-2.3989550624289797,0.31342847180381517,0.017340188607609244,-0.19629837773812797,0
2019-10-21,TSLA,70.97,71.26,70.85,70.85,70.85,803538862,-0.012681159420290022,0.015188422410087332,-0.05959649588532001,0.020201220575544198,0.025871026292780566,-0.005523310898538155,-0.07948159937636023,43.723297559855176,-1.9259146073140272,-2.304346971405989,0.378432364091962,-0.3919375069134667,-0.17660749680107551,0
2019-10-22,TSLA,70.45,70.45,68.84,69.87,69.87,1408460600,-0.013832039520112804,0.0034467901766481734,-0.04809264305177108,0.019659468164568747,0.02587664603911189,-0.01684326058508172,-0.09183666837805694,41.1803236380289,-1.8570913770011543,-2.2148958525250224,0.35780447552386807,0.6735399021132401,-0.18481500204781875,0
2019-10-23,TSLA,70.04,70.04,68.39,69.43,69.43,891799927,-0.00629740947473878,0.002165127020785196,-0.053055100927441146,0.019677360078994503,0.025771654352090223,-0.0203534516208682,-0.09683377995160898,40.053942038633124,-1.8171063233144338,-2.1353379466829048,0.318231623368471,-0.1941405924355654,-0.16193450812181084,0
2019-10-24,TSLA,65.01,66.8,65.01,65.58,65.58,647434223,-0.05545153391905533,-0.0682011935208866,-0.1271130041261812,0.021877702879893917,0.026511884188320997,-0.06839974430002146,-0.14588986086088276,31.84586268675936,-2.072193744804153,-2.1227091063071546,0.05051536150300162,-0.569485208009017,-0.14602580123497427,0
2019-10-25,TSLA,63.05,63.51,63.05,63.17,63.17,2902905933,-0.03674900884415977,-0.1197045707915273,-0.13866921188982817,0.022594034649490533,0.02650335213333234,-0.0961058287365941,-0.17632818221527763,27.98048046041093,-2.4406845309308096,-2.1863041912318857,-0.25438033969892393,2.824095228663,-0.10964385686204048,0
2019-10-28,TSLA,64.78,66.16,64.78,65.4,65.4,756080083,0.03530156719962019,-0.07692307692307676,-0.11978465679676975,0.024136723885886214,0.026554958612967458,-0.05820006768286955,-0.1462605384824585,35.75145087950959,-2.5236823316747063,-2.25377981932045,-0.26990251235425644,-0.36371834357283434,-0.17428057779602527,0
2019-10-29,TSLA,67.95,68.18,67.59,68.18,68.18,1607266234,0.04250764525993889,-0.02418777730070132,-0.07061068702290063,0.026392541731434745,0.027115792525743875,-0.014490658764861022,-0.1093538744238603,43.880887450540506,-2.338182804261237,-2.2706604163086075,-0.06752238795262944,0.8546566149364792,-0.2316868349750485,0
2019-10-30,TSLA,67.84,68.06,67.0,67.79,67.79,628768986,-0.005720152537400991,-0.023620913149935197,-0.05794886047804315,0.026140516539721294,0.027027581766675468,-0.017165888595702693,-0.114006770091357,43.05778610317192,-2.197313569914371,-2.2559910470297604,0.05867747711538929,-0.5711516643006438,-0.22428744177306675,0
2019-10-31,TSLA,69.37,69.37,68.81,68.81,68.81,1224452555,0.01504646703053547,0.04925282098200667,-0.04164345403899716,0.02643909700985103,0.02658817831446662,-0.00021068078954439453,-0.09987769010903236,45.9152014624805,-1.9805378043159436,-2.200900398486997,0.22036259417105342,0.24002264648864183,-0.2601142181543964,0
2019-11-01,TSLA,69.86,69.86,69.38,69.38,69.38,1395905848,0.00828367969771815,0.09830615798638576,-0.008857142857142897,0.025940811987145002,0.026608052469545892,0.008525514765202913,-0.09167874037739805,47.50065060388934,-1.7426589246668698,-2.1092521037229717,0.3665931790561019,0.4372466066886966,-0.2776432673652484,0
2019-11-04,TSLA,74.41,76.28,74.25,74.97,74.97,906494193,0.08057076967425769,0.1463302752293576,0.0854205878094687,0.031358497864075865,0.02832992510602641,0.08512994203087348,-0.018413208280051885,59.91187173864974,-1.0905012961706717,-1.9055019422125117,0.81500064604184,-0.3135708423482728,-0.329401124165835,0
2019-11-05,TSLA,76.5,77.74,75.88,77.13,77.13,194766165,0.02881152460984393,0.1312701672044585,0.14999254510213222,0.030762936091321677,0.028567311116265284,0.10832501095679788,0.009513131000241927,63.50234864060679,-0.3948165297286863,-1.6033648597157466,1.2085483299870603,-1.2901732744098722,-0.37180992413103403,0
2019-11-06,TSLA,77.06,77.06,75.63,76.92,76.92,808710431,-0.002722676001555735,0.1346806313615576,0.09137343927355279,0.029072129878811206,0.027721662974411358,0.10021669634619927,0.007342477234828258,62.91238838137978,0.13798283463160033,-1.2550953208462774,1.3930781554778777,-0.3113953437811024,-0.3476893601571473,0
2019-11-07,TSLA,75.19,75.19,74.04,75.14,75.14,1673655559,-0.023140925637025522,0.09199244295887232,0.06475839591894594,0.029732117880323965,0.027219640028896517,0.07125545322346105,-0.014242796608316555,57.99422335097299,0.4118514781089715,-0.9217059610552276,1.333557439164199,1.0383989937942,-0.3520845604916983,0
2019-11-08,TSLA,71.88,72.66,71.88,72.22,72.22,1097706126,-0.03886079318605273,0.040933986739694506,0.040933986739694506,0.030910811496166948,0.027643146104258637,0.027545387285868656,-0.05037825328506185,50.95675833018543,0.38879299105437326,-0.6596061706333075,1.0483991616876809,0.1467170668935594,-0.298541151732849,0
2019-11-11,TSLA,73.2,73.2,72.62,72.62,72.62,1045230555,0.005538631957906492,-0.03134587168200609,0.040550222094855926,0.030908742654039163,0.027433178568921232,0.031160588139239408,-0.042571424804545684,51.819273378698014,0.3982053673955903,-0.44804386302752797,0.8462492304231183,0.023490943719737162,-0.26759687869435983,0
2019-11-12,TSLA,71.91,71.91,71.22,71.3,71.3,284614399,-0.018176810795924037,-0.07558667185271617,0.023983914979175625,0.031239019831672963,0.027394657905461244,0.01121842601653685,-0.05689078186796491,48.77104040936332,0.29574263811994683,-0.299286562798033,0.5950292009179798,-1.1939258925788216,-0.31066506732778376,0
2019-11-13,TSLA,68.71,69.5,68.71,68.84,68.84,519162221,-0.034502103786816174,-0.10504420176807072,-0.006351039260969915,0.03224925491414124,0.02723208853147613,-0.02336601075375589,-0.08532048329376753,43.62113069735471,0.015855968310034996,-0.2362580565764194,0.2521140248864544,-0.83305236369532,-0.2948742504074138,0
2019-11-14,TSLA,68.3,68.3,67.35,67.77,67.77,1023828202,-0.01554328878558986,-0.09808357732233175,-0.037084398976982125,0.0322091230339253,0.027156817388600412,-0.036762772451728,-0.09565843992073494,41.565234497715636,-0.2889652797553879,-0.2467995012122131,-0.04216577854317477,-0.03744640462507618,-0.26429914384580944,0
2019-11-15,TSLA,65.84,65.99,65.84,65.99,65.99,1023229834,-0.02626530913383507,-0.08626419274439223,-0.08040691192865124,0.03226764430619772,0.027158240954287163,-0.05820060512644864,-0.11494296552448693,38.32891287713635,-0.6664865962766697,-0.3307369202251044,-0.3357496760515653,-0.03217951880948196,-0.2423061349595301,0
2019-11-18,TSLA,69.2,69.84,68.87,68.87,68.87,1657870970,0.04364297620851665,-0.051638667033874985,-0.02794636556104435,0.033860575476207376,0.027562361220836197,-0.015706955937629573,-0.0717015211047386,45.69621842902385,-0.72492652692695,-0.4095748415654736,-0.31535168536147645,0.9515272154800193,-0.2752242984857297,0
2019-11-19,TSLA,70.41,70.44,69.18,70.44,70.44,733310628,0.022796573253956565,-0.012061711079943915,0.008158007728638728,0.03411268011125116,0.027313654435541703,0.006321654344798168,-0.04694469374777321,49.25508308335018,-0.6372093611751524,-0.45510174548740934,-0.18210761568774303,-0.528011888955819,-0.31240307840378645,0
2019-11-20,TSLA,69.93,71.88,69.93,70.46,70.46,1020434600,0.0002839295854626389,0.023532829750145146,0.01483508569782499,0.03407077076881697,0.027111074308761172,0.005867321446415896,-0.04359648983894811,49.30066564018695,-0.5596279992764437,-0.47600699624521625,-0.08362100303122744,-0.061838608204593234,-0.30997431343874504,0
2019-11-21,TSLA,73.78,73.78,73.15,73.15,73.15,807799583,0.038177689469202525,0.07938615906743407,0.11543153400426975,0.03224878858936946,0.026917107637616167,0.03865677469738399,-0.005415939631534723,55.13772841825204,-0.27788045933556305,-0.43638168886328565,0.1585012295277226,-0.43245312771354133,-0.35093031979644296,0
2019-11-22,TSLA,73.26,74.43,72.27,73.33,73.33,442448379,0.0024606971975391634,0.11122897408698296,0.16083583979737215,0.030668605057475217,0.026913329770592284,0.03375601779080987,-0.0014457000070353966,55.5068674752378,-0.03961238149771873,-0.3570278273901723,0.3174154458924536,-1.171555743948766,-0.32373493704571604,0
2019-11-25,TSLA,72.14,72.3,70.64,71.8,71.8,206647541,-0.020864584753852444,0.04254392333381718,0.09785932721712531,0.030601238073673938,0.026905604023667595,0.007641515391794309,-0.020111818252123412,51.618912740289716,0.025465028563260717,-0.2805292561994857,0.3059942847627464,-1.5529516447542258,-0.2956992683723636,0
2019-11-26,TSLA,74.43,75.67,74.18,74.63,74.63,1035971856,0.0394150417827297,0.0594832481544576,0.09460252273393932,0.03040956549787748,0.02692272916964052,0.04263879963117148,0.02085109681420042,57.54278485073551,0.3019163893966379,-0.164040127080261,0.4659565164768989,0.3494624378005656,-0.3254120932283445,0
2019-11-27,TSLA,74.95,77.11,74.95,75.68,75.68,887898795,0.014069409084818574,0.07408458699971643,0.11638884791267157,0.030365635119103455,0.026995404977466865,0.051512730556810035,0.03739682119023739,59.52305883725871,0.5988293770649875,-0.011466226251211303,0.6102956033161988,-0.0274257251952401,-0.34926513439776946,0
2019-11-28,TSLA,73.18,73.77,73.16,73.77,73.77,552020076,-0.025237843551797146,0.008475734791524081,0.07208254614154908,0.031058724429519416,0.026547102344790463,0.021455127006874707,0.014624977076838427,54.539772402296705,0.6722645739326083,0.1252799337855526,0.5469846401470557,-0.7423607785477817,-0.3353883725400349,0
2019-11-29,TSLA,73.45,74.91,73.45,73.46,73.46,302773683,-0.00420225023722387,0.001772807854902414,0.05880657249927923,0.03109222062689131,0.026239214754872633,0.014297647895394502,0.01316218962196045,53.75318350899039,0.6974087928581554,0.23970570560007318,0.4577030872580822,-1.2068042430608787,-0.34146699296906013,0
2019-12-02,TSLA,72.18,72.18,71.16,71.9,71.9,1167165163,-0.02123604682820568,0.001392757660167332,-0.04094971321862073,0.025632384634489278,0.02585806191220605,-0.005133456019703548,-0.0060480387074477275,49.85642734797994,0.5847165564852048,0.3087078757770995,0.2760086807081053,0.8004304673959617,-0.3097124923708252,0
2019-12-03,TSLA,69.26,69.84,69.26,69.49,69.49,681937081,-0.033518776077886114,-0.06887310732949214,-0.09905354596136395,0.02550633787862204,0.026178397614404207,-0.03337089123509857,-0.03660503440531258,44.490514704383926,0.29751076950941524,0.3064684545235627,-0.008957685014147454,-0.4127168811565768,-0.28571729405525315,0
2019-12-04,TSLA,71.44,71.44,71.06,71.16,71.16,1117237361,0.024032234853935908,-0.05972515856236804,-0.0748829953198129,0.026315025329815278,0.026352152816260556,-0.006159131855700374,-0.010803409456863871,48.61740205707986,0.20232092763937715,0.2856389491467256,-0.08331802150734846,0.6203598127931614,-0.30164456343194673,0
2019-12-05,TSLA,74.97,75.04,74.67,74.67,74.67,2447735426,0.04932546374367619,0.012200081333875623,-0.006254990684056438,0.0283841368913097,0.027177809555101823,0.04320491774649857,0.03992869378716753,56.01856751358344,0.40543634010428775,0.30959842733823806,0.0958379127660497,3.0154872336993828,-0.2974163648599783,0
2019-12-06,TSLA,72.44,72.44,71.82,72.14,72.14,221324713,-0.03388241596357311,-0.017968962700789404,-0.0011077263915812985,0.02804458708726918,0.026767515207687432,0.007914940585551984,0.006199831230690778,50.385001142567134,0.358128628045705,0.31930446747973146,0.03882416056597354,-1.1987306968676157,-0.24065811344945628,0
2019-12-09,TSLA,73.19,73.92,73.19,73.2,73.2,525699079,0.014693651233712357,0.018080667593880273,0.007986780501239243,0.028208560565331903,0.026844633464691688,0.022310673510003296,0.022234532069350017,52.53858660560633,0.4015413479081076,0.3357518435654067,0.06578950434270087,-0.5743087644715938,-0.26303388752207824,0
2019-12-10,TSLA,72.65,72.65,72.05,72.05,72.05,705469877,-0.015710382513661303,0.036839833069506334,0.01051893408134652,0.028126626520626485,0.026612894787418705,0.005723059743160198,0.007096031720147028,50.00275885292171,0.33924030110050296,0.336449535072426,0.0027907660280769853,-0.28542499471455113,-0.21657254375227308,0
2019-12-11,TSLA,71.2,72.04,70.54,71.22,71.22,1914831956,-0.01151977793199166,0.000843170320404818,0.0345729227193492,0.027053278807973508,0.02654459054538223,-0.007511252943881624,-0.0030934617376576984,48.194728011530465,0.22035212709339191,0.3132300534766192,-0.09287792638322728,1.7547048915399786,-0.2146846242984882,0
2019-12-12,TSLA,70.13,71.16,68.92,70.2,70.2,299659739,-0.0143218197135635,-0.05986339895540371,0.03585657370517947,0.027012829506911282,0.02656127697825808,-0.023379080557314,-0.015568140120272774,45.993741551483545,0.04332746509815877,0.25924953580092713,-0.21592207070276837,-1.01185733787838,-0.25076512862413913,0
2019-12-13,TSLA,68.32,68.98,67.74,68.74,68.74,2555507357,-0.02079772079772091,-0.04713057942888832,0.04167298075465986,0.026736837023805256,0.026535126742730734,-0.04551639867810833,-0.034342601871189635,42.96885568542894,-0.21232806740634658,0.1649340151594724,-0.37726208256581895,2.3044148852929496,-0.254394940249889,0
2019-12-16,TSLA,68.59,68.85,67.51,68.85,68.85,867836196,0.0016002327611288614,-0.05942622950819687,-0.00029040220705689457,0.024912405778608152,0.026499655015979003,-0.043975727953122205,-0.03132540291094789,43.27157178263019,-0.40143336418445585,0.05166053929068675,-0.4530939034751426,-0.0847098201908949,-0.3022637845739225,0
2019-12-17,TSLA,66.85,67.47,66.85,67.47,67.47,755129339,-0.020043572984749347,-0.06356696738376122,-0.042163543441226525,0.024715285819355302,0.02642002152747587,-0.06120205653380844,-0.04941930090685801,40.3761028310295,-0.655103515629591,-0.08969227169336881,-0.5654112439362222,-0.2543948265060387,-0.29030395428716305,0
2019-12-18,TSLA,68.14,68.14,67.06,67.96,67.96,710275969,0.00726248703127319,-0.04577365908452691,-0.03548112404200965,0.024796332131422485,0.02644187416336286,-0.05273648483834797,-0.04130910116850457,41.863633083197115,-0.8072940500594825,-0.23321262736659157,-0.574081422692891,-0.2975739813933108,-0.29674796032376993,0
2019-12-19,TSLA,67.57,67.91,67.31,67.91,67.91,615682631,-0.0007357268981753595,-0.032621082621082764,-0.0716336295283665,0.022977901630689093,0.026227350827710657,-0.049963976693270296,-0.04038548496495597,41.74917355849402,-0.9213203200537379,-0.37083416590402085,-0.550486154149717,-0.4222020505223064,-0.25356784357838325,0
2019-12-20,TSLA,67.27,67.55,67.27,67.54,67.54,1500208680,-0.005448387571786006,-0.017457084666860467,-0.07895813446065725,0.022938656637471175,0.026067222900878803,-0.051297898640296484,-0.04430839472864976,40.85891079039412,-1.0296734339232643,-0.5026020195078695,-0.5270714144153947,0.8055408608553162,-0.23941378111237724,0
2019-12-23,TSLA,66.41,66.41,65.68,66.06,66.06,421313406,-0.021912940479715814,-0.04052287581699332,-0.07994428969359324,0.022980728204812697,0.026137190972617987,-0.0683308652422255,-0.06343040235914599,37.42146550413574,-1.220893982579753,-0.6462604121222463,-0.5746335704575066,-0.8130751520171327,-0.22234913488475505,0
2019-12-24,TSLA,64.92,66.46,64.33,65.14,65.14,984110267,-0.013926733272782377,-0.03453386690380911,-0.12716065925231135,0.020666953746953102,0.02614682675830406,-0.07511660431205223,-0.07467647769081057,35.42627097769116,-1.4301876434065832,-0.8030458583791137,-0.6271417850274695,0.033581807803814374,-0.18699935199211298,0
2019-12-25,TSLA,66.07,66.79,65.69,66.42,66.42,635225746,0.01964998464844947,-0.02266038846380214,-0.1223572938689218,0.020995417683495585,0.026187128940220072,-0.0507021116947154,-0.05525474838085657,40.203204421782374,-1.4757574615084366,-0.9375881790049783,-0.5381692825034583,-0.467389494229019,-0.261235723550965,0
2019-12-26,TSLA,66.84,67.29,66.84,67.29,67.29,506340502,0.013098464317976566,-0.009129730525695656,-0.08784058560390384,0.02092499328582411,0.02624963346006713,-0.03379353421353009,-0.04185563046867743,43.274795249228234,-1.425240852197831,-1.035118713643549,-0.3901221385542821,-0.6544771260455056,-0.26781825447230084,0
2019-12-27,TSLA,66.05,66.05,65.69,65.69,65.69,3774693806,-0.023777678704116623,-0.027391175599644768,-0.10577184862510203,0.021369360372238813,0.02622986431375669,-0.051476427694751255,-0.06368037705548939,39.278765658289494,-1.4970555787812714,-1.1275060866710935,-0.36954949211017785,2.930820726821061,-0.22413353730680344,0
2019-12-30,TSLA,65.4,65.89,65.4,65.89,65.89,1028564976,0.003044603440401916,-0.002573418104753311,-0.08358831710709325,0.021107966241956922,0.026181987398488902,-0.044442349665358975,-0.06011963064750791,40.02429328968346,-1.5203057995656764,-1.2060660292500103,-0.3142397703156661,-0.09369955792252947,-0.2636399298087507,0
2019-12-31,TSLA,67.11,67.42,66.92,67.17,67.17,1155685286,0.019426316588253112,0.031163647528400285,-0.03338609871924003,0.02054257248331773,0.026033840542385424,-0.0242378901341545,-0.041883995264336414,44.70363135078472,-1.4190881001851778,-1.248670443437044,-0.17041765674813392,0.020618201155465612,-0.25367796702212886,0
2020-01-01,TSLA,64.47,65.32,64.03,64.46,64.46,1583124192,-0.04034539228822398,-0.02950918398072877,-0.09415401911186061,0.02135927786918895,0.025696014662407354,-0.059026181144029265,-0.07922178099020093,37.95227717335168,-1.5397968758821037,-1.306895729926056,-0.23290114595604772,0.46677571199561985,-0.2037090570855566,0
2020-01-02,TSLA,65.62,65.77,64.13,65.37,65.37,340930783,0.014117282035370993,-0.028533214444939836,-0.12454801124949777,0.017830168756359316,0.025770058841667907,-0.03922044136775494,-0.06506545638306986,41.165472618510265,-1.5442291431559596,-1.3543624125720368,-0.18986673058392278,-0.8210670590541039,-0.2274744704498305,0
2020-01-03,TSLA,64.5,64.5,63.09,64.33,64.33,2288986878,-0.015909438580388624,-0.020703303394732808,-0.10826171333518164,0.01679932218929524,0.025760374820486133,-0.049048013245033086,-0.07883086601545088,38.698939295460995,-1.613066627280432,-1.4061032555137158,-0.2069633717667161,1.272890845448677,-0.19524474617615392,0
2020-01-06,TSLA,65.69,66.58,64.18,65.28,65.28,177525655,0.014767604539095425,-0.009257853999089405,-0.1081967213114754,0.016804026421827985,0.02582556717522358,-0.029322548028311343,-0.06422018348623859,42.11106031114567,-1.5728331276368692,-1.4394492299383466,-0.13338389769852266,-1.0652951275167233,-0.15261998918704536,0
2020-01-07,TSLA,63.5,65.21,63.5,64.08,64.08,504329384,-0.018382352941176516,-0.04600267976775352,-0.110617626648161,0.016899207027931466,0.025924805750830438,-0.041486234826897596,-0.08020238992356558,39.14693521989918,-1.6191136264615693,-1.4753821092429913,-0.14373151721857802,-0.6881424235063017,-0.1290825909103168,0
2020-01-08,TSLA,61.03,61.57,60.82,61.28,61.28,607328868,-0.043695380774032455,-0.04933291964008679,-0.13956753720864923,0.01889527803914271,0.026499473037942128,-0.07650343221839603,-0.11870663103270569,33.263513955067054,-1.8602836625611303,-1.5523624199066193,-0.30792124265451104,-0.5101889702021724,-0.07767931469862942,0
2020-01-09,TSLA,58.61,59.27,58.61,58.87,58.87,1134019251,-0.03932767624020894,-0.09943399112742857,-0.16139601139601145,0.020167685126803624,0.026835081630995995,-0.10518315853473165,-0.1510236651973061,29.196245157479765,-2.220285443977474,-1.6859470247207904,-0.5343384192566836,0.030315306377007977,-0.04855238031383536,0
2020-01-10,TSLA,58.55,59.19,58.03,58.97,58.97,912073338,0.0016986580601325851,-0.08332037929426395,-0.14212976432935698,0.020076766954443954,0.026682819499182293,-0.09695795655536252,-0.14695919474413835,29.581007179911524,-2.46905851552615,-1.8425693228818625,-0.6264891926442877,-0.1393203340853092,-0.0709691926578837,0
2020-01-13,TSLA,59.13,59.7,58.98,59.38,59.38,723717119,0.006952687807359803,-0.09037990196078427,-0.13754538852578058,0.02023866452292407,0.026681457037789208,-0.08403776146109707,-0.13864631988163276,31.231056040252582,-2.6031222209785128,-1.9946799025011925,-0.6084423184773202,-0.3615368764052747,-0.05664341957273321,0
2020-01-14,TSLA,57.86,58.38,57.86,58.08,58.08,794164830,-0.02189289323004384,-0.09363295880149813,-0.1391729657625611,0.020304672616908045,0.02675919670618506,-0.09755510150174425,-0.15509553908483237,28.917342672940322,-2.782196380851701,-2.1521831981712944,-0.6300131826804067,-0.27758712162022914,-0.0553976896669102,0
2020-01-15,TSLA,59.07,59.07,58.39,59.05,59.05,444822634,0.016701101928374706,-0.03639033942558756,-0.13110653325485577,0.020764622145306142,0.026871650699100712,-0.07608780686245364,-0.1388173869925695,32.91114296539375,-2.813411789517559,-2.2844289164405476,-0.5289828730770116,-0.6845529482796622,-0.06977943936898111,0
2020-01-16,TSLA,56.86,56.86,56.67,56.67,56.67,325756446,-0.040304826418289474,-0.037370477322914875,-0.16551317920777497,0.022004948530867447,0.026431809798046414,-0.10546005587914946,-0.1717334112832505,28.65673354837024,-2.9956641833211037,-2.426675969816659,-0.5689882135044448,-0.8024132869775945,-0.039962120802558426,0
2020-01-17,TSLA,56.47,56.9,55.84,56.61,56.61,1236940678,-0.001058761249338347,-0.04002034933016785,-0.16183002665087365,0.022061676105742584,0.026037254352327732,-0.09863146749038691,-0.17128608514043697,28.556512150672717,-3.109102221961244,-2.563161220245576,-0.5459410017156681,0.31303045600115476,-0.026491615446976226,0
2020-01-20,TSLA,55.18,55.18,54.94,54.94,54.94,1212831648,-0.029500088323617724,-0.07477265072414963,-0.1683318195579777,0.02236660407463987,0.025828203890409004,-0.11740845160927577,-0.19367542525035586,25.846984676579083,-3.2957661870273185,-2.7096822136019245,-0.586083973425394,0.23842167290268462,0.012301168138691037,1
2020-01-21,TSLA,53.9,55.03,53.9,54.08,54.08,2069756128,-0.015653440116490724,-0.06887052341597799,-0.16978814860300895,0.02239021363535055,0.025191091434661868,-0.1234368795130926,-0.20355024938145538,24.554893629207143,-3.4730582828821994,-2.8623574274579795,-0.6107008554242199,1.1757400967375022,0.05451480094206285,1
2020-01-22,TSLA,53.95,54.9,53.53,54.17,54.17,497939798,0.0016642011834320236,-0.08264182895850969,-0.1844323998795544,0.021522493940017966,0.02519831937614797,-0.1131738781657745,-0.1995488195918689,24.977565287581527,-3.565203847635935,-3.0029267114935707,-0.5622771361423644,-0.6665701676913304,0.04051919808207718,1
2020-01-23,TSLA,53.09,53.89,52.6,53.05,53.05,1212183512,-0.02067565072918598,-0.06387859537674268,-0.21162134046663705,0.020938524797780043,0.02517657606905676,-0.12126683341339392,-0.21304423072168532,23.23318563669406,-3.6861132918431636,-3.1395640275634893,-0.5465492642796743,0.13167439559428742,0.05518768067665022,1
2020-01-24,TSLA,52.06,52.77,52.06,52.56,52.56,674698149,-0.009236569274269413,-0.0715421303656597,-0.19987821586238386,0.020745262106550907,0.02513305839854332,-0.11981177101039109,-0.2170571119298489,22.493065372598252,-3.777924243380525,-3.267236070726897,-0.5106881726536283,-0.4818407483763202,0.04045663097947156,1
2020-01-27,TSLA,53.48,54.61,53.48,53.93,53.93,1633980649,0.02606544901065444,-0.01838369129959949,-0.18151464562149033,0.022149668890271902,0.02289885837495025,-0.08773354308864714,-0.19243094308732062,29.27673950436362,-3.6975148835493314,-3.353291833291384,-0.3442230502579475,1.1254703329350295,0.004071064097863999,1
2020-01-28,TSLA,53.1,53.18,52.87,53.18,53.18,1476850572,-0.013906916373076172,-0.01664201183431946,-0.20827750483846963,0.021068042052532227,0.022483230957612194,-0.08964856120649803,-0.19887318002756796,27.840185614286995,-3.6522082354360066,-3.413075113720309,-0.23913312171569778,0.8156952761405917,0.02799849154380756,1
2020-01-29,TSLA,54.81,55.09,53.89,54.33,54.33,907973398,0.02162467092892073,0.002953664389883537,-0.15715172199813832,0.02114322507596748,0.02276009717183243,-0.0618281658766545,-0.17688053935307946,33.24872549713932,-3.4833530753992363,-3.4271307060560945,-0.05622236934314184,-0.08811330157951038,0.025980205888836812,1
2020-01-30,TSLA,53.08,53.08,52.84,52.84,52.84,652474036,-0.027424995398490637,-0.00395852968897259,-0.1916781398194891,0.02086400102383048,0.022822935230917402,-0.07757838139794711,-0.19492127983748098,30.10072562762079,-3.430223214112317,-3.4277492076673393,-0.00247400644497775,-0.5710383195319587,0.03129912717420732,1
2020-01-31,TSLA,53.13,54.09,53.13,53.58,53.58,1423748910,0.014004542013625887,0.019406392694063745,-0.1671071039950257,0.02150862480281097,0.022535556508193624,-0.0558007982871189,-0.179764043109079,33.46978574081457,-3.290475052544359,-3.4002943766427434,0.10981932409838446,1.0149357489054784,0.03970154622376556,1
2020-02-03,TSLA,55.95,55.95,55.21,55.57,55.57,1179247917,0.037140724150802606,0.03040979046912673,-0.14874387254901966,0.023309614664013815,0.023140421320294383,-0.012282042622776034,-0.1455830008379652,41.61896585015028,-2.984741022227084,-3.3171837057596116,0.3324426835325278,0.4359788751286706,0.037613686222224045,1
2020-02-04,TSLA,52.51,53.04,52.04,52.26,52.26,530502781,-0.05956451322656109,-0.017299736743136562,-0.18445692883895137,0.02596502538315244,0.0241589613437156,-0.06125381713669847,-0.19253618728545785,34.130437893758256,-2.975237254631182,-3.2487944155339257,0.27355716090274385,-0.9984416468560816,0.10971382760793635,1
2020-02-05,TSLA,51.37,52.25,50.78,51.26,51.26,360614758,-0.019135093761959432,-0.05650653414319895,-0.16351174934725854,0.024834729639139005,0.023919843104420364,-0.07085500915369149,-0.20438524558358281,32.24289886041949,-3.0136575249804807,-3.2017670374232368,0.1881095124427561,-1.3062989444498945,0.17658266012493642,1
2020-02-06,TSLA,52.36,52.36,51.62,52.03,52.03,672747249,0.015021459227467782,-0.015329295987888014,-0.11618821131306267,0.02426138007172522,0.024008584885087458,-0.05101501085231724,-0.18913232639384933,35.2139556531678,-2.9479906994708927,-3.151011769832768,0.20302107036187556,-0.584422577868362,0.14269073969920937,1
2020-02-07,TSLA,51.69,51.79,51.14,51.79,51.79,1985721754,-0.0046127234287911545,-0.033407988055244475,-0.12175682550449385,0.024198662999398782,0.02383202304054813,-0.04916648307262975,-0.18988463794564298,34.70317951173604,-2.8820922954451973,-3.097227874955254,0.2151355795100569,1.8810851657861785,0.11668827430159216,1
2020-02-10,TSLA,52.01,53.07,52.01,52.3,52.3,1591419616,0.009847460899787608,-0.05884470037790179,-0.11923206466823855,0.024289892884600366,0.02308043661930435,-0.03352182429685479,-0.17835765792657066,36.80100603873606,-2.7569343743943477,-3.029169174843073,0.27223480044872517,1.0223775741260168,0.0629837758623612,1
2020-02-11,TSLA,51.55,51.75,51.19,51.54,51.54,410383857,-0.01453154875717011,-0.013777267508610747,-0.11260330578512401,0.024092074522399493,0.022839121449190133,-0.041775893803335254,-0.18627048533265964,34.9966109857705,-2.688084899218957,-2.96095231971825,0.2728674204992929,-1.1149046779972323,0.11549524841546671,1
2020-02-12,TSLA,51.73,52.54,51.25,51.68,51.68,396959790,0.00271633682576633,0.008193523214982568,-0.12480948348856902,0.02360645460778726,0.022850699550669738,-0.03254490485505974,-0.18000793335977786,35.62279671970148,-2.5923414654009846,-2.887230148854797,0.2948886834538125,-1.129284169299364,0.1295810694020182,1
2020-02-13,TSLA,51.54,51.81,51.28,51.5,51.5,1718659235,-0.0034829721362229504,-0.010186430905246957,-0.09122992765131466,0.02221597602684823,0.022141647720235882,-0.031226486079759284,-0.1781587031397529,35.15390784094343,-2.5021454250546995,-2.8102132040947776,0.3080677790400781,1.1401886413393745,0.1322198533210808,1
2020-02-14,TSLA,53.12,53.37,53.05,53.05,53.05,404684559,0.030097087378640808,0.024329021046534116,-0.06288641582759236,0.02352624539442424,0.02259477409573871,0.0012834547582198663,-0.1488326197931847,42.20817937094785,-2.279317810252863,-2.7040341253263946,0.4247163150735318,-1.1353006243390305,0.11002445761345314,1
2020-02-17,TSLA,53.9,53.9,53.42,53.42,53.42,1085793826,0.006974552309142457,0.021414913957935156,-0.02766654532216961,0.022763369517028103,0.02255196494298718,0.009715344195365556,-0.1386626321149954,43.78039060901214,-2.0492469689095074,-2.573076694043017,0.5238297251335098,0.07304815872544931,0.07551095606247694,1
2020-02-18,TSLA,54.33,54.33,53.61,53.9,53.9,552717329,0.008985398727068494,0.045789677920062166,-0.003328402366863936,0.022603491988319988,0.021875892313010997,0.018961377771896194,-0.12605459861746926,45.83891525238882,-1.8073481961315565,-2.4199309944607252,0.6125827983291687,-0.7946551114907229,0.1281598488226118,1
2020-02-19,TSLA,53.77,53.85,53.37,53.37,53.37,2110576468,-0.009833024118738432,0.03270123839009287,-0.014768321949418572,0.02270700649827463,0.021736748335913273,0.009705431636301548,-0.12939929040414336,43.92636511355315,-1.6395090072470495,-2.26384659701799,0.6243375897709407,1.8651891901065256,0.1417883844666187,1
2020-02-20,TSLA,53.07,53.07,52.48,52.75,52.75,503827809,-0.011617013303353851,0.024271844660194164,-0.005655042412818001,0.0223711705410212,0.021598553363897467,-0.001741039324779642,-0.13456726996305843,41.73277123515096,-1.538785893366061,-2.1188344562876047,0.5800485629215437,-0.8785278266390655,0.1565580708653714,1
2020-02-21,TSLA,52.67,52.67,52.07,52.21,52.21,1588437901,-0.010236966824644589,-0.01583411875589058,-0.006659056316590584,0.022393914341148864,0.02160719786231797,-0.011632859752576922,-0.1384204099145186,39.86546911181918,-1.4854126743041292,-1.9921500998909096,0.5067374255867805,0.8995207049018573,0.18547688761379552,1
2020-02-24,TSLA,52.33,52.97,52.04,52.75,52.75,893730820,0.010342846198046374,-0.01254211905653313,-0.02188021509363991,0.02169226189590445,0.021600616852544878,-0.000293752546644983,-0.12490011695647724,42.62991165805664,-1.3835913468418894,-1.8704383492811056,0.4868470024392162,-0.22439069486059818,0.18783555264723958,1
2020-02-25,TSLA,51.98,52.58,51.98,52.22,52.22,930578424,-0.01004739336492888,-0.03116883116883118,-0.018051899210229427,0.021587182427913118,0.02128408648450993,-0.009437093944136107,-0.12953609708122887,40.654493728286745,-1.3303285820570352,-1.7624163958362917,0.43208781377925654,-0.11442700336746306,0.20388616025972803,1
2020-02-26,TSLA,52.62,53.4,51.92,52.63,52.63,245256424,0.007851397931826876,-0.013865467491099737,-0.03129026320633155,0.021050994542412126,0.02101693076348755,-4.7499168764638414e-05,-0.11816204170424997,42.860338231524025,-1.240731503299024,-1.6580794173288382,0.4173479140298142,-1.2194162248150608,0.17682799710060176,1
2020-02-27,TSLA,55.84,56.51,55.46,55.46,55.46,213308917,0.053771613148394515,0.05137440758293832,0.04958364875094623,0.02345508733187671,0.02121786784268982,0.05110540430411175,-0.06573228664802389,55.2300800547743,-0.9306399857159775,-1.512591531006266,0.5819515452902886,-1.1956574609177328,0.13679418509168448,1
2020-02-28,TSLA,56.71,56.93,56.0,56.71,56.71,700749080,0.022538766678687372,0.08619038498371956,0.05841731989548338,0.02374767175952918,0.021153780469068368,0.07161753590325017,-0.04051840092039846,59.40984570911195,-0.5773701074305038,-1.3255472462911138,0.74817713886061,-0.33904661589495333,0.16195449585665678,1
2020-03-02,TSLA,56.55,57.16,56.27,56.27,56.27,927630124,-0.0077587727032268905,0.06672985781990537,0.012596724851538621,0.022448123434808658,0.02101957656090185,0.06260032102728727,-0.04339596980755707,57.379139968413526,-0.32911171153811125,-1.1262601393405134,0.7971484278024021,0.06115889115975799,0.20394497115207177,1
2020-03-03,TSLA,57.6,58.52,57.6,58.02,58.02,407226990,0.03110005331437704,0.11106855610877076,0.11021814006888642,0.018389974387007176,0.021447809577027455,0.08972071446011669,-0.009708903573775384,62.822191147090706,0.008744430104506762,-0.8992592254515094,0.9080036555560161,-0.7964148418280976,0.21365364530068623,1
2020-03-04,TSLA,57.17,57.61,57.17,57.46,57.46,416244736,-0.009651844191658099,0.09177275318259537,0.12095200936402661,0.017838059078917508,0.021437141103283347,0.07295576344929329,-0.015413086129935936,60.17391575978547,0.22867451908257408,-0.6736724765446928,0.9023469956272668,-0.7892240271906835,0.21102728445018037,1
2020-03-05,TSLA,54.88,55.53,54.48,54.63,54.63,1120323789,-0.04925165332405146,-0.01496574107464832,0.04997117047857014,0.021514140638197798,0.02220097841330699,0.017640593856528053,-0.05972461273666091,48.944922914229444,0.1726234546741381,-0.5044132903009266,0.6770367449750647,0.3516900735903891,0.23728435656664973,1
2020-03-06,TSLA,52.94,53.3,52.56,53.3,53.3,1121253046,-0.02434559765696509,-0.0601304884500089,0.029156207762116138,0.022303233589985885,0.022251342315947997,-0.008528883804421773,-0.07853487621594214,44.72119601103065,0.02064471811853963,-0.3994016886170334,0.42004640673557303,0.4670115675626417,0.25932892210667896,1
2020-03-09,TSLA,50.73,50.89,50.48,50.89,50.89,736452548,-0.04521575984990611,-0.09561044961791365,-0.02695984703632881,0.024528645414951256,0.022864511031132073,-0.0521159290716734,-0.11562300874703116,38.27563567463613,-0.2909129212696797,-0.3777039351475627,0.08679101387788296,-0.16964580458580453,0.30747892025303064,1
2020-03-10,TSLA,50.23,51.54,49.83,50.47,50.47,1277436321,-0.008253094910591452,-0.13012754222681844,-0.020760574311214586,0.024387193783836265,0.022781501557007658,-0.059001202584157655,-0.11858190709046454,37.26755542592261,-0.5651998134254654,-0.41520311080314326,-0.14999670262232218,0.7922801214022633,0.34355176244546337,1
2020-03-11,TSLA,50.36,50.64,50.36,50.51,50.51,395427739,0.0007925500297205623,-0.1209537069265576,-0.0226393188854489,0.024376528092286482,0.022739820250537102,-0.05722711661938186,-0.11338004476105498,37.43655621183185,-0.770465044448656,-0.48625549753224584,-0.2842095469164102,-0.912476344022886,0.30085956670346237,1
2020-03-12,TSLA,52.92,53.66,52.5,52.7,52.7,646083331,0.043357750940407946,-0.03532857404356582,0.023300970873786353,0.02628677946113092,0.023566825897414698,-0.01745096576925945,-0.07080348169524002,46.012101456457685,-0.7478042990172682,-0.5385652578292504,-0.20923904118801784,-0.350584157673264,0.297218993798159,1
2020-03-13,TSLA,53.02,54.19,53.02,53.16,53.16,2149984701,0.008728652751422983,-0.00262664165103188,0.0020735155513667003,0.02548444046096582,0.023622478939194152,-0.008976259053158412,-0.058715206459381136,47.63568602435495,-0.6848330107275231,-0.567818808408905,-0.11701420231861814,2.256759400135846,0.2849978863378182,1
2020-03-16,TSLA,52.95,52.95,52.24,52.89,52.89,833374165,-0.005079006772009009,0.03930045195519738,-0.009921377761138217,0.025463583872038897,0.02350223719301328,-0.013522335167397079,-0.05984197381635891,46.747051200648606,-0.6492306280420834,-0.5841011723355407,-0.06512945570654272,-0.09995485357300378,0.2799952018616535,1
2020-03-17,TSLA,53.6,54.71,52.92,54.03,54.03,862881138,0.021554169030062464,0.07053695264513582,0.0024118738404452778,0.02585408115084136,0.02367925083310745,0.0076182128437286625,-0.03640600663440607,50.91096004445241,-0.5229982127980222,-0.571880580428037,0.048882367630014856,-0.07535166205036369,0.23378449562258657,1
2020-03-18,TSLA,51.46,51.46,51.0,51.15,51.15,3190897147,-0.05330372015546925,0.012670758265689974,-0.04159640247329954,0.02845899785817648,0.024368146724390107,-0.04411283766737373,-0.08360978318965898,41.98043815896127,-0.6478816685150974,-0.5870807980454491,-0.06080087046964833,3.177127584288721,0.2477455606537701,1
2020-03-19,TSLA,51.34,51.57,51.34,51.48,51.48,345462515,0.006451612903225712,-0.02314990512333981,-0.024075829383886305,0.028415582181401267,0.02430388815006711,-0.03680281400265695,-0.07332293291731665,43.20970401823682,-0.7120167786237417,-0.6120679941611077,-0.099948784462634,-0.8528099216195962,0.26230449339069745,1
2020-03-20,TSLA,52.66,53.07,52.48,52.5,52.5,1289935714,0.019813519813519864,-0.01241534988713311,0.005554491476728485,0.028685349888838124,0.024359028050836014,-0.017984905025111547,-0.05120767708530988,46.950979276214504,-0.6727834115735476,-0.6242110776435957,-0.04857233392995186,0.5082370730828727,0.24507276735742994,1
2020-03-23,TSLA,50.85,51.9,50.47,50.62,50.62,2170865489,-0.03580952380952385,-0.042919266401966416,-0.04037914691943134,0.02970451698872849,0.024697958372045328,-0.05126042545216005,-0.08095644437989064,41.52146964932374,-0.7843494811316702,-0.6562387583412107,-0.12811072279045954,1.561548395368365,0.24973277512397637,1
2020-03-24,TSLA,51.81,52.12,51.81,52.12,52.12,658243343,0.029632556301856905,-0.0353507310753286,-0.0019149751053236796,0.03042955486413813,0.024896960349146416,-0.023055295220243747,-0.049393711869507535,46.80699954881058,-0.7431622196044856,-0.6736234505938657,-0.06953876901061984,-0.4338619117082752,0.18863313937961654,1
2020-03-25,TSLA,52.99,52.99,51.61,52.58,52.58,1339789664,0.00882578664620115,0.027956989247311714,-0.0009500285008551268,0.03044298063558626,0.024483213915464434,-0.014386803505319,-0.03752810565591055,48.34878478977884,-0.6657287557913989,-0.6720445116333724,0.006315755841973525,0.40644096551178704,0.17203041726985152,1
2020-03-26,TSLA,52.19,52.67,52.07,52.07,52.07,443757278,-0.009699505515405105,0.011460761460761582,-0.0611251352326001,0.027777424637037855,0.02439236233156463,-0.020835683929444453,-0.04298041666283754,46.73153727898536,-0.6381586202593041,-0.6652673333585588,0.027108713099254667,-0.8382448099219713,0.22394983267327967,1
2020-03-27,TSLA,52.85,53.56,52.85,52.92,52.92,529773737,0.016324178989821414,0.008000000000000007,-0.06683124669370477,0.027512807032553117,0.024469028925180863,-0.0012927333289298663,-0.023946389597614557,49.74852259286199,-0.5414793560075566,-0.6405097378883584,0.09903038188080182,-0.7026802586251697,0.20175236133289215,1
2020-03-30,TSLA,55.69,56.84,55.41,56.04,56.04,1007743842,0.05895691609977316,0.10707230343737661,-0.0040874355784610295,0.030768684748259553,0.02564803691068352,0.05781754346225725,0.03654288409487467,58.94098583321287,-0.21067389990140128,-0.554542570290967,0.3438686703895657,-0.05398048542941351,0.10733928465388867,1
2020-03-31,TSLA,56.82,56.82,56.32,56.32,56.32,1291590192,0.0049964311206280865,0.08058326937835769,-0.029300241296104867,0.029933322644197458,0.02557575619669461,0.06481131362020702,0.044219894317233804,59.654279976814465,0.07324118849973615,-0.42898581853282636,0.5022270070325625,0.27962851956366447,0.09672962645855111,1
2020-04-01,TSLA,56.99,56.99,55.84,56.7,56.7,1567208592,0.006747159090909172,0.07835678965386084,-0.01322659241211277,0.029910144224542124,0.024998680881464706,0.07276648881825412,0.05275535970688726,60.65331011879668,0.32516051772000054,-0.27815655128226097,0.6033170690022616,0.5932677610820798,0.08369901887664684,1
2020-04-02,TSLA,55.76,56.16,55.76,56.08,56.08,2051377082,-0.010934744268077723,0.0770117149990397,0.026542192934285058,0.027754994046346886,0.024524819284666148,0.05958262873985624,0.04214350534110926,58.12440565763741,0.46936898912938574,-0.12865144319993163,0.5980204323293173,1.1672886182497029,0.027784449483921402,1
2020-04-03,TSLA,54.75,55.53,54.27,54.93,54.93,768178022,-0.020506419400855846,0.03798185941043086,0.030581613508442906,0.027578257656276944,0.024658067533584044,0.036258677935405915,0.022051732104481376,53.65567278718245,0.4852660081637481,-0.005867952927195688,0.49113396109094376,-0.5540656959902539,0.047636516389762816,1
2020-04-06,TSLA,56.46,56.46,56.11,56.11,56.11,1637058798,0.021481886036774034,0.0012491077801570771,0.10257417960306547,0.02554244226113727,0.02480720626562959,0.0533330830314068,0.045067082218400535,57.28460723784096,0.5863218947785498,0.11257001661395341,0.4737518781645964,0.5608946778122605,0.020986573957813254,1
2020-04-07,TSLA,55.16,55.16,54.07,54.95,54.95,651388693,-0.020673676706469357,-0.02432528409090906,0.08876560332871031,0.026033131166730446,0.024789995936604775,0.027237208606733468,0.024457087459489477,52.89936427813861,0.5662793911886794,0.20331189152889861,0.3629674996597808,-0.7209592464097535,0.0598642835899451,1
2020-04-08,TSLA,55.37,56.11,55.07,55.07,55.07,1374361074,0.002183803457688871,-0.02874779541446215,0.0902791526430411,0.026024327463953906,0.024688713076819115,0.025111222799277685,0.02796556648238664,53.29765696278931,0.5536958981631273,0.27338869285574435,0.2803072053073829,0.18435957928250724,0.1043976407662439,1
2020-04-09,TSLA,54.38,54.45,54.38,54.45,54.45,905948735,-0.011258398402033687,-0.029065620542082615,0.03320683111954459,0.024574215153391765,0.024181762331883377,0.011921908248696779,0.01709478875124914,50.90262735297137,0.48806842188199084,0.31632463866099364,0.1717437832209972,-0.4846004477378964,0.1442633143274252,1
2020-04-10,TSLA,55.37,56.25,55.13,55.13,55.13,1045129610,0.01248852157943059,0.0036409976333515726,0.03705793829947335,0.024643314576368883,0.024238475814440132,0.022687220583597657,0.03027150603779342,53.37721526018375,0.485333864432306,0.35012648381525613,0.13520738061704984,-0.22308335564436058,0.12563251134212863,1
2020-04-13,TSLA,55.49,56.06,55.49,55.62,55.62,1031319332,0.008888082713585987,-0.008732846194974164,0.051616562677254674,0.02462677674923699,0.023955668448274403,0.029170945627133755,0.03920854236148093,55.132114117940645,0.5167488537303271,0.3834509577982703,0.13329789593205676,-0.25918068040336184,0.08970461858527341,1
2020-04-14,TSLA,56.78,57.77,56.78,57.11,57.11,305413451,0.02678892484717732,0.03930846223839857,0.057005367388487826,0.024863184591031578,0.024097173931860987,0.053738641081230575,0.06604196221906959,60.05572069191992,0.6543332601178946,0.4376274182621952,0.2167058418556994,-1.2356751574847458,0.12802246236860568,1
2020-04-15,TSLA,56.56,56.56,55.14,56.41,56.41,407489973,-0.012257047802486487,0.024332667514072925,0.10283479960899311,0.02142070904410918,0.02415952164162211,0.03579658651683318,0.05224214688984501,56.89684610075007,0.6988300655768924,0.48986794772513464,0.20896211785175778,-1.1577013305181258,0.14235601748767063,1
2020-04-16,TSLA,56.59,56.59,55.67,56.06,56.06,850661520,-0.006204573657152879,0.029568411386593274,0.08896658896658916,0.02156581514089722,0.02401161943591358,0.02505965496119012,0.04473578769835739,55.329764853008356,0.6978081317846332,0.5314559845370344,0.16635214724759884,-0.4110946810262221,0.14934838184765367,1
2020-04-17,TSLA,54.52,55.45,53.88,54.73,54.73,290650639,-0.02372458080627904,-0.007255577725376439,0.042476190476190334,0.022127628687808657,0.024190576331540845,-0.0012955967956790031,0.019262882790045188,49.72512762899876,0.5829583758871664,0.5417564628070608,0.04120191308010557,-1.3212479081482509,0.17335892242846918,1
2020-04-20,TSLA,54.11,54.82,54.11,54.15,54.15,1317137504,-0.01059747853097015,-0.026429341963322472,0.06973528249703675,0.02049982568451308,0.024008104666484117,-0.01505161202310037,0.008392407106233409,47.467034653153476,0.44006516684058283,0.5214182036137652,-0.0813530367731824,0.7093206275904553,0.18937571884749205,1
2020-04-21,TSLA,54.88,55.66,54.29,54.69,54.69,1349410381,0.009972299168975018,-0.04237436526002458,0.04930928626247133,0.0196376842295383,0.02396561569972569,-0.007549087213733731,0.017971316624631063,49.754797303646534,0.36617373335005965,0.49036930956102415,-0.1241955762109645,0.7032007448582631,0.17639190039413172,1
2020-04-22,TSLA,55.81,55.81,55.76,55.76,55.76,973396764,0.01956481989394776,-0.011522779648998394,0.060479269684290626,0.019961317782916113,0.02393666345320446,0.008956844295666289,0.03742751713231425,54.027042713535934,0.38946478992187394,0.47018840563319414,-0.0807236157113202,-0.03457002790608994,0.143124755358612,1
2020-04-23,TSLA,54.9,55.03,54.52,54.52,54.52,408221138,-0.02223816355810604,-0.027470567249375688,0.047052045323602965,0.020572896145596223,0.02384249245581986,-0.015662378695554046,0.013828883833656743,48.84388547060189,0.3043570446157844,0.4370221334297122,-0.1326650888139278,-1.2056722372316788,0.152472299070314,1
2020-04-24,TSLA,56.04,56.31,55.15,55.75,55.75,1830918084,0.022560528246514888,0.018636945002740823,0.05347694633408917,0.020838995090792796,0.023948146504673265,0.003979902393344084,0.036004645760743324,53.59917535504432,0.33232838895299466,0.4160833845343687,-0.08375499558137406,1.545378575200672,0.12984748531798007,1
2020-04-27,TSLA,57.19,57.99,57.09,57.7,57.7,2715729329,0.034977578475336335,0.06555863342566948,0.029621698786581163,0.017924724647873983,0.023894299568223004,0.03754585341293248,0.07153469023919187,59.9546213621687,0.5060115973202883,0.43406902709155265,0.07194257022873568,2.5223821955705117,0.08230650782802337,1
2020-04-28,TSLA,58.91,59.08,57.85,58.32,58.32,873698664,0.010745233968804113,0.06637410861217785,0.035511363636363535,0.018027639418444267,0.022565423082632114,0.04681217690982188,0.08102096424400841,61.748569080215724,0.6857803606015551,0.4844112937935532,0.20136906680800193,-0.38931050253791977,0.05422965122271602,1
2020-04-29,TSLA,61.46,62.13,60.69,61.16,61.16,1086601993,0.04869684499314131,0.09684361549497855,0.07865961199294524,0.020841968124001048,0.023175461983072566,0.09341199606686322,0.13020660087962435,68.67173911710583,1.045362379005951,0.5966015108360327,0.4487608681699182,-0.011495545087896773,0.009924428646946419,1
2020-04-30,TSLA,60.45,60.91,59.38,60.01,60.01,902828519,-0.018803139306736383,0.10069699192956705,0.07007845934379464,0.021209691713645226,0.023294386369136635,0.06909667477263204,0.10623628956439998,63.648223224792766,1.2234353292771303,0.7219682745242523,0.501467054752878,-0.2316324028550927,0.022898620151675285,1
2020-05-01,TSLA,58.38,58.38,57.11,58.2,58.2,1099610115,-0.030161639726712153,0.04394618834080721,0.05953031130529762,0.021886452477470782,0.02365998833127285,0.03383959499067428,0.07076164514615654,56.626914767202244,1.2046214261644934,0.8184989048523006,0.3861225213121928,0.08164198391519596,0.0917110835164717,1
2020-05-04,TSLA,56.1,56.1,55.7,55.7,55.7,744530775,-0.04295532646048106,-0.03466204506065862,-0.007307075387631423,0.023708404632397585,0.02434365830201765,-0.010208886795973317,0.023699469771459623,48.64485779182882,0.9767231097524416,0.8501437458323289,0.1265793639201127,-0.4713292128126455,0.06985425981097625,1
2020-05-05,TSLA,57.4,57.85,57.4,57.85,57.85,783484201,0.03859964093357271,-0.008058984910836786,0.05277525022747942,0.024685862210937833,0.024719923008788593,0.025354708921560717,0.0611628461543165,54.57505900707622,0.9585495215691822,0.8718249009796996,0.0867246205894826,-0.4162363158038359,0.05971923470162228,1
2020-05-06,TSLA,58.65,58.83,58.19,58.83,58.83,1377354628,0.01694036300777868,-0.03809679529103982,0.06827673869620488,0.02488421435473195,0.024792795218511656,0.03926158194585517,0.07678556720529345,57.01178770127678,1.011563952233928,0.8997727112305453,0.11179124100338267,0.6518768092545449,0.07449642538641023,1
2020-05-07,TSLA,59.22,59.22,58.36,58.78,58.78,3267772826,-0.0008499065102838266,-0.02049658390268283,0.07952249770431585,0.02466496319461024,0.024784419577218983,0.034422075179501674,0.07348639574842412,56.84424407415858,1.0375830765184588,0.927334784288128,0.11024829223033084,2.850510530915381,0.024036790485585175,1
2020-05-08,TSLA,58.87,59.22,58.0,59.22,59.22,345311428,0.007485539299081356,0.017525773195876226,0.07418828224197349,0.02460092690613136,0.024528386932395726,0.038428154343880784,0.07949470460635441,58.01358042540036,1.0812438368380342,0.9581165947981093,0.12312724203992487,-0.9785306911920052,0.00857508407076934,1
2020-05-11,TSLA,57.12,57.61,57.12,57.61,57.61,751598259,-0.027186761229314405,0.03429084380610403,0.03577849694354551,0.02551911465267481,0.024808922761050456,0.00843719367035428,0.048811644157743424,52.41690664708228,0.9746960697170408,0.9614324897818957,0.013263579935145153,-0.43008147208988823,0.027225378145668336,1
2020-05-12,TSLA,61.62,61.62,61.27,61.27,61.27,393945726,0.0635306370421802,0.05911840968020754,0.07284188408334802,0.028536530738684403,0.026053708638099176,0.06861308776336006,0.1129544972904243,61.50790815384976,1.1720766388419932,1.0035613195939153,0.16851531924807794,-0.9036376245942267,-0.06908613984339752,0
2020-05-13,TSLA,61.91,62.4,60.55,61.5,61.5,2079129096,0.003753876285294444,0.04538500764915865,0.09023222832831057,0.028282726668037363,0.026003956421778184,0.06788446011060854,0.11438951688647414,61.9992487788642,1.331710114494399,1.069191078574012,0.26251903592038706,1.160674979539832,-0.09172312504959157,0
2020-05-14,TSLA,61.28,62.78,60.9,61.69,61.69,562193816,0.003089430894308798,0.0495066349098332,0.10042811273635377,0.028170166082572185,0.025935969461964754,0.06597318219518934,0.11482243379104069,62.42593613917801,1.4567595884158635,1.1467047805423822,0.3100548078734813,-0.7534660037916917,-0.12208796047068782,0
2020-05-15,TSLA,63.3,63.3,62.85,62.85,62.85,336490179,0.018803695898849115,0.06129685916919958,0.1483646994335832,0.027470707749036982,0.02595682185663772,0.07845155976526297,0.1321570428814613,65.0091544189889,1.630667186634497,1.2434972617608053,0.38716992487369173,-1.0453682298826958,-0.0964723504876397,0
2020-05-18,TSLA,63.88,65.01,63.6,63.65,63.65,1173095946,0.012728719172633296,0.1048429092171499,0.17543859649122817,0.027164478894314715,0.025969421918473228,0.08334893537351282,0.14282807305241926,66.70902602054184,1.8121541403769044,1.3572286374840252,0.45492550289287914,0.025835860590061682,-0.085227637085338,0
2020-05-19,TSLA,64.06,64.59,63.06,64.03,64.03,2278052319,0.005970149253731405,0.045046515423535105,0.17078076430791733,0.02716751400402785,0.02591041501979875,0.08122255994596438,0.14560223287769264,67.51627190658007,1.9640068347291972,1.4785842769330597,0.4854225577961375,1.3068341921570084,-0.05885943072237611,0
2020-05-20,TSLA,63.23,63.23,62.54,62.81,62.81,1191118622,-0.01905356863970009,0.021300813008130026,0.12643472022955526,0.027689316664537948,0.026070251476909802,0.05434554534390863,0.12037339834111235,62.29370049594273,1.9632759618174092,1.5755226139099296,0.3877533479074795,-0.02302084441731125,-0.021077121653817293,0
2020-05-21,TSLA,63.49,63.59,62.86,63.59,63.59,904487213,0.012418404712625453,0.030799157075701133,0.16636096845194426,0.02687987390576295,0.02524651298202309,0.059374271149168815,0.13155170930918822,64.20036377507964,2.002552047578071,1.6609285006435581,0.3416235469345128,-0.4100917714591228,-0.061116172077514484,0
2020-05-22,TSLA,66.28,67.13,66.14,66.68,66.68,1022467390,0.0485925459977985,0.060938743038981835,0.196053811659193,0.028215830197455515,0.02581304772858645,0.10082958438235175,0.18303861848719621,70.55294849568614,2.256998530181683,1.7801425065511831,0.4768560236304997,-0.21651888280479897,-0.12118187656344945,0
2020-05-25,TSLA,68.7,70.08,68.7,69.0,69.0,1869439326,0.03479304139172146,0.08405341712490189,0.19584055459272087,0.028207043001535786,0.026094629665337137,0.12860355755469224,0.2196091947927989,74.24782521223271,2.6157016315926995,1.9472543315594866,0.668447300033213,0.9839588033569929,-0.14276645139545746,0
2020-05-26,TSLA,71.84,72.34,71.84,71.84,71.84,473413815,0.041159420289855086,0.12197407465250665,0.2318244170096022,0.029091806205939732,0.02630487249241918,0.1622056670468426,0.26465885252394844,77.90298801989073,3.0934809659564024,2.17649965843887,0.9169813075175326,-0.8873114516045257,-0.2131367158500437,0
2020-05-27,TSLA,71.0,71.0,70.68,70.96,70.96,747983694,-0.012249443207127064,0.12975640821525225,0.16023544800523215,0.02809679951078932,0.02632969103984946,0.13894082996942378,0.24423922731855563,74.38010194176185,3.362356729734728,2.4136710726980417,0.9486856570366862,-0.49139182570820905,-0.1825470613613777,0
2020-05-28,TSLA,69.68,69.68,69.26,69.26,69.26,609644105,-0.02395715896279582,0.08916496304450394,0.15414097650391612,0.028376182385680262,0.02565878921188459,0.1034636586687061,0.20926063879318377,67.98417831595812,3.399084388196549,2.6107537357977435,0.7883306523988054,-0.6505976383875978,-0.1637256840696948,0
2020-05-29,TSLA,69.48,69.48,68.72,69.08,69.08,396934094,-0.0025989026855328667,0.03599280143971195,0.18694158075601375,0.027087139250806875,0.025399801823299126,0.09113884062549353,0.20060482118959766,67.32405505936916,3.3747646404022973,2.7635559167186545,0.6112087236836428,-0.8672807828613798,-0.17000627195147372,0
2020-06-01,TSLA,69.32,69.32,69.21,69.21,69.21,656855651,0.0018818760856977867,0.003043478260869481,0.24254937163375212,0.024274484456926895,0.024546124507722554,0.08165131162528998,0.1965147035942119,67.56898017229709,3.3276222210147424,2.8763691775778724,0.45125304343687,-0.5229070070429488,-0.1536932397980948,0
2020-06-02,TSLA,71.56,71.56,70.35,71.16,71.16,1554830941,0.028175119202427545,-0.009465478841870878,0.23007778738115814,0.02376152067658372,0.024652180619587048,0.10067903048676742,0.22293606624523454,71.0716900409457,3.4083212118533908,2.9827595844329764,0.42556162742041437,0.5854188366581338,-0.1699198560323731,0
2020-06-03,TSLA,67.82,68.24,67.82,68.24,68.24,1123777133,-0.04103428892636318,-0.03833145434047347,0.15995240523542398,0.026351577841401783,0.025383597775224722,0.0478874104558402,0.16682815616984886,60.52923683631802,3.199771176620388,3.026161902870459,0.17360927374992885,0.04755452069082439,-0.13655051601812485,0
2020-06-04,TSLA,70.3,71.93,70.3,70.94,70.94,1177413946,0.039566236811254374,0.024256425064972387,0.2068730860837018,0.02719183334429346,0.02529190831414297,0.07927186423143331,0.20672253660085496,65.60912204119555,3.215297260963524,3.0639889744890723,0.15130828647445194,0.3348821997866932,-0.1458914875708792,0
2020-06-05,TSLA,71.22,72.18,69.48,70.69,70.69,873383552,-0.0035241048773611006,0.023306311522871992,0.1936845660249915,0.027351984378945607,0.025313038693050533,0.0661659351763872,0.1965233287350095,64.77780717870382,3.1708769878880503,3.085366577168868,0.08551041071918242,-0.240305432548585,-0.16880460962396154,0
2020-06-08,TSLA,69.38,69.98,69.38,69.98,69.98,1094971606,-0.010043853444617223,0.011125559890189374,0.21471966672452703,0.026402405225123982,0.02535487357595515,0.045702801043013004,0.17882230070805707,62.36113172821806,3.0433012527105348,3.0769535122772016,-0.03365225956666684,0.12307699921770837,-0.14292498467910703,0
2020-06-09,TSLA,67.92,69.64,67.92,68.26,68.26,494790893,-0.02457845098599598,-0.040753232152894725,0.11408519667047501,0.024283707549173143,0.025542896203397444,0.014701728828172894,0.1452731894331519,56.829877855510155,2.7714592806744776,3.015854665956657,-0.2443953852821794,-0.9662087716248402,-0.102662072939087,0
2020-06-10,TSLA,65.78,65.78,65.28,65.53,65.53,664332987,-0.0399941400527396,-0.039712778429073725,0.06552845528455276,0.026350146272194775,0.025088592965799874,-0.02878950683611835,0.09506554852150266,49.34818804535943,2.309116319327998,2.8745069966309256,-0.5653906773029274,-0.5895455539734336,-0.06901467199054408,0
2020-06-11,TSLA,66.8,66.92,66.23,66.92,66.92,897570783,0.021211658782237075,-0.0566676064279672,0.08477873237153521,0.02664496122618326,0.02518079720508002,-0.012017598251985813,0.11350532875196566,52.75842224915306,2.031450280445952,2.705895653393931,-0.6744453729479787,-0.16104760599723733,-0.08137603289707607,0
2020-06-12,TSLA,67.58,67.58,67.08,67.08,67.08,944824274,0.002390914524805776,-0.051068043570519195,0.06730310262529837,0.026430309917309273,0.02510378982496833,-0.01273815042938822,0.1116727293819344,53.149437677458685,1.8035187653053697,2.5254202757762187,-0.721901510470849,-0.13324004972975537,-0.11454588375320612,0
2020-06-15,TSLA,64.72,65.37,64.72,64.98,64.98,969327134,-0.03130590339892658,-0.07144898542440692,0.020895522388059806,0.027443874214330973,0.024987990007851322,-0.044580368170322834,0.07261647660838823,47.58267910464144,1.4368656549780638,2.307709351616588,-0.870843696638524,-0.05965462428760221,-0.05927895945147125,0
2020-06-16,TSLA,62.33,63.98,62.21,62.94,62.94,736190025,-0.031394275161588325,-0.07793729856431297,-0.01702327034202722,0.028371833123047325,0.025187861762651902,-0.07383291027480428,0.03585897791078178,42.88381697535074,0.9704922419868467,2.04026592969064,-1.069773687703793,-0.5091892227489964,-0.03147197532789573,0
2020-06-17,TSLA,62.2,62.66,62.2,62.45,62.45,637806790,-0.007785192246583916,-0.0470013734167557,-0.0057315714058271405,0.028094047718713714,0.02521913641978171,-0.08079982925985608,0.02501955935374809,41.815664119190835,0.5549519071135336,1.7432031251752187,-1.188251218061685,-0.7061688191609634,-0.03619566951595707,0
2020-06-18,TSLA,65.24,65.24,63.62,65.14,65.14,5319593724,0.04307445956765399,-0.02659892408846387,0.024374901714105945,0.029598323077345848,0.025678385242077707,-0.0422982489671699,0.06536263053309015,49.284030085370354,0.4376487740120609,1.4820922549425872,-1.0444434809305263,3.9918763147165564,-0.051665032591163916,0
2020-06-19,TSLA,64.59,65.09,63.88,64.75,64.75,1378238902,-0.0059871046975744635,-0.03473464519976144,-0.028944211157768573,0.027479699046282117,0.025659331649961883,-0.04667957391361946,0.05558031104976572,48.315740720222294,0.3096460483740202,1.2476030136288738,-0.9379569652548536,0.2342630946170639,-0.06277945144762871,0
2020-06-22,TSLA,62.43,62.43,61.95,62.39,62.39,1024928289,-0.03644787644787639,-0.03985841797476153,-0.09579710144927533,0.027196668130289085,0.025126950324468687,-0.07693445776002371,0.015354820860423299,42.83174848874292,0.017568174459611896,1.0015960457950215,-0.9840278713354096,-0.06140667983641925,-0.06045433658826694,0
2020-06-23,TSLA,62.51,63.42,62.04,62.04,62.04,695453633,-0.005609873377143804,-0.014299332697807365,-0.13641425389755013,0.024967878149697094,0.02514352536366526,-0.07540983606557371,0.00809476480767818,42.069121178945245,-0.2393882016779969,0.7533991963004179,-0.9927873979784148,-0.39078702821696304,-0.09318478049201137,0
2020-06-24,TSLA,62.16,62.16,61.65,61.65,61.65,610182532,-0.006286266924564798,-0.012810248198558916,-0.1312006764374295,0.02493761061623989,0.025157432622671932,-0.07480359273349398,0.00041650213930643294,41.18906632378998,-0.46909034022822027,0.5089012889946902,-0.9779916292229105,-0.46520024867481913,-0.0712547254308079,0
2020-06-25,TSLA,57.39,57.85,56.56,57.66,57.66,739525737,-0.06472019464720202,-0.11482959778937674,-0.16748483973433448,0.027909863257191705,0.026535949017291303,-0.1270844529895767,-0.0647303084043428,33.47389571385847,-0.9620012426225202,0.21472078267124817,-1.1767220252937682,-0.3477783580418124,-0.035841068123054175,0
2020-06-26,TSLA,57.56,58.09,57.56,57.61,57.61,953545123,-0.000867152271938898,-0.11027027027027025,-0.1660393746381007,0.027932629453727147,0.026389289580838724,-0.12020280692109174,-0.06621786628918445,33.38949323408907,-1.3412106249243507,-0.09646549884787162,-1.244745126076479,-0.16996939834390257,0.009329715220381705,1
2020-06-29,TSLA,57.36,58.0,56.5,57.3,57.3,258844660,-0.005381010241277573,-0.08158358711331948,-0.17208495882097963,0.027835352542584575,0.026265843094900466,-0.11690593429965107,-0.07154103124299534,32.836672326255226,-1.6477568859879028,-0.4067237762758779,-1.2410331097120249,-0.8190263650731385,-0.036794339807597755,0
2020-06-30,TSLA,58.86,58.86,57.46,58.34,58.34,311953982,0.018150087260035086,-0.059638942617666,-0.18015739179314216,0.027213483699001416,0.026208818703726013,-0.09190670018445136,-0.05555405660631894,36.62748154045865,-1.7861876388327076,-0.6826165487872439,-1.1035710900454636,-0.701705874526477,-0.011897717724507465,0
2020-07-01,TSLA,61.74,61.88,59.72,61.13,61.13,545858622,0.04782310593075079,-0.008434712084347096,-0.10419109026963647,0.028994262352236504,0.02688736571477427,-0.043184272723003854,-0.01200314624659232,45.51239124000015,-1.6517252641232716,-0.8764382918544494,-0.7752869722688221,-0.4478167367871095,-0.05290462054712474,0
2020-07-02,TSLA,62.57,62.9,62.57,62.9,62.9,905758853,0.02895468673319157,0.09087755809920228,-0.11333521285593462,0.02822093785010342,0.027049541872310612,-0.00924598736749261,0.014295274416054538,50.27535712477486,-1.3863575886201787,-0.9784221512075953,-0.4079354374125833,-0.09243706779882996,-0.08334704812064742,0
2020-07-03,TSLA,62.8,63.52,62.51,62.51,62.51,692927623,-0.006200317965023849,0.08505467800729027,-0.11571650869995753,0.02821684127202878,0.027043293385458196,-0.009004724309584924,0.006010959741858649,49.25372433960554,-1.1937606053784933,-1.021489842041775,-0.1722707633367182,-0.28593853151884124,-0.0901722259123921,0
2020-07-06,TSLA,60.69,61.59,60.69,60.84,60.84,1941783535,-0.026715725483922537,0.061780104712042094,-0.1306087453558159,0.028594115056223775,0.02728923895304096,-0.028440938343367222,-0.02223436483000781,45.03370995767577,-1.1624807967945117,-1.0496880329923224,-0.11279276380218928,0.8436501789041903,-0.05264373348542203,0
2020-07-07,TSLA,64.27,65.56,64.27,64.91,64.91,328669067,0.06689677843523989,0.11261570106273555,-0.04907705830647535,0.032599627870260196,0.028379646637476764,0.039333263948377446,0.041000104244348634,55.124909890017086,-0.8000538151769234,-0.9997611894292426,0.19970737425231921,-0.6483138775018084,-0.11791784677657911,0
2020-07-08,TSLA,64.4,65.27,63.37,65.04,65.04,509628566,0.002002773070405306,0.06396204809422557,-0.007477491225392874,0.031352890794282495,0.028313346891716225,0.041823511509074256,0.040684402534508175,55.406522020137785,-0.4966132590357688,-0.8991316033505479,0.40251834431477906,-0.4719095952791613,-0.09188738496900341,0
2020-07-09,TSLA,65.04,65.18,65.04,65.09,65.09,1991303018,0.0007687576875767821,0.03481717011128782,-0.027346084877465593,0.030958817632710967,0.02829019611545714,0.04415480248646489,0.03898246015424846,55.52213359186968,-0.24922691722676404,-0.7691506661257912,0.5199237488990271,0.8311284074968337,-0.0892905404189973,0
2020-07-10,TSLA,65.07,65.09,64.97,65.09,65.09,865373353,0.0,0.04127339625659898,-0.02966607036374469,0.03094992610722856,0.02807698450661977,0.04582409460458247,0.036126742066682066,55.522133591869675,-0.05256551646784402,-0.6258336361942018,0.5732681197263578,-0.1862272332006759,-0.084932504691483,0
2020-07-13,TSLA,64.82,66.37,64.82,65.44,65.44,1360210834,0.0053771700722076154,0.07560815253122932,0.007079101261926679,0.030138957103500227,0.028018847347185523,0.05105925057419564,0.03858728428893382,56.43897755828929,0.13003319371613742,-0.47466027021213403,0.6046934639282715,0.24420390262895703,-0.09903041649474467,0
2020-07-14,TSLA,65.48,65.48,64.4,65.24,65.24,2738697189,-0.003056234718826434,0.00508396240949005,0.03654273911661887,0.029198061174296363,0.028018680586869217,0.0459150955495703,0.032531712682699,55.73200462916335,0.25565858552732834,-0.3285964990642416,0.5842550845915699,1.334118081434813,-0.09681345507936788,0
2020-07-15,TSLA,64.07,64.91,64.07,64.34,64.34,527530556,-0.0137952176578785,-0.010762607626076282,0.030264211369095184,0.029336828091162642,0.028022020232225685,0.029926125131062013,0.015988314713197314,52.542442253907886,0.27937467785202585,-0.20700226368098812,0.486376941533014,-0.5650906958370985,-0.07484950141232385,0
2020-07-16,TSLA,63.57,63.62,63.08,63.5,63.5,753629478,-0.013055641902393611,-0.024427715470886513,-0.025176542830825932,0.027836967408017766,0.027907953600839638,0.01781578335750979,0.0003597093968171921,49.68440435925684,0.2277633578459941,-0.12004913937559168,0.3478124972215858,-0.3175807876290073,-0.10396166947763517,0
2020-07-17,TSLA,63.22,63.48,63.22,63.48,63.48,679279923,-0.0003149606299213126,-0.024734982332155542,-0.0196138996138997,0.027811374019098653,0.027791175344626936,0.018531889290011937,-0.001980945193849712,49.61520407122031,0.18313610305100525,-0.0594120908902723,0.24254819394127755,-0.3822920189514675,-0.13686758434879412,0
2020-07-20,TSLA,62.23,62.98,62.19,62.65,62.65,247579969,-0.013074984247006927,-0.04263447432762835,0.00416733450873541,0.02669548897894863,0.02753184778183532,0.005004972889730142,-0.01630592650164471,46.70777093227789,0.0798738823079077,-0.0315548962506363,0.11142877855854401,-0.9755924767625663,-0.10456274936102863,0
2020-07-21,TSLA,61.46,61.57,60.61,61.57,61.57,663979555,-0.017238627294493214,-0.05625383200490486,-0.007575757575757569,0.02696190502981709,0.027613671985735375,-0.011947460061462342,-0.03408496663668508,43.16338656453118,-0.08809365681911174,-0.042862648364331395,-0.04523100845478035,-0.3334790982294453,-0.08240052818941239,0
2020-07-22,TSLA,61.44,62.38,61.44,61.77,61.77,1357129049,0.0032483352281955646,-0.0399440472489897,0.001946472019464851,0.026929860255470093,0.026905099750379715,-0.00883336943702301,-0.031101885667826505,44.01070680231262,-0.20273382386370997,-0.07483688346420711,-0.12789694039950286,0.6676407047328375,-0.08970828602306251,0
2020-07-23,TSLA,61.45,61.45,60.54,61.4,61.4,1106373874,-0.005989962765096446,-0.03307086614173227,0.06486298994103379,0.02224522655424869,0.026799777314012674,-0.017717873855137522,-0.03725539387857498,42.74123554952932,-0.31975693110533143,-0.12382089299243199,-0.19593603811289945,0.2579516795990063,-0.08281527733676998,0
2020-07-24,TSLA,63.4,63.79,63.4,63.79,63.79,1159726341,0.038925081433224706,0.0048834278512916995,0.10727304287450101,0.023584859717918245,0.026933715817965817,0.01549752055590492,-0.0012395130670772134,52.31030914659578,-0.21714247745012472,-0.14248520988397054,-0.07465726756615418,0.3225785127610077,-0.1118436621478235,0
2020-07-27,TSLA,59.74,60.1,59.48,59.73,59.73,638539829,-0.06364633955165389,-0.04660814046288908,0.04240837696335076,0.0281407671587034,0.027640738961226208,-0.05097079665702764,-0.06578940508526722,40.06205992450934,-0.4581466237037404,-0.20561749264792453,-0.25252913105581587,-0.5098227250562992,-0.0591398715985699,0
2020-07-28,TSLA,60.99,61.41,60.75,61.41,61.41,539601605,0.02812656956303372,-0.002598668182556496,0.05262255742200872,0.028519532640378112,0.027435040805847462,-0.026651767670764107,-0.0404037773390908,45.72514789705348,-0.5077293978488413,-0.2660398736881079,-0.24168952416073342,-0.6924786697137502,-0.10570434794344562,0
2020-07-29,TSLA,63.6,63.6,63.38,63.38,63.38,1713070828,0.032079465885035185,0.026064432572446172,0.03680680516931134,0.02741158382221334,0.027649493515231396,0.00278463388393154,-0.010792630108550569,51.510631307843326,-0.38363921351410823,-0.289559741653308,-0.09407947186080023,1.0506084306642063,-0.13204487238412127,0
2020-07-30,TSLA,60.52,60.92,59.45,60.21,60.21,593536762,-0.050015777847901566,-0.01938110749185662,-0.042766295707472146,0.028991620281405155,0.028441068962082264,-0.045338872196545144,-0.06061803771465434,43.47908575562197,-0.534923095149118,-0.33863241235247,-0.19629068279664796,-0.655261150256377,-0.10460419062338729,0
2020-07-31,TSLA,59.26,59.73,58.78,59.73,59.73,954262380,-0.007972097658196398,-0.06364633955165389,-0.044472884338505825,0.02900852761606919,0.028449471529549797,-0.05085769221601627,-0.06823044903710902,42.40102008254685,-0.6856449614426623,-0.40803492217050846,-0.27761003927215383,-0.12242875814803275,-0.08596174768618943,0
2020-08-03,TSLA,59.16,60.05,59.16,59.2,59.2,882263046,-0.008873263016909272,-0.008873263016909272,-0.0269559500328731,0.028473724832270824,0.02824445732649357,-0.05805230037311946,-0.07687989562921348,41.18667841088397,-0.8381974782089046,-0.4940674333781877,-0.34413004483071685,-0.16073800052394333,-0.11915644456699993,0
2020-08-04,TSLA,56.69,57.18,56.55,57.18,57.18,1922765227,-0.03412162162162169,-0.0688812896922325,-0.11908796795563081,0.024478883159858942,0.027371127084318943,-0.08456341455604992,-0.10742950207220595,36.854419962776475,-1.1093061739293688,-0.6171151814884239,-0.4921909924409449,1.3788003646844311,-0.05814649519002202,0
2020-08-05,TSLA,56.22,56.22,56.11,56.11,56.11,1432729802,-0.018712836656173515,-0.1147049542442411,-0.13730012300123007,0.02455918278118024,0.02746154787147775,-0.09522619345163703,-0.12290208788174063,34.768214544383895,-1.3944277312724154,-0.7725776914452223,-0.6218500398271931,0.5290991754522791,-0.026913933717321672,0
2020-08-06,TSLA,54.34,55.03,54.34,54.6,54.6,367724593,-0.026911423988593808,-0.0931738913801694,-0.1611614687355969,0.024872307694210703,0.02765536804406663,-0.11206518027028343,-0.144926590538336,32.01407290535593,-1.7223784929369401,-0.9625378517435659,-0.7598406411933742,-1.0942560294261907,0.007117467768863955,1
2020-08-07,TSLA,57.1,57.21,57.07,57.07,57.07,392272810,0.0452380952380953,-0.044533735141469855,-0.12321401136887389,0.027589841860322543,0.028192192948175588,-0.06580455066295646,-0.10489430056960326,40.33931391783577,-1.7626546909027425,-1.1225612195754013,-0.6400934713273412,-0.9881591703553813,-0.011986746729525929,0
2020-08-10,TSLA,58.47,58.47,58.38,58.45,58.45,1132106496,0.024180830558962807,-0.01266891891891897,-0.10681540342298279,0.028315578353630775,0.02832664881223155,-0.037709600678295284,-0.08200205744620137,44.43341283199346,-1.6640374136291953,-1.2308564583861603,-0.433180955243035,0.23209292173159876,0.006140220553787096,1
2020-08-11,TSLA,60.88,60.88,60.04,60.37,60.37,769612278,0.032848588537211176,0.05578873732074152,-0.07464745554874308,0.029572239814028976,0.028649843186696035,-0.002099277650131452,-0.05093787418677833,49.61408448119835,-1.4146473825615544,-1.2676146432212392,-0.14703273934031524,-0.26922817061252285,-0.00033134526479424125,0
2020-08-12,TSLA,61.56,61.56,61.5,61.5,61.5,608737032,0.018717906244823723,0.0960613081447157,-0.04414050357475918,0.02986602873367197,0.028651956314047627,0.01897108773092541,-0.03284145414515238,52.42539876231442,-1.1129925447443227,-1.236690223525856,0.12369767878153315,-0.6373154821403811,-0.06430006718515091,0
2020-08-13,TSLA,59.92,61.02,58.9,59.82,59.82,1471247813,-0.02731707317073173,0.09560439560439549,-0.057952755905511855,0.03031507655264974,0.028820012238756635,-0.005833374881587344,-0.058330906486371625,48.126110817421505,-0.9979867026397216,-1.188949519348629,0.19096281670890747,1.1562180188417575,-0.06813351881304085,0
2020-08-14,TSLA,58.95,59.14,58.95,59.07,59.07,895126519,-0.01253761283851551,0.03504468196951116,-0.06947069943289219,0.03039094031466236,0.028123246213191826,-0.014687116871418885,-0.06827693537193216,46.300625623553294,-0.956338402385235,-1.1424272959559503,0.18608889357071523,-0.1021329948640184,-0.07066298769405566,0
2020-08-17,TSLA,60.36,60.49,59.73,59.82,59.82,825479041,0.012696800406297504,0.023438836612489355,-0.04517158818834799,0.03049426418494066,0.027780812655479173,0.00018391880820605057,-0.0541644486842313,48.408106762960884,-0.852980464551834,-1.0845379296751272,0.23155746512329323,-0.3355892631580862,-0.08219033704293316,0
2020-08-18,TSLA,58.37,59.16,56.9,58.05,58.05,1277150401,-0.02958876629889673,-0.038429683617690946,-0.05717070001624169,0.03094372331645966,0.02741706949710465,-0.02654570455955604,-0.07880294634946249,44.01757365303465,-0.9034780293313389,-1.0483259496063695,0.14484792027503057,0.6349731786213304,-0.03863518262869068,0
2020-08-19,TSLA,58.87,59.68,58.87,59.12,59.12,638693092,0.018432385874246338,-0.038699186991869916,-0.042901084668933276,0.03127618115509595,0.02753086411340436,-0.00639490424450223,-0.058875968066731975,47.138841444386834,-0.8473894771861481,-1.0081386551223253,0.16074917793617716,-0.7575020975441965,-0.0746025255690623,0
2020-08-20,TSLA,59.2,59.64,58.8,58.8,58.8,2050011810,-0.005412719891745632,-0.01705115346038122,-0.04234527687296419,0.03127230147613955,0.02739151615085237,-0.009609149325001638,-0.06136511779495308,46.30730797947762,-0.8193156602383667,-0.9703740561455336,0.15105839590716696,2.09367674181644,-0.06408510920506974,0
2020-08-21,TSLA,58.2,58.28,58.2,58.28,58.28,498528554,-0.008843537414965907,-0.013373963094633456,-0.08637717510581588,0.029796124224503298,0.027404316499192803,-0.013791352906337333,-0.06698507144095942,44.9206018271302,-0.8294650553905214,-0.9421922559945313,0.11272720060400987,-0.9502984848309066,-0.07350100788000449,0
2020-08-24,TSLA,59.74,60.35,58.41,59.35,59.35,1186362143,0.01835964310226501,-0.007856904045469681,-0.006361962163067059,0.026643629631407352,0.027530836423393837,0.004638093303541217,-0.04734897632149905,48.348167311629936,-0.7426081421292068,-0.9022754332214664,0.15966729109225963,0.3560423831060003,-0.10657814330791471,0
2020-08-25,TSLA,60.43,60.43,58.92,60.04,60.04,1890863997,0.011625947767480938,0.034280792420327444,-0.022309070184009072,0.025974520519245595,0.027303475347791005,0.017497775706478095,-0.03339799885694979,50.48789242673991,-0.6110523480683128,-0.8440308161908358,0.23297846812252299,1.5501469170980195,-0.1526528015410422,0
2020-08-26,TSLA,59.16,59.9,58.84,59.53,59.53,350062653,-0.008494337108594263,0.006935047361299018,-0.06074471442095297,0.024830112153748585,0.02684360203947113,0.012156762730595995,-0.039363556167566705,48.87622412238093,-0.5417017704072791,-0.7835650070341245,0.2418632366268454,-1.2452797271566962,-0.16688611624083463,0
2020-08-27,TSLA,61.56,61.56,61.31,61.31,61.31,650986130,0.029900890307408057,0.04268707482993217,0.018269390466699953,0.02321573977900144,0.026618487854563173,0.04144725666723285,-0.008070583223002054,54.35311489620139,-0.3391997306967056,-0.6946919517666407,0.35549222106993505,-0.6831515076285188,-0.22964810491918183,0
2020-08-28,TSLA,59.46,60.26,58.64,59.71,59.71,1587338316,-0.026096884684390864,0.02453671928620449,-0.000334840113845547,0.023933665664074743,0.02679815809577841,0.014285956955273715,-0.031088152966153127,49.24609425390846,-0.3043140901177992,-0.6166163794368724,0.3123022893190732,1.0096282306695752,-0.22708700568408946,0
2020-08-31,TSLA,60.42,61.11,60.42,60.66,60.66,1601724548,0.015910232791827017,0.022072451558550865,0.024662162162162105,0.024077352333171136,0.02688293777486373,0.029147297343150958,-0.013185186390219775,52.12257996453197,-0.19773059291075867,-0.5328392221316497,0.335108629220891,0.9475537049008601,-0.21591618739709506,0
2020-09-01,TSLA,61.35,62.02,60.76,61.6,61.6,721687400,0.015496208374546683,0.025982678214523602,0.07729975515914655,0.022733211445208724,0.026810788985992186,0.04119128509372395,0.003919523464174207,54.84933328985384,-0.036985908854987315,-0.4336685594763172,0.3966826506213299,-0.5677115143092138,-0.2546828036127348,0
2020-09-02,TSLA,61.43,61.43,61.01,61.16,61.16,514752800,-0.0071428571428572285,0.02738115236015437,0.09000178221350907,0.022267942038009376,0.02633964773497157,0.02936102532167536,-0.002066789948874119,53.318586882691896,0.05427543516427136,-0.33607976054819955,0.3903551957124709,-0.873627258260814,-0.1810796859849814,0
2020-09-03,TSLA,61.35,61.7,61.35,61.69,61.69,1419487167,0.008665794637017665,0.006198010112542729,0.12985347985347984,0.02100748431298337,0.02621136743108165,0.03212313869834356,0.008014771362511204,54.94953102990502,0.16743716697236266,-0.23537637504408712,0.4028135420164498,0.7726835455491975,-0.1770509837472008,0
2020-09-04,TSLA,59.22,60.4,59.22,59.82,59.82,1627204683,-0.030312854595558436,0.0018422374811588593,0.048186437708077845,0.020427965681399186,0.02647797819351307,-0.0014605850686473562,-0.020604631744394475,48.50970483021469,0.10501473842346343,-0.16729815235057702,0.2723128907740404,1.070041771693481,-0.14105833565656556,0
2020-09-07,TSLA,61.51,61.67,60.65,61.24,61.24,397697407,0.023737880307589387,0.009561490273656492,0.04773310521813512,0.020403510289621275,0.026383358420484112,0.019867770246640094,0.0036684266738051174,53.01289478976376,0.16818788143017827,-0.10020094559442597,0.2683888270246042,-1.232561934814063,-0.18552721195480948,0
2020-09-08,TSLA,60.59,62.45,60.59,60.99,60.99,388440984,-0.004082299150881763,-0.009902597402597357,0.010270001656451866,0.019147957306743412,0.026077675022377816,0.015180265654649059,0.00010385294423103762,52.148184891760444,0.19582281818551905,-0.040996192838436966,0.23681901102395603,-1.175746951994689,-0.16351283587256493,0
2020-09-09,TSLA,59.75,60.95,59.28,60.23,60.23,915658474,-0.012461059190031265,-0.015206017004578132,-0.020650406504065133,0.018869794664518335,0.026107728299879434,0.0035907988902681635,-0.01175891489827186,49.50460305079492,0.15461574221679086,-0.001873805827391401,0.15648954804418228,-0.24142210677133583,-0.1647775358912912,0
2020-09-10,TSLA,61.53,62.87,61.53,61.86,61.86,1166899863,0.027062925452432385,0.002755714054141656,0.034102306920762215,0.018776531421869858,0.025736392202422527,0.029002021075744674,0.015896997963607638,54.797295718046634,0.2505974833556408,0.04862045200921505,0.20197703134642575,0.25836702993181554,-0.18796304632099856,0
2020-09-11,TSLA,60.66,61.22,60.66,60.81,60.81,668507750,-0.016973811833171593,0.016549648946840634,0.029456576942610502,0.018980482561112413,0.025814811135447188,0.010074165123290122,-0.0002685240493425834,51.082910857352,0.23918035765694867,0.08673243313876178,0.1524479245181869,-0.6555012768507986,-0.10625623727626964,0
2020-09-14,TSLA,58.7,58.73,57.86,58.73,58.73,1202389052,-0.03420490050978464,-0.040986283474853114,-0.01822133065864262,0.02038579021409825,0.02576376573914714,-0.023591414653610268,-0.03349497520516096,44.62925074355526,0.061583688147635485,0.08170268414053652,-0.02011899599290104,0.3083806502396622,-0.07346638833628745,0
2020-09-15,TSLA,56.0,56.52,56.0,56.52,56.52,522386365,-0.037629831431976735,-0.07329070339399901,-0.02635658914728667,0.021053450369184382,0.02619562096828139,-0.05913687627450167,-0.06845401604219298,38.99254167714091,-0.25455710634710016,0.01445072604300919,-0.26900783239010934,-0.8799443125971848,-0.005855752692219909,0
2020-09-16,TSLA,57.95,58.27,57.41,57.41,57.41,224903918,0.015746638358103304,-0.0468205213348829,-0.028924221921515558,0.020930357882787697,0.0262776097580776,-0.04295930785003426,-0.05268195018921073,42.16073175896754,-0.42834767632049875,-0.07410895442969241,-0.35423872189080635,-1.3359161346638437,-0.03853117563845394,0
2020-09-17,TSLA,55.87,56.02,54.76,55.63,55.63,620266235,-0.03100505138477605,-0.10071128354348524,-0.05391156462585023,0.021955005500532605,0.025228110507250795,-0.07017558521440444,-0.08154083645879473,37.91938076794751,-0.7016212262846082,-0.19961140880067557,-0.5020098174839327,-0.5639673860679875,-0.007397417585193537,0
2020-09-18,TSLA,57.95,58.15,57.95,58.15,58.15,830832931,0.045299298939421195,-0.04374280545962839,-0.002230610844200509,0.024344454301800336,0.025904983441428022,-0.02794958376516984,-0.04007791628951193,46.17492880016065,-0.7067031104298849,-0.3010297491265174,-0.40567336130336745,-0.18674801948706032,-0.007075704729884371,0
2020-09-21,TSLA,55.03,55.23,54.46,55.23,55.23,677890293,-0.05021496130696479,-0.05959475566150174,-0.06941870261162597,0.026390852509959012,0.026711130914150377,-0.07357085346215786,-0.08776083246159774,39.603102550536306,-0.9355655198265538,-0.4279369032665247,-0.507628616560029,-0.44216121158620936,0.029261677405612106,1
2020-09-22,TSLA,57.59,58.56,57.59,57.65,57.65,399146087,0.04381676625022646,0.019992922859164874,-0.039806795469686906,0.02826174283525724,0.027211836010813697,-0.03103543905944057,-0.04760855858212345,46.410439272920094,-0.9111635269626746,-0.5245822280057547,-0.38658129895691984,-0.9379336721189793,0.032258108872562405,1
2020-09-23,TSLA,58.13,58.13,57.98,57.98,57.98,269104574,0.005724197745012871,0.00992858387040596,-0.026037292121619426,0.028259321953606625,0.026495495155370453,-0.02421784277756285,-0.041325411435311335,47.283001752034316,-0.8553367402235921,-0.5907331304493222,-0.2646036097742699,-1.2030946111133085,0.04469169659013002,1
2020-09-24,TSLA,57.46,58.27,57.12,57.87,57.87,587593956,-0.0018972059330804036,0.040266043501707705,-0.05610830207144035,0.027311566421116186,0.026211311935130585,-0.023241683123196036,-0.04181602933993429,47.00824158508712,-0.8106253062801656,-0.6347115656154909,-0.1759137406646747,-0.49951136656295503,0.03297375547071842,1
2020-09-25,TSLA,56.76,57.35,56.76,57.12,57.12,1370708317,-0.012960082944530882,-0.01771281169389516,-0.04337631887456039,0.02686929486988911,0.026248324130298473,-0.033788641265276934,-0.05282532874190921,45.08457426835534,-0.8261861451418113,-0.673006481520755,-0.15317966362105628,1.2745114962828532,0.06243547094079237,1
2020-09-28,TSLA,58.13,58.13,57.72,57.72,57.72,1699701464,0.010504201680672232,0.045084193373166714,-0.048466864490603334,0.026707706910111508,0.026073428082025958,-0.02120551801324395,-0.04204999972339169,46.95472801321497,-0.7810992109719663,-0.6946250274109973,-0.08647418356096903,1.9634393101475573,0.07667866765682273,1
2020-09-29,TSLA,57.41,57.86,57.41,57.69,57.69,1631275450,-0.0005197505197505059,0.0006938421509106174,-0.06347402597402607,0.026389236960459528,0.024524549073482713,-0.018460229689493728,-0.04063192904656322,46.868782873941335,-0.7392664367822448,-0.7035533092852468,-0.035713127496997954,1.5891776725966609,0.09327530225954092,1
2020-09-30,TSLA,59.19,59.33,59.02,59.33,59.33,490263852,0.02842780377881793,0.02328389099689554,-0.02992151733158921,0.02727503512328186,0.024826965484754056,0.011016725314611365,-0.011795274672500059,52.03715959481782,-0.5672405716845148,-0.6762907617651005,0.1090501900805857,-0.7479901327141822,0.026446447756409145,1
2020-10-01,TSLA,59.97,59.97,59.53,59.53,59.53,400320568,0.0033709758975224435,0.02868498358389493,-0.03501377857027066,0.027200197972643055,0.024832781312007272,0.016295208747684663,-0.006931295927133721,52.64217574721714,-0.4100437762753586,-0.6230413646671522,0.2129975883917936,-0.8431118281155388,0.0053610448386833135,1
2020-10-02,TSLA,59.98,60.4,59.58,59.79,59.79,1077576924,0.004367545775239234,0.04674369747899165,-0.0005015045135406959,0.026354186932471255,0.024842705844436347,0.020760064192303772,-0.0011221157032158058,53.46400038635518,-0.2614702895442491,-0.5507271496425716,0.2892568600983225,0.6763588756498043,-0.0046940572360523744,0
2020-10-05,TSLA,59.09,59.52,58.77,59.27,59.27,1170925158,-0.008697106539555022,0.02685377685377688,-0.03216851730894843,0.025829080848629064,0.024846862419313873,0.013586886815846064,-0.008105409370589556,51.53768667417287,-0.18356832370597687,-0.4772953844552527,0.29372706074927585,0.8014488112781578,0.002695873578822443,1
2020-10-06,TSLA,59.44,59.94,59.14,59.22,59.22,1016978449,-0.000843597098026061,0.026521060842433775,-0.02902115100836211,0.025820977879541632,0.024845920559233306,0.014266874475482529,-0.007275287491199207,51.346117986849954,-0.1244306772662398,-0.40672244301745014,0.28229176575121034,0.39175669536132535,0.01956420564636469,1
2020-10-07,TSLA,59.13,60.36,59.13,59.7,59.7,238901534,0.008105369807497542,0.006236305410416421,-0.00879960152747794,0.025756437031383438,0.024820211149172045,0.022952167990335948,0.00207016169641361,53.14663131420205,-0.038389151682210354,-0.3330557847504022,0.29466663306819185,-1.2658881695456121,0.01644691944920727,1
2020-10-08,TSLA,57.5,57.5,57.03,57.23,57.23,475496105,-0.04137353433835855,-0.03863598185788686,-0.07484642741674752,0.026489746727541535,0.025318683289566,-0.015465602367149065,-0.03770110948258714,44.10223056349787,-0.1675772538407969,-0.29996007856848117,0.13238282472768426,-0.6713023455554956,0.025702147885249237,1
2020-10-09,TSLA,55.35,55.87,55.15,55.36,55.36,785779460,-0.032675170365193074,-0.07409265763505601,-0.08962341720111833,0.02713343694033866,0.02563752552068229,-0.04314986215896222,-0.06702132739360878,38.728628419375866,-0.41605708027455535,-0.323179478909696,-0.09287760136485934,0.002566317168552841,0.0689206145412212,1
2020-10-12,TSLA,56.78,56.78,56.43,56.43,56.43,1071505940,0.019328034682080997,-0.04791631516787587,-0.03916226800612965,0.026667999127394936,0.025740364011544746,-0.02271329979304305,-0.04732427496982258,43.00768570398807,-0.5206374903833435,-0.36267108120442554,-0.15796640917891797,0.6585868439547072,0.0656676017211064,1
2020-10-13,TSLA,57.21,57.71,56.7,56.7,56.7,1267591420,0.004784688995215447,-0.04255319148936165,0.0031847133757960666,0.02530851830309511,0.025667800296890076,-0.018190318698539397,-0.04145252907763048,44.06915287111811,-0.5751020568174852,-0.40515727632703746,-0.1699447804904477,0.9959085610629416,0.0752285333069277,1
2020-10-14,TSLA,56.95,56.95,56.17,56.47,56.47,872219886,-0.004056437389770795,-0.054103852596315005,-0.016373454102072804,0.025065373524295904,0.025664406827814026,-0.021376519621860136,-0.0439130655620206,43.32883867618987,-0.6295674344303563,-0.45003930794770125,-0.1795281264826551,0.056702426172354124,0.10688228970267509,1
2020-10-15,TSLA,56.98,56.98,55.99,56.52,56.52,975509331,0.0008854258898531864,-0.012406080726891422,0.015998561927017763,0.02401681032136874,0.025657862235377325,-0.021264805707556997,-0.04174696378011495,43.55084516597453,-0.66107657718198,-0.492246761794557,-0.16882981538742298,0.2560241509204429,0.12725287750735995,1
2020-10-16,TSLA,57.05,57.27,56.97,57.04,57.04,841687425,0.009200283085633254,0.030346820809248554,-0.01908856405846948,0.021769081269577537,0.025154888452361496,-0.011309962300125846,-0.031082699401787442,45.923476931420545,-0.6367481097972743,-0.5211470313951004,-0.11560107840217382,-0.056590747384533756,0.13017284878639915,1
2020-10-19,TSLA,56.15,56.3,56.14,56.3,56.3,1206961190,-0.012973352033660679,-0.0023037391458444745,0.01937352887923227,0.01868888340281894,0.023851588937408835,-0.025040695459425846,-0.04272322288849343,43.14434096016773,-0.669462295067973,-0.5508100841296749,-0.11865221093829803,0.7248996279271724,0.14199899348743247,1
2020-10-20,TSLA,55.21,55.25,54.58,55.25,55.25,965077909,-0.018650088809946674,-0.02557319223985899,-0.04163052905464004,0.016237859864105215,0.02365691540343256,-0.04123138860930826,-0.058933742122296046,39.492345536118485,-0.7712245508205982,-0.5948929774678596,-0.17633157335273852,0.1059869901535839,0.11977200656793545,1
2020-10-21,TSLA,55.75,56.24,55.54,55.54,55.54,832082869,0.005248868778280569,-0.016468921551266114,-0.04208347706105553,0.016226307130092172,0.023262008427184046,-0.03415414579855312,-0.05188405467229623,40.978319961194074,-0.819030026970708,-0.6397203873684293,-0.17930963960227875,-0.2995679855769523,0.12571373379422504,1
2020-10-22,TSLA,54.64,54.8,54.06,54.23,54.23,680935891,-0.02358660424918979,-0.04051663128096261,-0.06289960255745641,0.016927242907652757,0.022576177318622194,-0.05394089529325574,-0.07266913286099436,36.60510653248284,-0.9516522088322432,-0.7021067516611921,-0.24954545717105114,-0.7063838393606542,0.15528278025752454,1
2020-10-23,TSLA,54.49,54.82,54.44,54.81,54.81,839884428,0.010695187165775444,-0.03909537166900412,-0.0404411764705882,0.01702857203087243,0.022613942363333566,-0.04189209268177549,-0.06143510300069062,39.67474394348574,-0.9984456309877743,-0.7613745275265086,-0.2370711034612657,-0.23312509476623844,0.1518805312927191,1
2020-10-26,TSLA,52.99,52.99,51.9,52.55,52.55,1069818481,-0.04123335157817931,-0.06660746003552398,-0.08957033957033955,0.0188714723706847,0.023179357485152624,-0.0772283486689611,-0.09842417241172255,32.974685463371614,-1.2040137465684637,-0.8499023713348997,-0.35411137523356406,0.5294405422059042,0.16262358624751724,1
2020-10-27,TSLA,54.29,54.29,53.49,53.95,53.95,939149497,0.026641294005709026,-0.0235294117647058,-0.06482925983706012,0.020110350477883492,0.02306679245918184,-0.0495234403904089,-0.07354936204557544,39.7611756874579,-1.2396695209229236,-0.9278558012525044,-0.31181371967041915,0.27879969930070725,0.1097807597722128,1
2020-10-28,TSLA,55.14,55.14,54.62,54.62,54.62,1005243714,0.012418906394809914,-0.016564638098667706,-0.07938648238665091,0.01907942208145107,0.02300494836930822,-0.03371044926626042,-0.06164369833557146,42.748776636781834,-1.2000303752356984,-0.9822907160491433,-0.21773965918655513,0.44224262185359986,0.12415028823360774,1
2020-10-29,TSLA,55.41,55.41,54.61,54.99,54.99,1790271492,0.006774075430245441,0.014014383182740175,-0.07626406853687218,0.019163159779527834,0.022751353962473648,-0.023242182296153577,-0.05539268454684955,44.3890565604376,-1.1257828351646708,-1.0109891398722488,-0.114793695292422,2.6738205777598862,0.11691381315145861,1
2020-10-30,TSLA,56.14,57.18,55.4,56.39,56.39,937847912,0.025459174395344508,0.028826856413063373,-0.056865696604783356,0.0201881864657929,0.022227549636849475,0.004658952225696486,-0.031155145753393263,50.20271914147563,-0.9431013398364954,-0.9974115798650982,0.05431024002860285,-0.036522072433900606,0.1094132957628475,1
2020-11-02,TSLA,58.35,58.81,58.35,58.81,58.81,541904794,0.04291541053378256,0.11912464319695548,-0.0077610933018390504,0.022546011903467472,0.022698946857056576,0.04820383028401842,0.010319078269235213,58.31497499128578,-0.596178785492917,-0.917165020990662,0.32098623549774496,-1.179085440443219,0.06850530720101386,1
2020-11-03,TSLA,59.89,60.35,59.65,60.35,60.35,1359202641,0.026186022785240626,0.11862835959221507,0.019081391421817084,0.023299571757667385,0.022553129925953867,0.07456999394608459,0.03678125375801002,62.501380801874106,-0.1947303023406235,-0.7726780772606543,0.5779477749200308,1.273486281175179,0.04392570657337434,1
2020-11-04,TSLA,57.43,57.67,56.43,57.67,57.67,352401249,-0.044407622203811115,0.05584035151958999,-0.034003350083752104,0.02534967650706337,0.023141501792795872,0.02871005431631892,-0.008172075064995368,52.60095940394438,-0.0917751625222678,-0.6364974943129771,0.5447223317907093,-1.8293089979210613,0.11332249241706017,1
2020-11-05,TSLA,56.01,56.05,55.36,55.88,55.88,418066877,-0.03103866828507018,0.016184760865612047,-0.023589026734230245,0.024586234307754463,0.023218621323949286,-0.0020181094065328245,-0.03787050508354928,47.22074232824234,-0.15285845568427447,-0.5397696865872366,0.3869112309029621,-1.5933558607817933,0.1323899038651028,1
2020-11-06,TSLA,55.38,55.63,54.71,55.04,55.04,978477508,-0.015032211882605617,-0.02394041496719279,-0.005780346820809301,0.023686347119714856,0.023242092059786786,-0.01673901781088657,-0.05123623137608666,44.89981458914726,-0.2659823069572482,-0.48501221066123895,0.21902990370399072,0.09618743473201725,0.150354029836958,1
2020-11-09,TSLA,55.54,55.54,55.1,55.1,55.1,1090430054,0.0010901162790697416,-0.06308450943717059,-0.023569023569023573,0.023249219427767143,0.02317512485114688,-0.014496382611495114,-0.04891226172461607,45.107353544324276,-0.3467946427755919,-0.45736869708410954,0.11057405430851763,0.43801906768260634,0.1382615669999241,1
2020-11-10,TSLA,55.99,56.52,55.46,55.85,55.85,378970629,0.013611615245008979,-0.07456503728251862,-0.014991181657848296,0.023446436916435394,0.02294508613066211,-0.0003221880146057417,-0.03535589063336622,47.75631166407548,-0.34632801536517377,-0.4351605607403224,0.08883254537514862,-1.547715249713853,0.11441519038304983,1
2020-11-11,TSLA,54.33,54.87,54.27,54.87,54.87,635745898,-0.017547000895255183,-0.048552106814635065,-0.028333628475296635,0.023746495169627922,0.0229151327845555,-0.016455151645515153,-0.05112160872961217,44.719568759453026,-0.4201923042559841,-0.43216690944345476,0.011974605187470677,-0.7441292702257636,0.12490581721036215,1
2020-11-12,TSLA,54.81,55.28,54.81,55.15,55.15,556039393,0.0051029706579186485,-0.013063707945597747,-0.024239207360226556,0.023784378312583915,0.02292089486845437,-0.010220838306158489,-0.045275136183178015,45.78040933184279,-0.4509384872415936,-0.43592122500308256,-0.01501726223851102,-0.8955999645206368,0.12574960633018373,1
2020-11-13,TSLA,53.72,54.34,53.72,54.15,54.15,597338317,-0.018132366273798772,-0.01617005813953487,-0.05066619915848525,0.02395472326826559,0.02300729457357385,-0.025641025641025716,-0.06146819997746834,42.63368820705911,-0.5496605566777077,-0.4586690913380076,-0.09099146533970015,-0.7324392847383194,0.1326307101234778,1
2020-11-16,TSLA,53.21,53.35,52.66,53.35,53.35,1409017747,-0.014773776546629702,-0.03176043557168784,-0.052397868561278815,0.02400019381474368,0.02293316675508415,-0.03748139461458651,-0.07372843835996974,40.25015704733609,-0.6845606332253453,-0.5038473997154752,-0.18071323350987012,1.4599520782905495,0.1793493215202036,1
2020-11-17,TSLA,51.54,51.54,50.86,51.54,51.54,1222181578,-0.03392689784442371,-0.07717099373321401,-0.06714932126696838,0.02477476793645296,0.02324268505347507,-0.06701422830455085,-0.10294753269959883,35.42461270122216,-0.9268377799994099,-0.5884454757722621,-0.3383923042271477,0.9009460627534802,0.19200803134736774,1
2020-11-18,TSLA,49.92,50.51,49.92,50.38,50.38,790777100,-0.022506790842064306,-0.0818297794787679,-0.09290601368383145,0.025053767852775452,0.023376255965739345,-0.08373344973083077,-0.12080369036746604,32.717404408001556,-1.1986294160189885,-0.7104822638216075,-0.48814715219738103,-0.23504638510202683,0.21059994419133368,1
2020-11-19,TSLA,48.59,48.77,48.59,48.73,48.73,576463650,-0.0327510917030569,-0.11640979147778785,-0.10141987829614607,0.025499822522183992,0.023303234688321815,-0.10928732018497882,-0.14647532082345666,29.28871944121512,-1.529535918130975,-0.8742929946834811,-0.6552429234474938,-0.7804031652820826,0.23339251303848094,1
2020-11-20,TSLA,47.28,47.76,46.94,47.58,47.58,355917741,-0.023599425405294472,-0.12132963988919665,-0.13191023535851132,0.0255402791320199,0.023264480939239832,-0.12452274713648291,-0.1636564980093338,27.15290453458637,-1.8631004321146634,-1.0720544821697175,-0.7910459499449458,-1.2386418592072983,0.29396744826674176,1
2020-11-23,TSLA,49.02,49.02,48.88,48.88,48.88,1875443427,0.02732240437158473,-0.08378631677600745,-0.06983824928639382,0.025265878186362396,0.023471678401989594,-0.09755557196661999,-0.13783017065247732,33.092642703682046,-1.9995045335877535,-1.2575444924533248,-0.7419600411344287,2.147418535929815,0.2723233208183711,1
2020-11-24,TSLA,47.72,47.92,47.06,47.75,47.75,1141111175,-0.023117839607201374,-0.07353511835467597,-0.11492122335495836,0.024602556437194317,0.02347638200841606,-0.1133434842351544,-0.1543184367436094,30.745917223036372,-2.1737299175499984,-1.4407815774726596,-0.7329483400773389,0.5205162477653558,0.3220076179989893,1
2020-11-25,TSLA,51.02,51.03,50.9,51.03,51.03,523474322,0.06869109947643981,0.012901945216355681,-0.06572683998535334,0.029521475449615222,0.025274790218956195,-0.0492692060475645,-0.09351712867153981,43.3120507070152,-2.0238070141865165,-1.557386664815431,-0.46642034937108545,-0.7532366311576922,0.21894112186300024,1
2020-11-26,TSLA,51.61,51.69,51.61,51.68,51.68,1231821368,0.012737605330197965,0.060537656474451085,-0.06019276232042192,0.02965503762458715,0.025311265070130942,-0.034181165785195027,-0.07924196623174543,45.42539888349443,-1.8314308703640023,-1.6121955059251454,-0.21923536443885694,0.8991794927715288,0.21349967504702552,1
2020-11-27,TSLA,52.42,52.7,51.54,51.95,51.95,766899121,0.00522445820433437,0.09184531315678868,-0.07873736478098947,0.028981810732433305,0.025067165211313136,-0.025090547413065028,-0.07226344503674327,46.32060493793896,-1.6382993517524653,-1.6174162750906094,-0.02088307666185596,-0.17180184368756746,0.2310047748106725,1
2020-11-30,TSLA,50.58,50.92,50.58,50.87,50.87,673322046,-0.02078922040423492,0.04071194762684116,-0.1350110525420848,0.02702376977358716,0.024949918377421602,-0.03819247494800535,-0.0887377516107267,43.263576136817115,-1.554469251965621,-1.604826870465612,0.050357618499990986,-0.41060533312585995,0.2546071686982821,1
2020-12-01,TSLA,51.81,52.08,51.32,51.79,51.79,1038586942,0.018085315510123934,0.08460732984293196,-0.14183927091963544,0.026558749871176093,0.025094050059213623,-0.012809271472685069,-0.06970199567693144,46.50254789766024,-1.39768533615581,-1.5633985636036516,0.16571322744784167,0.5103563477690998,0.26374462937011456,1
2020-12-02,TSLA,51.32,51.32,51.08,51.08,51.08,512648534,-0.013709210272253358,0.0009798157946305786,-0.11427085139587312,0.025150300257162576,0.02510303705889498,-0.020188941639092867,-0.07993527605243955,44.39612543367234,-1.315559073499621,-1.5138306655828455,0.19827159208322453,-0.8168579883341355,0.26516138495819247,1
2020-12-03,TSLA,51.32,51.87,50.19,51.26,51.26,650821577,0.0035238841033673474,-0.008126934984520107,-0.08267716535433078,0.024500459462631536,0.0248165511466168,-0.01235995106114468,-0.07374558420946446,45.07538318706176,-1.2218640349684264,-1.4554373394599618,0.23357330449153535,-0.5121487990457821,0.29734070069658547,1
2020-12-04,TSLA,55.14,55.47,54.68,54.68,54.68,860373055,0.06671868903628564,0.052550529355149145,-0.006540697674418561,0.028977757678862227,0.026314689712096703,0.05389960199292664,-0.010119661833125229,56.05884616423724,-0.8617113519600181,-1.336692141959973,0.47498078999995497,0.04121622616102449,0.29060391529014584,1
2020-12-07,TSLA,54.44,54.87,53.56,54.57,54.57,592777267,-0.002011704462326236,0.07273442107332428,-0.009618874773139718,0.028980270088710736,0.025960932119003525,0.05231694853153853,-0.010869499543831535,55.673217032442615,-0.5784953028570143,-1.1850527741393815,0.6065574712823671,-0.5848489425626243,0.28410228066248844,1
2020-12-08,TSLA,56.15,57.58,56.15,56.19,56.19,1195046729,0.029686641011544834,0.08495848619424606,0.006087735004476125,0.029596705726419793,0.02580053377613485,0.08320160388633989,0.018596008882577588,60.03362796216214,-0.22077907859846135,-0.9921980350311975,0.7714189564327362,0.8769382627950899,0.2441702650142364,1
2020-12-09,TSLA,54.78,55.24,54.78,55.24,55.24,2455116134,-0.016906922940024827,0.08144087705559921,0.006743211226535539,0.029576262208834345,0.025812024225709128,0.06450835862600576,0.002031635466550607,56.522277839555265,-0.013784554423253326,-0.7965153389096087,0.7827307844863554,2.9037487685480157,0.29803739437738513,1
2020-12-10,TSLA,55.34,55.34,55.22,55.22,55.22,508726509,-0.00036205648081111264,0.07725321888412018,0.0012692656391659618,0.029559105100665718,0.02549574200807635,0.06405117928164017,0.001793019620411969,56.44742388542255,0.14695228992396636,-0.6078218131428937,0.7547741030668601,-0.8466267569318799,0.33843646758459767,1
2020-12-11,TSLA,57.5,58.3,57.22,57.74,57.74,294539837,0.04563563926113723,0.05596196049743973,0.066297322253001,0.03085758832428448,0.02550586217522433,0.10877475972386255,0.04764035973703152,63.08168020922856,0.47223668603732705,-0.3918101133068496,0.8640467993441767,-1.195068460045164,0.28120983909898545,1
2020-12-14,TSLA,56.49,58.14,56.49,56.87,56.87,240674486,-0.015067544163491542,0.04214770020157599,0.06597938144329896,0.03086689250592627,0.024719868789441417,0.0883898069911868,0.031343509143116184,59.70056304135844,0.6523058090772906,-0.18298692883002157,0.8352927379073122,-1.1667403009210084,0.286406421807023,1
2020-12-15,TSLA,59.59,59.59,58.82,59.54,59.54,730850231,0.04694918234570067,0.059619149314824815,0.15521924718665114,0.03098325476842222,0.024815411485469677,0.13083198009553385,0.07914777412933217,65.76516022852874,0.9989433748883414,0.05339913191365101,0.9455442429746904,-0.22267471942586836,0.23390173198449984,1
2020-12-16,TSLA,60.67,60.67,59.77,60.63,60.63,537318316,0.018307020490426762,0.09757422157856621,0.20345375148868605,0.03022464783505029,0.02491039234005118,0.14043337596870065,0.09802477482915992,67.88961924297678,1.3460931102116618,0.31193792757325317,1.0341551826384086,-0.5539294759170887,0.18265137210037438,1
2020-12-17,TSLA,59.31,59.81,59.31,59.81,59.81,906150804,-0.013524657760184744,0.08312205722564303,0.22737533347014183,0.029086779561005662,0.024978823441592593,0.11340705164004629,0.08254046781579374,64.63985063302465,1.5373233232403365,0.5570150067066699,0.9803083165336666,0.0955663213302188,0.17375799174116857,1
2020-12-18,TSLA,61.04,61.04,59.56,60.8,60.8,866141287,0.016552415983949187,0.052996189816418404,0.2778478352248843,0.02795936481645575,0.02499276657086784,0.11807867007484506,0.09923884941512519,66.71164849596582,1.7486025690805818,0.7953325191814523,0.9532700498991294,-0.0264866110370798,0.13272926179306083,1
2020-12-21,TSLA,62.48,63.31,61.71,62.32,62.32,305686275,0.025000000000000133,0.09583260066819066,0.27495908346972175,0.027900187155705084,0.0251523533507878,0.13204119816170456,0.12516023422783665,69.6517357759506,2.015461208196662,1.0393582569844944,0.9761029512121675,-1.0204740765274505,0.08942875658004884,1
2020-12-22,TSLA,62.94,63.57,62.94,63.33,63.33,269228145,0.016206675224647027,0.06365468592542833,0.3262827225130889,0.026607670966988944,0.025221203619337895,0.13433637829124126,0.1414581393253027,71.45578548578773,2.2821400712283904,1.2879146198332736,0.9942254513951168,-0.9915131992396455,0.07291170526614875,1
2020-12-23,TSLA,60.88,60.93,60.88,60.92,60.92,955322888,-0.0380546344544449,0.004783110671284785,0.19380756417793465,0.02587122849273694,0.025493402675448418,0.08158971673072998,0.09749616422808671,61.98697472731315,2.2728184958688757,1.484895395040394,0.7879231008284817,0.3574399280911646,0.11800187798136233,1
2020-12-24,TSLA,60.12,60.12,59.17,59.85,59.85,867613850,-0.017564018384766955,0.0006687844841999357,0.15808823529411775,0.026532589916705592,0.02560007416853172,0.05494156839934425,0.0781161339133723,58.2935443261856,2.15425807647474,1.6187679313272632,0.5354901451474767,0.22102008336522644,0.17505489541626795,1
2020-12-25,TSLA,59.55,59.55,59.51,59.51,59.51,619553243,-0.00568086883876362,-0.021217105263157898,0.1455245428296439,0.026697577414336038,0.02560660622737643,0.042005918299451835,0.07208162064296066,57.12871116055871,2.0096964022887462,1.6969536255195599,0.3127427767691864,-0.2791973262726445,0.15618907427878914,1
2020-12-28,TSLA,59.31,59.43,59.31,59.43,59.43,295953779,-0.0013443118803562193,-0.04637355584082159,0.16827206605071754,0.025970743339238975,0.02558068410802759,0.03286466570500005,0.0705889770588078,56.840905054606395,1.8671515418605296,1.730993208787754,0.13615833307277558,-0.8922536742177128,0.18265803055217622,1
2020-12-29,TSLA,60.18,60.8,59.63,60.39,60.39,1061378909,0.016153457849571007,-0.046423495973472284,0.16605522301602638,0.02593530478105692,0.025661070564849568,0.04176370128861989,0.08750067529848196,59.47900706791808,1.8107742119881607,1.7469494094278355,0.06382480256032519,0.6593905321771498,0.16185634872150553,1
2020-12-30,TSLA,60.82,61.71,60.69,60.69,60.69,1715790470,0.004967709885742577,-0.003775443204202311,0.18813625685199686,0.02544310067914046,0.02564880865812434,0.03833223551955102,0.09257842387146119,60.29576027029734,1.7698999596723297,1.7515395194767345,0.01836044019559524,1.7157451935254178,0.15605550949771207,1
2020-12-31,TSLA,59.24,59.49,58.72,58.72,58.72,945088814,-0.032460042840665615,-0.018880534670008386,0.14553257900897387,0.027068088692573124,0.025426455431246827,-0.001742530494283756,0.05664089444987613,52.7733792658421,1.5605551755539793,1.7133426506921836,-0.15278747513820434,0.2500160570832279,0.20652114784480954,1
2021-01-01,TSLA,59.52,59.52,59.31,59.31,59.31,481066304,0.010047683923705808,-0.0033607797008905482,0.0846744696415509,0.02319422797099359,0.025070442563565262,0.004335015409625213,0.06599486563480116,54.600187979061545,1.425820029301093,1.6558381264139657,-0.2300180971128727,-0.5756283125286543,0.16885524488965092,1
2021-01-04,TSLA,59.74,61.22,59.56,60.26,60.26,821572955,0.01601753498566838,0.0139660104324415,0.10426974528128996,0.023285106385062936,0.025034059003281938,0.015529546584426668,0.08182830059961926,57.453974463132774,1.3797931195097917,1.600629125033131,-0.22083600552333937,0.033300564280517864,0.1630249415118404,1
2021-01-05,TSLA,61.09,61.67,61.09,61.13,61.13,352419065,0.014437437769664774,0.012253684384831987,0.08791599928812954,0.022683970052291738,0.025087135505646504,0.025920735749469237,0.09599438227428256,59.937592455517446,1.3974097215877208,1.5599852443440492,-0.16257552275632836,-0.758676822630149,0.153332416137056,1
2021-01-06,TSLA,63.33,63.43,61.88,62.84,62.84,1509095691,0.027973171928676654,0.03542593507991443,0.1375814627081824,0.02267830847127447,0.025305395502984794,0.047935896473805854,0.12451236534125489,64.34341579127256,1.5316972620010532,1.55432764787545,-0.022630385874396808,1.9459963733724106,0.1385711858272221,1
2021-01-07,TSLA,63.67,64.23,63.03,64.19,64.19,840163102,0.02148313176320804,0.09315395095367851,0.16244114451285774,0.022845247055320667,0.025428122220340712,0.06250206905684107,0.14604875929524277,67.39224614611206,1.7271453661767282,1.5888911915357058,0.1382541746410224,0.2691397657691177,0.12504400423515621,1
2021-01-08,TSLA,65.6,65.6,63.89,64.97,64.97,276883072,0.012151425455678488,0.09543078738829869,0.12521648770349847,0.02108586176610644,0.025444272226899642,0.06901629768574505,0.15724413095365317,69.03945128903722,1.9228138766713272,1.65567572856283,0.2671381481084971,-1.1118794875751785,0.17480272437992733,1
2021-01-11,TSLA,65.47,65.47,64.89,64.89,64.89,667864177,-0.0012313375404032767,0.07683372054430815,0.14102338667135572,0.020574648759217582,0.025368383096297645,0.06070141312432067,0.15287923698073203,68.65637283256673,2.0478212409998946,1.7341048310502432,0.31371640994965144,-0.21311052709182593,0.16053669185184116,1
2021-01-12,TSLA,61.75,62.28,61.75,62.28,62.28,1056239616,-0.04022191400832176,0.018812367086536774,0.04601948270070544,0.020857340148262238,0.02582461403093215,0.01576324952905949,0.10420963671715715,57.45538467177867,1.914219361302905,1.7701277371007755,0.1440916242021295,0.7269793854633718,0.1889097406063327,1
2021-01-13,TSLA,63.53,63.53,62.98,62.98,62.98,655016790,0.011239563262684493,0.002227880330999188,0.03875968992248047,0.0206334049171525,0.025847684925000728,0.0252152821865182,0.114170976359101,59.36992838405147,1.8435715141180538,1.7848164925042314,0.0587550216138224,-0.3001798029112664,0.16259831662916252,1
2021-01-14,TSLA,63.17,63.34,62.85,63.34,63.34,677867613,0.0057161003493173546,-0.013241937996572584,0.059020230730647105,0.020312247936190728,0.025623762986267718,0.028121576106805206,0.11753791142385811,60.35794886370258,1.79592922342772,1.7870390386889292,0.008890184738790774,-0.2137053469963426,0.1434481151947307,1
2021-01-15,TSLA,64.24,64.24,63.14,63.8,63.8,383695058,0.007262393432270198,-0.01800831152839777,0.049342105263157965,0.020092727478238023,0.025609918935906542,0.033072906124762005,0.12268599985922422,61.641519485359304,1.774831369201074,1.7845975047913583,-0.009766135590284275,-0.88180317121094,0.12077403013046725,1
2021-01-18,TSLA,61.73,62.39,60.88,61.83,61.83,1123735895,-0.03087774294670842,-0.047156726768377344,-0.007862644415917885,0.02069079822124778,0.02534124347597458,0.0015712827823045766,0.08506680394037949,53.632413033461624,1.5809247156707826,1.7438629469672433,-0.16293823129646068,0.8690194325712945,0.18237546660285744,1
2021-01-19,TSLA,60.14,60.21,59.73,60.21,60.21,542076926,-0.026200873362445365,-0.033236994219653204,-0.049265750828990984,0.021091228996292958,0.02542476023389829,-0.022199847345599776,0.05470597509065107,48.09800396895162,1.2817565430681768,1.65144166618743,-0.3696851231192533,-0.6537062101262526,0.2449274692442226,1
2021-01-20,TSLA,62.01,62.01,61.08,61.84,61.84,219339819,0.027071914964291732,-0.018100984439504475,0.015101772816809023,0.020294429138230284,0.02559490618389456,0.003521412459633558,0.08098029390171434,53.31778890974686,1.1627871025041117,1.5537107534507664,-0.3909236509466547,-1.3360297892417001,0.20447094507081698,1
2021-01-21,TSLA,62.15,62.83,61.68,61.81,61.81,640170802,-0.00048512289780078266,-0.024155352068203406,0.03274853801169586,0.019828503218189058,0.0255909931472787,0.0014419727483352283,0.07831335810610429,53.211718519000776,1.0539331293840704,1.4537552286374273,-0.399822099253357,-0.25936396313712473,0.1845840011979241,1
2021-01-22,TSLA,62.32,64.13,62.32,62.91,62.91,1441124904,0.01779647306261123,-0.01394984326018811,0.05713325491514021,0.020055896091502354,0.025492236217295836,0.0164644294000743,0.09542686996848307,56.61950703136844,1.044387331305586,1.3718816491710593,-0.32749431786547323,1.528871424501991,0.17924365158335315,1
2021-01-25,TSLA,63.1,63.8,61.95,62.98,62.98,634179333,0.001112700683516099,0.018599385411612435,0.05973414100622576,0.020035561900938945,0.024923912423922077,0.014685387918187227,0.09532022203220317,56.834962588687596,1.0305906253317758,1.3036234444032027,-0.27303281907142685,-0.4048872904382342,0.1647552330760555,1
2021-01-26,TSLA,62.66,64.53,62.02,63.06,63.06,2269421955,0.0012702445220704739,0.047334329845540646,0.044212617983109714,0.01980013537177898,0.024711377785547682,0.013793768689109509,0.09585073537504406,57.09721850680532,1.0144183841804306,1.2457824323586484,-0.23136404817821776,2.6671071931314967,0.17978106638343472,1
2021-01-27,TSLA,64.39,65.24,63.44,64.59,64.59,1034703520,0.024262607040913542,0.04446959896507119,0.06426099851705391,0.02039533125933168,0.024155223632692593,0.035145920476945966,0.12019378074795213,61.868774906637604,1.1122387834586576,1.2190737025786502,-0.10683491911999266,0.4205261930564383,0.16148882798429534,1
2021-01-28,TSLA,63.6,64.81,63.6,63.79,63.79,980187950,-0.012385818238117463,0.03203365151270021,0.08634196185286114,0.018987257916622518,0.023838471728297114,0.018188202807639175,0.10379554086673633,58.22250558998957,1.112385947754035,1.1977361516137273,-0.08535020385969228,0.3054088916936527,0.13650548889203062,1
2021-01-29,TSLA,63.94,63.97,63.94,63.97,63.97,740592456,0.002821758896378812,0.016849467493244452,0.07857022424548976,0.018941265950423333,0.02372726857504976,0.017277982300603397,0.10406682736838467,58.810710610953365,1.1141834588372674,1.1810256130584353,-0.0668421542211679,-0.2121058884626186,0.17284529415818223,1
2021-02-01,TSLA,63.06,63.27,63.06,63.27,63.27,767791120,-0.010942629357511224,0.004604636392505634,0.049950215731828784,0.01899731012443489,0.02379258332586374,0.003744011168575643,0.08942515475278297,55.53601263764353,1.047054062006893,1.154231302848127,-0.10717724084123392,-0.15030814170491577,0.2292258542306504,1
2021-02-02,TSLA,62.13,62.62,62.13,62.62,62.62,682959295,-0.010273431326062954,-0.006977481763399962,0.02437428431212152,0.01899134619936643,0.02380473945621194,-0.007740637156643067,0.07614224829292884,52.60676288029717,0.9306757133562371,1.1095201849497491,-0.17884447159351202,-0.368632610028834,0.22473921145810263,1
2021-02-03,TSLA,61.73,62.17,61.73,62.17,62.17,667225324,-0.00718620249121682,-0.03746710017030508,-0.010661998726925526,0.018001353122485166,0.023696512285496362,-0.014347998414585828,0.0661796230556842,50.61629179541592,0.7929926685347084,1.046214681666741,-0.25322201313203263,-0.329778766719257,0.2227252557018233,1
2021-02-04,TSLA,61.96,62.56,61.96,62.54,62.54,1099938710,0.005951423516165288,-0.01959554789151907,-0.02570493846393518,0.01733103124544397,0.023698431584055542,-0.007183394848592983,0.07026425749775395,52.21717629180237,0.7056000531499294,0.9780917559633787,-0.27249170281344937,0.6004639166366572,0.22448579049818027,1
2021-02-05,TSLA,61.79,62.21,60.26,61.83,61.83,456227096,-0.011352734250079988,-0.03345318117867746,-0.04832999846082808,0.017177287434075976,0.02361502828231274,-0.01600210072331731,0.05580110025528418,48.93871421961348,0.5724508524564342,0.8969635752619899,-0.32451272280555565,-0.8596193572159786,0.24467934993901222,1
2021-02-08,TSLA,64.41,65.17,63.83,63.83,63.83,419453697,0.03234675723758684,0.00885095621937726,-0.016335336723686256,0.018850097849147266,0.023814041684514155,0.016684585672759007,0.08671163182670717,57.10808405135322,0.6211521812298386,0.8418012964555597,-0.22064911522572106,-0.8975835023150625,0.2297953566754531,1
2021-02-09,TSLA,61.97,62.9,61.97,62.45,62.45,407716635,-0.02161992793357348,-0.002714787607792979,0.002729608220937818,0.01717990876552447,0.023539647608275066,-0.005430714592855568,0.05993573061169074,51.04012908717978,0.5421443655254734,0.7818699102695424,-0.23972554474406904,-0.8410495214562697,0.3023852977915415,1
2021-02-10,TSLA,62.74,62.74,61.42,62.19,62.19,2729523062,-0.0041633306645316726,0.00032169856844133093,-0.012543664655446207,0.017006953686934004,0.02331452967085282,-0.008947993275061303,0.05200835652240095,49.9629891783529,0.4533246311072361,0.7161608544370812,-0.26283622332984513,2.920540085465627,0.3026443481076868,1
2021-02-11,TSLA,61.83,62.29,61.47,61.54,61.54,1099592772,-0.010451841132014805,-0.015989766549408424,-0.02841806125670987,0.017080341902346665,0.022896294460517535,-0.01789775220829384,0.037266766673970546,47.27682035012604,0.32671857558175077,0.6382723986660152,-0.3115538230842644,0.29114561924656374,0.2937168004722413,1
2021-02-12,TSLA,64.01,64.47,63.7,63.84,63.84,960241449,0.03737406564835877,0.032508491023774955,0.0006269592476491059,0.019084558750056754,0.022996587817303904,0.018774884901098795,0.07114093959731546,56.24170054959923,0.4072782919013065,0.5920735773130734,-0.18479528541176693,0.02348340292601299,0.2230182301786363,1
2021-02-15,TSLA,64.37,64.37,64.18,64.18,64.18,424104819,0.005325814536340845,0.005483315055616611,0.03800743975416476,0.017643923991693393,0.022812019975899312,0.022283811981331943,0.07225795672876122,57.39499261901725,0.4928760378280046,0.5722340694160597,-0.0793580315880551,-0.7803619483592614,0.19987715708977447,1
2021-02-16,TSLA,66.32,66.92,65.89,65.89,65.89,1162693787,0.026643814272358846,0.055084067253803104,0.0943364889553231,0.017146146906313883,0.022683971285323488,0.044795052723380684,0.0952945609291192,62.71717291781126,0.6907332343480377,0.5959339024024554,0.09479933194558232,0.3562821022345692,0.17332690815061155,1
2021-02-17,TSLA,63.02,63.65,62.95,63.52,63.52,745866503,-0.03596903930793738,0.021386074931661225,0.027166882276843385,0.01854582853282688,0.021757787286179938,0.005874994061663719,0.052256669786550365,52.86113547305848,0.6488181235378292,0.6065107466295302,0.042307376908299,-0.37156253888043805,0.255242471669206,1
2021-02-18,TSLA,63.98,64.02,63.46,63.98,63.98,909587142,0.007241813602014924,0.0396490087747805,0.03510758776896927,0.01858266225751163,0.021731448299881287,0.011421570564755228,0.056289778027257396,54.36031177739775,0.6452798672217099,0.6142645707479661,0.031015296473743792,-0.12141560825829577,0.23563167608264313,1
2021-02-19,TSLA,65.71,66.76,64.19,65.45,65.45,445197165,0.02297592997811826,0.025219298245614086,0.0403751390875855,0.018850170053204975,0.02187161878587748,0.032586831165347996,0.0765599427589214,58.86279926392999,0.7524190696267752,0.641895470523728,0.11052359910304721,-0.8182292358779036,0.2189483619666414,1
2021-02-22,TSLA,65.73,65.81,64.24,65.62,65.62,880641620,0.0025974025974027093,0.022436896229354852,0.04191806922832653,0.0188487971807003,0.021627734217623543,0.03311737894877703,0.07500928332714452,59.36209451051414,0.8413467174412759,0.6817857199072376,0.1595609975340383,-0.1075476143783925,0.21647706382564946,1
2021-02-23,TSLA,67.87,67.87,66.65,67.42,67.42,620291369,0.02743066138372452,0.02322051904689637,0.06914050111005388,0.019669035990675578,0.02176061142278182,0.05782582431806969,0.0998039754112846,64.30256164877744,1.045021122795177,0.7544328004848255,0.29058832231035137,-0.47811097481955006,0.2195178823895572,1
2021-02-24,TSLA,66.02,67.78,65.61,66.59,66.59,505285061,-0.012310886977158098,0.04833123425692687,0.03096454559529338,0.019337527373883407,0.021741370351960426,0.043166312887231786,0.08170304470952623,60.641580589333486,1.1264751882685147,0.8288412780415634,0.2976339102269513,-0.6479026231823204,0.2955724710722358,1
2021-02-25,TSLA,69.27,70.16,69.01,69.01,69.01,1242590066,0.036341793062021344,0.07861831822444532,0.08183100799498355,0.0205035589975995,0.02212178733680818,0.07667464954638006,0.11565271045463005,66.61056255259857,1.3705035849981329,0.9371737394328773,0.43332984556525556,0.7631686878201349,0.2471679569194059,1
2021-02-26,TSLA,73.17,73.17,73.12,73.12,73.12,317940658,0.05955658600202862,0.11718869365928186,0.14303579803032673,0.023947252904082356,0.02180124784663511,0.1327126547178289,0.1762529458605131,73.86098059432551,1.8739388977065374,1.1245267710876095,0.749412126618928,-0.9615477975673227,0.177592119279747,1
2021-03-01,TSLA,72.32,72.5,71.35,72.5,72.5,1122546675,-0.008479212253829416,0.10484608351112468,0.14588272483009312,0.023856403061768457,0.021852871626694803,0.11513585430942332,0.16069951490765114,71.34418985454289,2.1975541552677527,1.339132247923638,0.8584219073441146,0.5202726157536797,0.21266121690327544,1
2021-03-02,TSLA,71.5,71.73,71.5,71.73,71.73,1206140802,-0.010620689655172377,0.06392761791753188,0.14548067709996815,0.02386983491314687,0.021699490869327653,0.09561631281502986,0.14363002487192028,68.23448155059248,2.3646310191089555,1.5442320021607017,0.8203990169482538,0.6227405386600698,0.24080350536091336,1
2021-03-03,TSLA,74.6,74.73,73.47,74.42,74.42,471869864,0.03750174264603379,0.11758522300645735,0.1970403731703394,0.024545955551050797,0.02193349399261022,0.126168047516362,0.18050157833790703,72.70971196255933,2.6831712284533893,1.7720198474192392,0.91115138103415,-0.7165411877948031,0.25065728027948087,1
2021-03-04,TSLA,78.06,78.06,76.49,77.46,77.46,488965710,0.04084923407686092,0.1224460223156063,0.23856731691717292,0.025515429661161396,0.022396280578137893,0.1590863179631443,0.22154177727547492,76.70405823469422,3.144669441148281,2.0465497661650476,1.0981196749832334,-0.6253877792088263,0.22577370677179462,1
2021-03-05,TSLA,76.48,76.49,75.57,76.49,76.49,699715646,-0.012522592305706182,0.04608862144420112,0.23710173055151218,0.025570797015561097,0.021900510808284136,0.13215366739933246,0.200329545305941,73.03100113224319,3.3930265087451517,2.3158451146810686,1.077181394064083,-0.2650783522135709,0.22989285054118871,1
2021-03-08,TSLA,76.22,77.32,74.82,75.73,75.73,947390315,-0.009935939338475475,0.04455172413793118,0.18643271189096056,0.02546089787144657,0.02183099201225882,0.11111926228606214,0.18256986031840228,70.19477618320465,3.4883145074749535,2.550338993239846,0.9379755142351076,0.14672528214513342,0.25513650871627735,1
2021-03-09,TSLA,75.08,75.63,74.67,75.23,75.23,729804322,-0.006602403274792001,0.048794088944653646,0.20464371497197753,0.024724613355117046,0.021172395757403036,0.09353082687094359,0.16998444790046668,68.31506552671426,3.483331435169518,2.7369374816257803,0.7463939535437376,-0.29847438376764823,0.28990610284519847,1
2021-03-10,TSLA,72.2,72.78,72.2,72.78,72.78,1037559830,-0.032566795161504736,-0.022037086804622463,0.17028461167390252,0.026323212571244103,0.021609012983514635,0.04983772087991342,0.1283283593659161,59.85681443638476,3.244289638518026,2.8384079130042297,0.40588172551379653,0.8031863806598346,0.34398136494814324,1
2021-03-11,TSLA,70.54,71.65,70.54,71.16,71.16,2303712505,-0.022258862324814555,-0.0813323005422153,0.15632109197270072,0.026890271903381897,0.021753059263673828,0.01939661347162134,0.0999871183820688,55.00709712585525,2.8908034486797476,2.8488870201393333,0.04191642854041433,3.248809423769213,0.3797484562851695,1
2021-03-12,TSLA,68.81,69.92,68.81,69.43,69.43,589844758,-0.02431141090500266,-0.09229964701268123,0.08756265664160412,0.026836509993248582,0.02196443180813715,-0.0093528618615832,0.07086395570328001,50.31846676315127,2.442906252097856,2.767690866531038,-0.32478461443318185,-0.5649138272188392,0.4314812175206722,1
2021-03-15,TSLA,67.98,68.15,66.83,68.15,68.15,285825492,-0.018435834653607985,-0.10009243364584708,0.06185727641009664,0.027321684477932078,0.0219244038058695,-0.03036252916737807,0.049548763334325965,47.11834953129314,1.9620419954926973,2.60656109232337,-0.6445190968306727,-1.207904403730942,0.479768707982958,1
2021-03-16,TSLA,67.9,68.16,67.38,68.12,68.12,1312965491,-0.00044020542920031325,-0.09451016881563201,0.03384428593109745,0.026772374285735364,0.02184324190657294,-0.032324509379150566,0.0477985002884061,47.042835449177005,1.5605438799702256,2.3973576498527414,-0.8368137698825158,1.0166640334401427,0.5152784082499837,1
2021-03-17,TSLA,68.85,69.57,67.6,68.55,68.55,2196187513,0.006312389900176019,-0.05812036273701571,0.07918765743073042,0.025241808138000577,0.021225491207036623,-0.02968278907809241,0.052354172316918926,48.32127889264814,1.2624978478090867,2.1703856894440103,-0.9078878416349236,2.3230503766123785,0.5256818980451313,1
2021-03-18,TSLA,71.64,71.64,70.9,71.3,71.3,1012472319,0.0401167031363967,0.0019673974142777606,0.11441075336042505,0.026495343916507916,0.02161827829956775,0.004041513525692365,0.09137386060109744,55.68876858938174,1.2339717787619264,1.9831029073075936,-0.7491311285456672,0.16609916642553973,0.48263390907467707,1
2021-03-19,TSLA,68.95,69.86,68.46,69.57,69.57,416480747,-0.024263674614305786,0.002016419415238113,0.06294881588999224,0.026980991581961287,0.021878489339223563,-0.023153933641303793,0.062167134449055785,50.783853182048944,1.0595542400069036,1.7983931738474557,-0.7388389338405521,-0.9095131730035151,0.5114291501023683,1
2021-03-22,TSLA,70.94,71.76,70.94,71.34,71.34,742597387,0.02544200086244075,0.04680851063829783,0.08716854617494674,0.027425220833842155,0.022064151565826067,-0.0023075309418920643,0.08589984271145158,55.13755510346399,1.05202421118166,1.6491193813142966,-0.5970951701326366,-0.3065142007250271,0.5169464662520672,1
2021-03-23,TSLA,70.68,71.0,70.52,71.0,71.0,408861043,-0.0047659097280629,0.04227833235466827,0.053099970335211966,0.026951718058882166,0.022022635613180092,-0.009541878243401561,0.07782340394847712,54.1466926978809,1.0070132289261977,1.5206981508366768,-0.5136849219104791,-0.8771061886274122,0.5017990914316577,1
2021-03-24,TSLA,71.01,71.12,70.86,70.94,70.94,1176386508,-0.0008450704225352323,0.034865061998541114,0.06532512389247636,0.026731504551513866,0.02202634232228032,-0.013372460936141818,0.0741269753145615,53.96239746589349,0.9554859553194888,1.4076557117332393,-0.45216975641375057,0.4322912641949688,0.5123187289973897,1
2021-03-25,TSLA,71.67,72.73,71.67,72.19,72.19,355567534,0.017620524386805725,0.01248246844319767,0.04608027822054761,0.025833790021022998,0.02161090585363047,0.0017971010470367685,0.08935070030406447,57.22857180727532,1.0039419551396378,1.3269129604145191,-0.3229710052748813,-0.9450114518410463,0.48551847136655935,1
2021-03-26,TSLA,69.71,70.22,69.31,70.22,70.22,668082834,-0.027289098213048923,0.009343107661348382,-0.039660831509846894,0.02288054375224668,0.021959077128906723,-0.023576280495859858,0.05672378506360612,51.078177582909824,0.8733141264501398,1.2361931936216433,-0.3628790671715034,-0.4347450849538953,0.5143795403646356,1
2021-03-29,TSLA,71.56,71.56,70.18,70.93,70.93,437854536,0.01011107946454004,-0.005747126436781547,-0.021655172413793,0.022971274668701774,0.021913168264874324,-0.012625805643331382,0.06455946029101667,53.03711958418738,0.8176562649247359,1.152485807882262,-0.3348295429575261,-0.7788017604722666,0.5367382076063848,1
2021-03-30,TSLA,71.69,72.04,70.74,71.26,71.26,863146344,0.004652474270407492,0.003661971830986044,-0.006552349086853426,0.022882896077825024,0.021862621192403352,-0.007707464473949879,0.06680905425366276,53.95989399046962,0.7910564444712236,1.0801999352000544,-0.28914349072883083,0.01059613213736182,0.5373579619423638,1
2021-03-31,TSLA,71.72,73.26,71.72,72.18,72.18,642061719,0.012910468706146538,0.017479560191711485,-0.030099435635581817,0.021367661570587535,0.021654059908955213,0.006673500554381861,0.07806969067853574,56.52463001529325,0.8345915544353204,1.0310782590471077,-0.1964867046117873,-0.4066362111753855,0.5261686616957344,1
2021-04-01,TSLA,72.6,73.85,71.2,72.74,72.74,889399667,0.00775838182321964,0.0076187837650643075,-0.0609346759617867,0.01909115352486453,0.021522667168651068,0.017833779935773255,0.08412635720726418,58.05627542277725,0.9038616086301516,1.0056349289637165,-0.1017733203335649,0.0066374197410291585,0.48497892232024625,1
2021-04-02,TSLA,77.16,78.29,76.4,77.38,77.38,810701380,0.0637888369535331,0.10196525206493878,0.011635507909530718,0.024059828160171333,0.022910427005624557,0.08208642147951321,0.14973725527099097,68.0881407116284,1.3179750515619304,1.0681029534833593,0.24987209807857114,-0.14892063513395526,0.4422572827639349,1
2021-04-05,TSLA,76.64,76.64,76.19,76.19,76.19,442523701,-0.015378650814163786,0.07415762018891847,0.0060742110128084725,0.024218502582235957,0.023029019365113618,0.06510281967763147,0.12889683511794214,63.869050396818494,1.532474472074739,1.1609772572016352,0.3714972148731037,-0.7694914927130045,0.4743908935922935,1
2021-04-06,TSLA,75.24,77.09,73.91,75.23,75.23,1165162312,-0.012600078750492072,0.05571147909065388,0.0,0.024348871593385602,0.022419640806363023,0.05168244027232211,0.11111931646149185,60.6063697051942,1.6064842804870523,1.2500786618587187,0.35640561862833353,0.5010784313213692,0.54166253473563,1
2021-04-07,TSLA,73.55,74.1,73.55,74.1,74.1,776836614,-0.015020603482653327,0.026600166251038893,0.018136850783182057,0.023400811343912527,0.022520058137393828,0.034930655456081657,0.09144202420025957,56.92046225824229,1.5560192098073884,1.3112667714484527,0.24475243835893568,-0.1772896191874511,0.5495790835815909,1
2021-04-08,TSLA,73.46,74.45,73.11,73.11,73.11,442027473,-0.013360323886639658,0.005086609843277579,0.027403035413153587,0.023013594220218255,0.022614951018437298,0.019715048851757046,0.07428341921200587,53.83155738346681,1.4197742773967548,1.3329682726381131,0.08680600475864164,-0.7619041119320571,0.569009363236625,1
2021-04-09,TSLA,71.84,73.08,71.42,71.99,71.99,3068810713,-0.015319381753522099,-0.06965624192297748,0.03687166930721575,0.022564182722781517,0.02272439782784594,0.0023042276660470234,0.05570858395637756,50.49317336274594,1.207505179042002,1.307875653918891,-0.100370474876889,3.2032907204241527,0.5911610642951113,1
2021-04-12,TSLA,73.85,74.76,73.31,74.2,74.2,1064592676,0.030698708153910292,-0.026118913243207698,0.08877476155539243,0.022888865063414525,0.02259227257291515,0.028740970787638577,0.084837615501579,56.257655989879794,1.2037330344160182,1.2870471300183164,-0.08331409560229819,0.18177131369827249,0.600804292102218,1
2021-04-13,TSLA,76.73,78.44,75.74,76.92,76.92,729626755,0.03665768194070074,0.022464442376711302,0.12918379330593055,0.023945688525293947,0.022658784305560477,0.059985944024143124,0.1200446542330515,62.10593116365362,1.4040399520518747,1.3104456944250282,0.09359425762684648,-0.2834371283938885,0.562953203426117,1
2021-04-14,TSLA,75.86,76.11,75.81,75.87,75.87,1869847504,-0.013650546021840793,0.023886639676113486,0.10678336980306358,0.024360311274800837,0.022576074660121747,0.040269836699436436,0.10100663187071003,58.835747811256866,1.4612144322275356,1.3405994419855298,0.12061499024200573,1.55189559269096,0.5841481098527835,1
2021-04-15,TSLA,74.11,74.34,74.11,74.34,74.34,2415300062,-0.02016607354685651,0.016823963890028715,0.04263674614305768,0.02354984057448968,0.022779396842029,0.01717178627625381,0.0755441741357233,54.345317400544786,1.3673059545050137,1.3459407444894267,0.021365210015587,2.0320632961675225,0.6201974537941422,1
2021-04-16,TSLA,74.87,75.26,74.87,75.26,75.26,733098292,0.012375571697605725,0.04542297541325202,0.08178812706626437,0.022783278807441566,0.02273175958911209,0.025766837718670804,0.08562169127723325,56.495436835206476,1.3515394154972853,1.3470604786909985,0.0044789368062867485,-0.3589559963695823,0.613021423995479,1
2021-04-19,TSLA,74.11,74.96,74.11,74.26,74.26,985282038,-0.01328727079457881,0.0008086253369272711,0.04093075413512759,0.022525530008930036,0.02283043123234085,0.010127116050356757,0.06829963028143676,53.54366871544483,1.2440124756422648,1.3264508780812518,-0.08243840243898704,-0.017114358835208728,0.615760516944525,1
2021-04-20,TSLA,74.76,75.48,74.76,75.48,75.48,442167049,0.01642876380285485,-0.018720748829953116,0.06309859154929587,0.022676414597865128,0.022894717007272084,0.023603360478441155,0.08262653113913904,56.5278454870775,1.242912879167335,1.3097432782984686,-0.06683039913113364,-0.7972418083555219,0.6048341908332199,1
2021-04-21,TSLA,76.32,76.32,74.88,75.91,75.91,732287935,0.005696873343931985,0.0005272176090680425,0.07005920496193974,0.022660588879468774,0.022730859268781135,0.025977185489538805,0.08585569605767596,57.562563676785565,1.2621891169243753,1.30023244602365,-0.03804332909927477,-0.34944988576773567,0.6264194647252709,1
2021-04-22,TSLA,72.64,74.64,71.94,73.12,73.12,709848743,-0.0367540508496903,-0.016411084207694326,0.012882670730018031,0.024109398902136994,0.023221830941651696,-0.0123523492425829,0.043624711868519475,49.35421819949675,1.040343558279048,1.2482546684747298,-0.20791111019568187,-0.41406407427869585,0.6386961937087319,1
2021-04-23,TSLA,75.35,76.04,75.35,76.04,76.04,893713864,0.03993435448577687,0.010364071219771454,0.08288236969524365,0.024650617566425472,0.023718431017451767,0.023067453296647864,0.08219399034128132,56.36704978122104,1.0876116412973431,1.2161260630392525,-0.1285144217419094,-0.16386394768436943,0.6033582900521114,1
2021-04-26,TSLA,79.82,80.6,78.65,79.57,79.57,976666975,0.046422935297211865,0.07150552114193354,0.12181023544339475,0.02637977039224451,0.024289713771149916,0.06437481189178323,0.1280711122872845,63.031424174813985,1.3938460466102782,1.2516700597534578,0.14217598685682042,-0.0835106556971003,0.5410052898576477,1
2021-04-27,TSLA,78.83,79.61,77.25,78.4,78.4,1119219125,-0.014704034183737447,0.03868574456809748,0.10019646365422408,0.02678719450373319,0.02434087652290549,0.04373989043393751,0.10735505984048817,59.772729034163326,1.524555668475287,1.3062471814978236,0.2183084869774634,0.11017767474002005,0.5861555167088229,1
2021-04-28,TSLA,78.17,79.03,77.13,77.68,77.68,922488616,-0.009183673469387754,0.02331708602292193,0.07619839290662234,0.02690439980469627,0.02435785171911266,0.030382215029944603,0.09319404147326012,57.792614669076464,1.5521537406660997,1.3554284933314789,0.19672524733462082,-0.20647283572156266,0.557775048174792,1
2021-04-29,TSLA,78.27,79.77,77.93,78.28,78.28,386852648,0.007723995880535517,0.0705689277899344,0.07616167170745136,0.02690414922087948,0.024361324421107538,0.03453972365577881,0.09758576933592886,59.01119968682699,1.6039510480444648,1.4051330042740762,0.19881804377038859,-0.9527871118700532,0.5366517338152503,1
2021-04-30,TSLA,78.51,79.86,78.51,78.97,78.97,455506131,0.008814512008175734,0.03853235139400302,0.020547945205479534,0.023000987680304365,0.024284396954693668,0.042563303672801256,0.10284311101283641,60.42620354624622,1.6812970746452436,1.4603658183483097,0.2209312562969339,-0.8128224788598238,0.537761091861177,1
2021-05-03,TSLA,80.7,82.01,79.8,80.32,80.32,576309515,0.01709509940483711,0.009425662938293389,0.05420658879117979,0.022910149134717096,0.02406545636375274,0.057503044666073894,0.11740755511449517,63.109544136500986,1.8304280405045859,1.534378262779565,0.29604977772502084,-0.6524510699729558,0.5603980658261856,1
2021-05-04,TSLA,84.84,85.97,82.88,84.5,84.5,675291930,0.05204183266932283,0.07780612244897944,0.12322211883557088,0.02506794883422365,0.024603065355785443,0.10578936348408695,0.16957985093047329,69.91229215559324,2.259856255459866,1.6794738613156253,0.5803823941442405,-0.4698736369743987,0.5085271262551205,1
2021-05-05,TSLA,83.74,84.17,83.74,84.17,84.17,1502602699,-0.0039053254437869667,0.08354788877445918,0.13589743589743608,0.024694975369428166,0.02460139757682869,0.09426088313106562,0.15913488352877195,68.83312139928958,2.544224728653205,1.8524240347831413,0.6918006938700638,0.6724517920125761,0.4990420821838658,1
2021-05-06,TSLA,83.21,83.21,81.54,82.55,82.55,398109084,-0.01924676250445534,0.05454777721001536,0.1291205033511147,0.024979802929369913,0.024723049989300416,0.06665460677206139,0.1313695213208218,63.639733769492764,2.6087957577516647,2.003698379376846,0.6050973783748188,-0.9103371425221524,0.5660156165771971,1
2021-05-07,TSLA,79.16,80.83,79.16,79.79,79.79,645509813,-0.03343428225317979,0.0103836900088643,0.10834838171968353,0.026110957142101602,0.024851075385658044,0.025822335645365513,0.08957333351540703,55.90128648291028,2.4094847890082605,2.084855661303129,0.32462912770513164,-0.5215684641514254,0.5643135254104912,1
2021-05-10,TSLA,79.14,79.14,77.6,78.38,78.38,1416997026,-0.01767138739190388,-0.02415338645418319,0.05633423180592989,0.025891146737161964,0.025007511066548672,0.004994198011296224,0.06687114198406079,52.39603931019715,2.1133923230240157,2.0905629936473065,0.02282932937670923,0.9343872401048974,0.5276518794343371,1
2021-05-11,TSLA,78.92,79.05,77.0,78.36,78.36,668183580,-0.0002551671344730444,-0.0726627218934911,0.018720748829953227,0.024656260849740645,0.02482861127135875,0.0038110488390712496,0.06359009161859522,52.34590037740715,1.8557313616628761,2.0435966672504207,-0.18786530558754455,-0.4931594665147929,0.5394324274826328,1
2021-05-12,TSLA,82.3,82.91,81.92,81.99,81.99,1054412303,0.04632465543644715,-0.02589996435784725,0.08066429418742582,0.026342766756358906,0.024901514830770657,0.04621116902837215,0.10823006237933591,59.85473105084285,1.922284951916538,2.019334324183644,-0.0970493722671062,0.3552326092832632,0.48202101929972446,1
2021-05-13,TSLA,81.69,81.69,79.94,80.98,80.98,735657175,-0.012318575436028656,-0.01901877649909134,0.08931934355663174,0.026016965970866876,0.024993732361750856,0.028964237838387287,0.0904023141987041,57.15615607871498,1.87195189639543,1.9898578386260015,-0.11790594223057149,-0.2117673545754217,0.4694014474767337,1
2021-05-14,TSLA,81.83,82.06,80.98,81.47,81.47,933143875,0.006050876759693624,0.021055270083970345,0.08251395163433428,0.025955909286555508,0.024873889712797373,0.03112224880079993,0.0930704227871707,58.14214572785444,1.850272700230505,1.9619408109469023,-0.11166811071639726,0.3900085082943741,0.4815817344970574,1
2021-05-17,TSLA,80.97,82.39,80.97,81.48,81.48,697432626,0.00012274456855299043,0.03955090584332743,0.09722596283328833,0.025649382023908304,0.02487823167317696,0.0265584841001867,0.08934122129750333,58.163306420773466,1.812999567050241,1.9321525621675701,-0.11915299511732913,-0.32150602085332775,0.4880347363591738,1
2021-05-18,TSLA,83.88,84.94,83.88,83.97,83.97,1193599398,0.030559646539027874,0.07159264931087295,0.11248012718600942,0.026171271827034978,0.024931583798763046,0.0523017926851427,0.11850634934730478,63.15770936399084,1.961768484734634,1.938075746680983,0.023692738053650908,1.15658790288223,0.44427961081747347,1
2021-05-19,TSLA,88.73,89.49,88.73,89.49,89.49,316541893,0.06573776348695959,0.09147457006952076,0.17889606112501655,0.02941730489617522,0.026077659988100445,0.11201545812079451,0.1860049035849181,71.32904129985671,2.496310873407765,2.0497227720263393,0.4465881013814257,-1.5035752744472002,0.34911487069177105,1
2021-05-20,TSLA,88.16,88.36,87.01,88.36,88.36,643229921,-0.012627109174209394,0.09113361323783642,0.2084245076586433,0.027912837932933723,0.025853978229507253,0.08767502692721961,0.16604533007818958,68.00394385067065,2.796521452870678,2.1990825081952075,0.5974389446754707,-0.5037101322450565,0.38411306923299293,1
2021-05-21,TSLA,87.75,87.75,86.76,87.33,87.33,955689479,-0.011656858306926199,0.07192831717196513,0.14847448711204625,0.02736717686870318,0.02489831473955749,0.06757780983350048,0.1488622759742681,65.02828096023333,2.917694739311756,2.342804954418517,0.5748897848932386,0.42606211842715935,0.41257743247004375,1
2021-05-24,TSLA,89.47,91.26,89.18,89.68,89.68,1101806727,0.026909424023817907,0.10063819342169866,0.1270579364081943,0.026222688745076234,0.02503419059965741,0.08957263918840934,0.17535014984578554,68.4232257220056,3.1668453798076257,2.507613039496339,0.6592323403112865,0.8347180936730502,0.3840510136043477,1
2021-05-25,TSLA,90.96,91.26,89.97,91.26,91.26,1959140265,0.01761819803746656,0.08681672025723475,0.164030612244898,0.025852246928356703,0.025022890450716706,0.10017420027606826,0.19097697261814406,70.49697472899237,3.45199935307582,2.6964903022122355,0.7555090508635844,2.6170924316084943,0.4132512125693837,1
2021-05-26,TSLA,95.81,96.17,95.62,95.62,95.62,632622983,0.047775586237124745,0.0684992736618617,0.2309474768280122,0.026979955966576166,0.02528751815826898,0.14040370911476202,0.24214888379373756,75.31468972324492,3.983877829532929,2.9539678076763742,1.029910021856555,-0.508969646446855,0.34028960429404653,1
2021-05-27,TSLA,97.8,97.8,97.08,97.08,97.08,1943369301,0.015268772223384186,0.0986871887732006,0.2401635155850792,0.026987679229271973,0.024876527733172876,0.14498009730207878,0.25578056178975894,76.68751173388401,4.471658654910641,3.2575059771232278,1.2141526777874132,2.152125960318058,0.28752754877071934,1
2021-05-28,TSLA,95.39,96.26,95.17,96.26,96.26,538654921,-0.008446641944787725,0.10225581129050743,0.218943902747879,0.027340340144992724,0.024835981474477742,0.12384999766496974,0.23988871142253607,74.19189556627228,4.737450940834364,3.553494969865455,1.183955970968909,-0.8330436937130953,0.27917937392968284,1
2021-05-31,TSLA,97.51,99.11,97.3,97.74,97.74,1775215830,0.01537502597132745,0.08987511150758243,0.216882470119522,0.02732052869326813,0.024807823924390956,0.12964182934017543,0.25303140697880633,75.72723678580226,5.0097673934431555,3.8447494545809953,1.1650179388621602,1.5801445930988447,0.2632925139972531,1
2021-06-01,TSLA,99.84,102.25,98.89,100.53,100.53,1306320542,0.028545119705340793,0.10157790927021693,0.1897041420118344,0.02589506837698822,0.024954324637213785,0.15122331075471374,0.2818698238433144,78.34287017928456,5.388593475761226,4.153518258817042,1.2350752169441845,0.57498768273393,0.24165219545068944,1
2021-06-02,TSLA,103.07,103.07,102.66,102.66,102.66,462392590,0.021187705162637904,0.07362476469357859,0.2196744683378875,0.025842870819871123,0.02453892154486591,0.16329930084193592,0.30076974246887767,80.10546142336175,5.79390059466273,4.48159472598618,1.3123058686765505,-1.0176170761071013,0.21520249994139687,1
2021-06-03,TSLA,103.21,104.21,102.22,104.03,104.03,961710033,0.013345022404052331,0.07159044087350641,0.260205935796487,0.024892364095544718,0.02427200204054659,0.1646496423093717,0.3090419485678092,81.16713902720707,6.154709299276007,4.816217640644146,1.3384916586318614,-0.07379242581010613,0.2111717612125855,1
2021-06-04,TSLA,107.24,107.24,106.89,106.89,106.89,775686109,0.027492069595309143,0.11043008518595476,0.33964155909261806,0.022679435784349652,0.024073091340031216,0.17878647522000932,0.3345457874848096,83.18456264989234,6.595403192642252,5.172054751043767,1.4233484415984847,-0.47961846856463564,0.15330833806749838,1
2021-06-07,TSLA,109.64,110.48,109.64,110.11,110.11,1164259100,0.03012442698100859,0.12656026191937797,0.40482265884154134,0.02154927714801643,0.02400260746294756,0.19341675292230492,0.36284872639057336,85.11755292920678,7.1223809929418,5.562119999423373,1.5602609935184262,0.3711886121450447,0.16019127483079784,1
2021-06-08,TSLA,113.35,115.21,113.35,114.04,114.04,699612415,0.035691581146126694,0.13438774495175565,0.4553343542623789,0.021502070720392893,0.024231577832673847,0.21256585697804858,0.3982458578212998,87.07102403902292,7.7675928764478215,6.003214574828263,1.7643783016195584,-0.6288348392726519,0.12357316977248207,1
2021-06-09,TSLA,116.97,116.97,115.7,115.96,115.96,665235894,0.016836197825324417,0.12955386713422956,0.4143188193682157,0.020529938886164775,0.024250539137135815,0.2111084420399596,0.4081445546117461,87.90621943588187,8.33774357860841,6.470120375584293,1.8676232030241176,-0.6533198240978506,0.1352976827983192,1
2021-06-10,TSLA,114.42,115.53,114.42,115.53,115.53,1818825408,-0.0037081752328388395,0.11054503508603286,0.4266485551988144,0.01994984468338563,0.023958270945915676,0.1852330609544034,0.39047580839284296,86.55762548174997,8.655123831542099,6.907121066775855,1.7480027647662437,1.571915505009772,0.14808565779396723,1
2021-06-11,TSLA,115.87,116.02,115.86,116.02,116.02,753897868,0.004241322600190278,0.08541491252689681,0.42408248435006746,0.020011423105068666,0.023580136370358107,0.16953287232112238,0.38348255542416476,86.80602433809351,8.844238003139225,7.29454445404853,1.5496935490906951,-0.5214940606683061,0.15572552205337972,1
2021-06-14,TSLA,118.48,121.2,118.09,119.63,119.63,1313358448,0.031115324943975065,0.08645899554990466,0.4682130584192439,0.019750893606440206,0.023659122488003392,0.1831726989056419,0.412969444520998,88.4930769106223,9.17959254780206,7.671554072799236,1.5080384750028228,0.5232361156817862,0.13980191991505544,1
2021-06-15,TSLA,117.23,119.11,116.23,117.27,117.27,698739886,-0.01972749310373656,0.028323395299894694,0.3965702036441585,0.021409369004893243,0.023883638602063127,0.14104179538698777,0.37259300730949363,81.18476676213241,9.149461862876336,7.967135630814657,1.182326232061679,-0.6386696097024517,0.17143277942734603,1
2021-06-16,TSLA,118.41,118.41,118.41,118.41,118.41,2174355108,0.00972115630596071,0.021127975163849566,0.3231645993965806,0.018116183513896614,0.023851186380160712,0.1361488382803768,0.37321983578419987,81.95981065237245,9.112528000180959,8.196214104687918,0.9163138954930403,1.9495807684896456,0.17828787150866446,1
2021-06-17,TSLA,116.89,118.63,116.89,117.31,117.31,532449823,-0.009289755932775923,0.015407253527222275,0.3276369397917611,0.017869237451697093,0.023936350032631747,0.11017526592724378,0.348700850770292,78.59556835484133,8.891995452483087,8.335370374246953,0.5566250782361344,-1.057202663595376,0.2213176589782266,1
2021-06-18,TSLA,116.58,117.45,116.58,117.45,117.45,553356978,0.0011934191458529142,0.012325461127391968,0.34489866025420834,0.017096542546427115,0.02349487479716168,0.09588146378785896,0.3381997443994812,78.71531780398715,8.629048351551901,8.394105969707944,0.23494238184395755,-0.9591214898957032,0.22557567007109966,1
2021-06-21,TSLA,121.02,121.53,121.02,121.32,121.32,1996597479,0.03295019157088119,0.014126891248014584,0.35280999107939315,0.01736804065074132,0.02369932756583111,0.1155246607083745,0.36919205028948043,81.75411891590639,8.63341688100408,8.441968151967172,0.19144872903690846,1.4421471361552987,0.21133656883652438,1
2021-06-22,TSLA,122.38,123.07,121.96,121.96,121.96,612483257,0.005275304978568984,0.03999317813592573,0.336401490247644,0.01750255132298359,0.02369741248070489,0.10580192400105189,0.36341278003845634,82.2065464705764,8.589507131930958,8.471475947959929,0.11803118397102885,-0.7947397270247983,0.20433878610608705,1
2021-06-23,TSLA,122.85,124.43,122.16,122.16,122.16,2090448730,0.0016398819285010635,0.0316696224980999,0.27755699644425835,0.015886192816514485,0.023712717089518772,0.09444713218298112,0.3530486791825885,82.35380147839811,8.473173201666484,8.47181539870124,0.0013578029652432377,1.5611676303828743,0.2391896291850156,1
2021-06-24,TSLA,118.21,120.27,116.44,118.14,118.14,1365934091,-0.03290766208251472,0.007075270650413357,0.2169344870210137,0.018817066878477062,0.02432442288756405,0.048539553212450355,0.2976475972540045,69.84230814226683,7.964784245457366,8.370409168052467,-0.4056249225951003,0.43564295069256675,0.2562118458208872,1
2021-06-25,TSLA,120.64,121.53,119.86,120.42,120.42,729018871,0.01929913661757232,0.025287356321838983,0.2509869104508622,0.018401154724626105,0.023262355100831727,0.05743815804494254,0.31235083207096853,72.40312695026684,7.657587379533325,8.227844810348639,-0.5702574308153139,-0.6876038374155229,0.28262446122134244,1
2021-06-28,TSLA,121.71,122.44,121.71,122.44,122.44,269485169,0.016774622155788066,0.009231783712496,0.2527112748107223,0.018419639463346845,0.023092328679360802,0.06364125996837912,0.32324889810313434,74.47140477025293,7.490779722418679,8.080431792762647,-0.589652070343968,-1.3389777317542195,0.26548807127439805,1
2021-06-29,TSLA,128.76,131.7,128.76,129.31,129.31,790684052,0.056109114668408955,0.06026566087241725,0.28628270168109027,0.020658094499736438,0.023738134554100846,0.10945235214880789,0.3840135429469467,79.96968458614494,7.822759139523512,8.028897262114821,-0.20613812259130881,-0.39771505587381667,0.17558377985086812,1
2021-06-30,TSLA,127.51,128.38,127.51,128.38,128.38,850196478,-0.007192019178717812,0.05091683038637851,0.2505357490746152,0.021027934505898793,0.023623191447836932,0.08945255815137587,0.36088266212026165,77.53518533777209,7.919520686947266,8.007021947081311,-0.08750126013404547,-0.33629154867516886,0.18649314169538836,1
2021-07-01,TSLA,128.5,130.62,127.63,129.15,129.15,1611337860,0.005997818974918356,0.09319451498222442,0.24146880707488227,0.021057228612909245,0.02343752511752937,0.08442839749779607,0.3556232385557515,78.12885950550692,7.966504569550509,7.998918471575151,-0.03241390202464256,0.9268448871733012,0.16395807925523065,1
2021-07-02,TSLA,129.3,130.08,129.3,130.02,130.02,2074670754,0.006736353077816615,0.07972097658196309,0.2163906820095427,0.02071457355722891,0.023208793682738628,0.08123391392207181,0.3510396209358147,78.81023219252666,7.981930636324563,7.9955209045250335,-0.01359026820047049,1.517757654631266,0.1787645021853267,1
2021-07-05,TSLA,135.37,136.51,135.31,135.31,135.31,530328769,0.040686048300261346,0.10511270826527275,0.22886204704386515,0.021377448755005846,0.023393653428317642,0.1135571530266683,0.3912837834364124,82.40055409203937,8.325048715576884,8.061426466735403,0.26362224884148056,-0.9122055893319042,0.12306553832739203,1
2021-07-06,TSLA,135.23,135.23,132.41,135.06,135.06,1293618359,-0.0018476091937033035,0.044466785244760665,0.18432129077516657,0.020692884204260843,0.023186388266053293,0.10196838347781746,0.3750133622466899,81.69606005317199,8.479058051565715,8.144952783701466,0.3341052678642491,0.2515968511699731,0.11427226487358473,1
2021-07-07,TSLA,137.28,137.28,135.27,136.07,136.07,1266143234,0.007478157855767664,0.05990029599626112,0.17342186961021033,0.02060472558040028,0.022985506952689975,0.10117506150459675,0.3712886337334786,82.35250208102644,8.58366299512889,8.232694825986952,0.35096816914193774,0.16208401522005464,0.06004084180275294,1
2021-07-08,TSLA,137.38,140.39,136.09,138.22,138.22,1523151866,0.015800690820900964,0.07022841656987988,0.19639920367004238,0.02047130491851466,0.02265096726893142,0.10839798720955861,0.3781688560959194,83.69317539729181,8.739308885440437,8.33401763787765,0.40529124756278634,0.6163747811479726,0.03357834312858457,1
2021-07-09,TSLA,139.33,139.33,136.9,138.93,138.93,1078906588,0.005136738532773855,0.06852791878172582,0.197465954145837,0.020460859765255333,0.022660838269677387,0.10395079778780758,0.37074468609917094,84.12215434001432,8.81829858428351,8.430873827158823,0.3874247571246876,-0.14908777357619177,-0.03166279195014291,0
2021-07-12,TSLA,138.33,138.33,134.8,137.46,137.46,249383239,-0.010580868063053361,0.01588943906584883,0.14904288222017903,0.02023847330713333,0.02261529705435231,0.08458688885469814,0.34229105432245854,79.46129615570561,8.662426712046198,8.477184404136299,0.18524230790989904,-1.375706036720918,-0.060192771239112416,0
2021-07-13,TSLA,138.36,138.36,137.22,138.2,138.2,728680950,0.005383384257238388,0.02324892640307996,0.17847701884539946,0.019236584998450566,0.02261170050553222,0.08149562549888072,0.3358809371143552,80.06022445809236,8.500619100326986,8.481871343374436,0.01874775695254982,-0.6169535350191183,-0.04605151537829391,0
2021-07-14,TSLA,141.33,142.02,141.33,142.02,142.02,399840171,0.027641099855282292,0.0437274932020284,0.19939194324803666,0.01971193016107356,0.02271192357744673,0.10121620730965004,0.35833897899812717,82.8417944710834,8.58170294755179,8.501837664209907,0.07986528334188314,-1.0546299413010538,-0.05314055129199723,0
2021-07-15,TSLA,137.84,138.49,137.84,138.49,138.49,708341256,-0.02485565413322066,0.0019534076110550025,0.18054726792259834,0.020764342657281155,0.022339042442519663,0.06509876908760216,0.31091625621980806,72.74325664706626,8.265837552100535,8.454637641788032,-0.18880008968749706,-0.556937399678531,-0.016894015718142533,0
2021-07-16,TSLA,137.74,139.02,137.74,139.02,139.02,1440134777,0.0038269911184922734,0.0006478082487584302,0.1836526181353768,0.02072363965055836,0.022029022529938994,0.06037954600927528,0.3029867533116721,73.27011270002654,7.9664462872643895,8.356999370883305,-0.39055308361891505,0.6162296867659233,-0.04434387024726795,0
2021-07-19,TSLA,136.15,138.41,136.15,136.68,136.68,960620993,-0.016832110487699614,-0.005674378000873004,0.12660731948565784,0.02064307107528213,0.021785271301197583,0.0364595971851494,0.26972723655342945,67.10296446948516,7.454428102139019,8.176485117134447,-0.7220570149954284,-0.1254144083874726,-0.028120708903674844,0
2021-07-20,TSLA,141.58,141.58,138.83,140.89,140.89,1592951656,0.030801872988001078,0.019464544138929174,0.1552148245326337,0.021360942244443577,0.021727915820450736,0.06077090164397246,0.29629516039992626,71.71565734544986,7.304163961631815,8.002020886033922,-0.6978569244021067,0.9414750415981937,-0.058006326376156485,0
2021-07-21,TSLA,134.46,137.61,133.31,135.69,135.69,981951378,-0.03690822627581791,-0.04457118715673858,0.11075638506876229,0.02354108856703012,0.022427339183216058,0.016442563391887283,0.23744340125942176,60.44248781574624,6.688382495859713,7.73929320799908,-1.050910712139367,-0.08182382827987142,-0.04893388442373245,0
2021-07-22,TSLA,133.12,134.51,133.12,133.88,133.88,367048458,-0.013339229125211904,-0.0332876019929238,0.13323175893008288,0.022229690815772092,0.022620961315021573,-0.002993699825739763,0.21070535554145475,57.07915748860252,5.985324281982884,7.388499422795841,-1.4031751408129578,-1.1950140660065987,0.0026108701564187655,1
2021-07-23,TSLA,135.77,135.77,133.07,135.21,135.21,176263712,0.00993426949507037,-0.0274061286145878,0.12282012954658694,0.022043884602370167,0.02262107219655094,0.0013960739585918151,0.2124554442127918,58.889407972433084,5.472383239407236,7.00527618611812,-1.5328929467108843,-1.4369271706464457,0.015120663892901714,1
2021-07-26,TSLA,141.47,141.47,140.67,140.67,140.67,874607049,0.040381628577767836,0.02919227392449497,0.14888925187847102,0.023248191264252597,0.02295521940513754,0.034848050142349506,0.2501407115561215,65.35033905212259,5.443698567994318,6.69296066249336,-1.2492620944990422,-0.19629348493633364,-0.02950619823666124,0
2021-07-27,TSLA,140.39,141.28,140.32,140.51,140.51,703546211,-0.0011374138053600324,-0.0026971396124635394,0.08661356430283806,0.02024156000588056,0.022307805185403137,0.02943008066347722,0.23844457730620006,65.02782205372111,5.346424838904454,6.423653497775579,-1.0772286588711246,-0.5203695356315369,-0.027197348132600878,0
2021-07-28,TSLA,139.19,139.74,138.28,138.64,138.64,445110247,-0.013308661305245217,0.021740732552140818,0.07991899049696216,0.02047013509384285,0.022430936843069547,0.011926484971461003,0.21226252863646689,61.224720829149376,5.060111520228304,6.150945102266125,-1.0908335820378205,-0.9604808722765406,-0.008111284332756602,0
2021-07-29,TSLA,145.06,145.39,145.06,145.39,145.39,288332143,0.04868724754760523,0.08597251269793849,0.12574525745257437,0.022779368356699376,0.02271442271018037,0.054942024989478686,0.25974768654905883,68.40719014827992,5.3165884184709,5.98407376550708,-0.6674853470361803,-1.1421773176733134,-0.10620916875875057,0
2021-07-30,TSLA,139.33,140.45,138.52,140.29,140.29,514730526,-0.03507806589173945,0.03757118556319794,0.07898784802338077,0.024574209022625592,0.022768292580331893,0.014158018961696986,0.2050300491609426,59.447311075581105,5.050106348222556,5.797280282050176,-0.7471739338276198,-0.654439458745019,-0.07617725827509843,0
2021-08-02,TSLA,132.58,134.59,131.25,132.85,132.85,711798276,-0.05303300306507952,-0.05559109973697296,-0.018180474466040986,0.026116344642696052,0.023917518361415663,-0.038771132021547104,0.13229417772657603,49.30225169106636,4.190268756452781,5.475877976930697,-1.285609220477916,-0.2344628619969072,-0.03828475686724166,0
2021-08-03,TSLA,134.6,136.33,134.39,134.39,134.39,1192749155,0.011592021076402004,-0.043555618817166075,-0.004960758181549063,0.02625488435560146,0.023887759550471798,-0.02739279898679229,0.13637516700208,51.16017979171503,3.5917034779271546,5.099043077129989,-1.507339599202834,0.8772653313993224,-0.07435412881937016,0
2021-08-04,TSLA,133.96,134.86,131.92,132.77,132.77,895756032,-0.012054468338417834,-0.04233987305250997,-0.02425222312045261,0.02632837040207522,0.023540941788049333,-0.03796826316933562,0.11469950325334087,49.120860734475265,2.9525802143765816,4.669750504579308,-1.7171702902027262,0.2458026099152553,-0.06874004942661129,0
2021-08-05,TSLA,128.37,129.49,128.37,129.49,129.49,2099238188,-0.024704375988551686,-0.10936102895659938,-0.06316017942410646,0.026533411717275242,0.023778245583587106,-0.05875768225712064,0.07983171670365988,45.19290248746162,2.156542555305606,4.167108914724568,-2.010566359418962,2.6092582086984195,0.0016975312718331044,1
2021-08-06,TSLA,131.89,133.25,129.83,131.87,131.87,429717067,0.018379797667773534,-0.06001853303870541,-0.05081695818037857,0.026907717765850655,0.02381321792527516,-0.03899198734882895,0.09202929854901246,48.41621138698133,1.6981478930100309,3.673316710381661,-1.97516881737163,-0.7260141998044607,0.0,0
2021-08-09,TSLA,132.28,133.01,132.0,132.74,132.74,1357126366,0.00659740653674068,-0.0008280015054571432,-0.034337261748872416,0.026902307518925018,0.023790028834595293,-0.03098525745613546,0.09151160734965413,49.58346465988286,1.3890563724877438,3.216464642802878,-1.827408270315134,1.0439513981479231,-0.020396445276773197,0
2021-08-10,TSLA,130.97,131.23,130.94,130.94,130.94,822927980,-0.013560343528702834,-0.025671552942927223,-0.05253256150506502,0.02698422245880405,0.023776704270848797,-0.04158569478449585,0.06982368416752462,47.203533945277925,0.9874712054404995,2.7706659553304025,-1.783194749889903,-0.051309216441857874,0.008062719573425563,1
2021-08-11,TSLA,125.67,126.88,125.67,126.88,126.88,1213532633,-0.031006567893691828,-0.0443624312721248,-0.10660470356287854,0.026739240702275263,0.02304379790740926,-0.06612838526620271,0.031400766559680646,42.27467963821864,0.3377110750708425,2.2840749792784907,-1.9463639042076482,0.6681927981589928,0.07505892500692192,1
2021-08-12,TSLA,129.26,130.19,127.89,129.74,129.74,615589610,0.02254098360655754,0.0019306510155223666,-0.06318145714492018,0.027011997073827086,0.023006728713712836,-0.04199310329550225,0.048769873935824014,46.51164932271587,0.052939336746248955,1.8378478507720424,-1.7849085140257934,-0.5501775154396479,0.07639564830155536,1
2021-08-13,TSLA,132.78,132.78,131.32,131.93,131.93,1521569529,0.016879913673500724,0.000454993554257932,-0.05099985613580782,0.02733907253585709,0.02291597753348728,-0.023265283458883075,0.0601030399048615,49.5643842607239,0.00392513336660727,1.4710633072909554,-1.467138173924348,1.2835825013095803,0.06158278151021926,1
2021-08-16,TSLA,131.81,131.81,131.67,131.67,131.67,954916877,-0.00197074206018355,-0.008060870875395643,-0.036654960491659505,0.02712322615844272,0.0227970661842611,-0.023378973757991927,0.0520974830203754,49.205333388739426,-0.05526177963301393,1.1657982899061616,-1.2210600695391756,0.13569186353484575,0.0478964783436161,1
2021-08-17,TSLA,137.82,140.87,135.76,137.96,137.96,532095216,0.0477709425077848,0.05361234153047212,-0.020796365959258822,0.02842168838062374,0.023367572873247217,0.02438825176071378,0.09554376166338008,57.269917606460695,0.4007628529699332,1.012791202518916,-0.6120283495489829,-0.6442691454686503,0.01916853981351604,1
2021-08-18,TSLA,133.81,134.38,133.81,134.38,134.38,794152115,-0.025949550594375315,0.05911097099621698,-0.009654359201120233,0.02778472495887052,0.02313386107238988,-0.0017086397741623192,0.06166863740147424,52.19094263397095,0.46789596565918146,0.9038121551469692,-0.43591618948778776,-0.0669506017557283,0.05578905215798016,1
2021-08-19,TSLA,128.89,129.42,128.89,129.42,129.42,692810093,-0.036910254502158124,-0.0024664714043473035,-0.03331341499850615,0.028854329589098168,0.02375016173468712,-0.0369604202787473,0.018146535899721962,46.091952220676724,0.11949147029426399,0.7469480181764282,-0.6274565478821642,-0.32566360393352756,0.1162880744273695,1
2021-08-20,TSLA,126.96,127.26,126.96,127.26,127.26,1072766872,-0.016689847009735637,-0.035397559311756255,-0.05879742622587092,0.02892295204005038,0.02385335503874518,-0.05022408472305657,-0.002899004936143575,43.697134169243824,-0.3271444331431326,0.5321295279125161,-0.8592739610556487,0.4306605848751634,0.14949244355585548,1
2021-08-23,TSLA,128.03,129.32,127.18,127.18,127.18,394107372,-0.0006286342920006627,-0.034100402521454964,-0.09589820146442019,0.027110134451097705,0.023824185279492364,-0.046018827588793394,-0.007342036933932008,43.606764601553984,-0.6797264722106888,0.28975832788787514,-0.969484800098564,-1.0505026160585524,0.17682869813650504,1
2021-08-24,TSLA,129.21,129.21,126.45,128.01,128.01,785938402,0.006526183362163707,-0.07212235430559599,-0.08896163974094373,0.02721677882773492,0.02361898641603894,-0.035270178611802,-0.0044227139805463256,44.880408526355666,-0.882008964674327,0.05540486937543472,-0.9374138340497618,-0.18166474998470633,0.15739293218703465,1
2021-08-25,TSLA,127.15,127.31,127.15,127.31,127.31,1014015828,-0.005468322787282154,-0.05261199583271314,-0.08172244662435069,0.0271364783537308,0.023546712026210184,-0.03643182325627142,-0.013020439648188343,43.97828921703688,-1.086281470568366,-0.17293239861332546,-0.9133490719550407,0.2734575096358224,0.1963483449346464,1
2021-08-26,TSLA,128.22,130.46,128.22,128.49,128.49,815909487,0.009268714162281144,-0.007185906351413807,-0.11623908109223458,0.024410278242857412,0.02352476641283911,-0.021241101932151868,-0.007010715072328898,45.950562126782216,-1.1398137020173351,-0.3663086592941274,-0.7735050427232077,-0.2570109679981925,0.19252948004312528,1
2021-08-27,TSLA,125.46,126.64,124.32,124.6,124.6,1794809538,-0.030274729550937907,-0.020902090209021007,-0.11183976049611521,0.02412985187478063,0.023719861829038846,-0.04516682759360588,-0.03926472137905861,40.84543621087947,-1.4790789693689135,-0.5888627213090847,-0.8902162480598288,1.827258431862138,0.27561111584821274,1
2021-08-30,TSLA,129.05,129.24,129.05,129.24,129.24,1272709162,0.03723916532905314,0.0161975153325995,-0.027173503951825273,0.023223025292498898,0.023875872287364534,-0.008237826472314807,-0.005931541777821588,48.23330436478431,-1.357887039580305,-0.7426675849633289,-0.6152194546169762,0.5856701351129737,0.22233852293992856,1
2021-08-31,TSLA,129.17,130.17,128.78,129.04,129.04,796319879,-0.0015475085112969245,0.008046246387001021,-0.03980950963613361,0.023029493966504944,0.023491323843794317,-0.007735724282177078,-0.009374756098965355,47.955291995888075,-1.2634160172150928,-0.8468172714136817,-0.4165987458014111,-0.44597116252176144,0.26776242032954206,1
2021-09-01,TSLA,132.04,133.93,131.24,132.76,132.76,910963563,0.028828270303781656,0.04280889168172175,-7.531821947748263e-05,0.0238684679348555,0.023667174755878276,0.02087346351853764,0.016997192456530228,53.34219364639116,-0.8782502188695389,-0.8531038609048532,-0.025146357964685673,-0.1888580131313214,0.2447818050240832,1
2021-09-02,TSLA,134.62,134.81,133.41,133.97,133.97,955169463,0.009114191021392104,0.04264923340337767,0.03459726619816195,0.023194776874402925,0.023667763268138874,0.028406495764549688,0.023855833272830775,54.97466851080134,-0.46994937721567,-0.7764729641670166,0.3065235869513466,0.04971927632225595,0.21989876143445733,1
2021-09-03,TSLA,135.66,135.66,135.57,135.57,135.57,1018890128,0.011942972307232846,0.08804173354735156,0.028057935845908766,0.02299873558788708,0.023696878618345053,0.039212905649096026,0.03351011249660125,57.11155654509831,-0.01706467931344946,-0.6245913071963032,0.6075266278828537,0.1540823436401196,0.19645736180928264,1
2021-09-06,TSLA,138.43,139.73,136.79,137.58,137.58,267493333,0.014826289001991677,0.06453110492107705,0.03646225704384509,0.023165187118849358,0.02345997246441528,0.052667822015126854,0.04644662232312984,59.699171099131355,0.4982958638214825,-0.40001387299274604,0.8983097368142285,-1.7966672691603596,0.17419637525516585,1
2021-09-07,TSLA,139.98,140.16,139.2,139.2,139.2,667522878,0.01177496729175731,0.07873527588344698,0.06308232778371758,0.022958618097400043,0.023303743915414676,0.06170796166563058,0.05583325116240255,61.704610011716234,1.0256205530147042,-0.11488698779125599,1.1405075408059602,-0.6537081256233135,0.1736031057540737,1
2021-09-08,TSLA,140.72,141.52,140.72,141.52,141.52,328266573,0.01666666666666683,0.06598373003916858,0.11538461538461542,0.02164508560097226,0.023354247047872055,0.07341011745163711,0.0703035879724459,64.43413157745508,1.6121499185875905,0.23052039348451334,1.3816295251030772,-1.4124720083375877,0.17062967357451395,1
2021-09-09,TSLA,147.01,147.01,144.86,146.37,146.37,1722372552,0.03427077444884108,0.09255803538105556,0.12817943579466617,0.022275247854749193,0.023633436159827794,0.10323879010800995,0.1029436697724714,69.35203614787696,2.4402039808616394,0.6724571109599385,1.7677468699017007,1.9305671692562647,0.1230751949613942,1
2021-09-10,TSLA,148.05,148.05,144.8,147.17,147.17,771224668,0.0054656008744959905,0.08556465294681703,0.11551580383536719,0.022135250176002087,0.023631366276866326,0.10293401281522828,0.10484808370129477,70.08679125452497,3.1249733575052687,1.1629603602690046,1.962012997236264,-0.27159971353945245,0.11750365226126634,1
2021-09-13,TSLA,149.41,149.87,148.8,149.87,149.87,712289815,0.018346130325474164,0.08932984445413572,0.1382243487506647,0.02223006959424499,0.023402657262642974,0.11556068331534486,0.12111290921830528,72.48440061082414,3.8412459647616117,1.698617481167526,2.142628483594086,-0.3892830355860278,0.1533592048294484,1
2021-09-14,TSLA,148.63,150.91,147.99,149.61,149.61,1370002496,-0.0017348368586107554,0.07478448275862082,0.08444476659901423,0.020070872801549823,0.023412649799370085,0.10881769839358177,0.11532311270645339,71.88687121962,4.337912583383968,2.2264765016108146,2.1114360817731535,1.149744136933896,0.1987730578157882,1
2021-09-15,TSLA,153.63,155.17,153.63,155.17,155.17,1030587513,0.03716329122384843,0.09645279819106833,0.1547105223991665,0.02003372294087684,0.023806025761682652,0.14123279913508405,0.1520471599120946,76.37245910967385,5.12113671383301,2.805408544055254,2.3157281697777563,0.275897392880082,0.17367003197335915,1
2021-09-16,TSLA,152.49,152.64,151.82,152.64,152.64,406388148,-0.016304698073081103,0.04283664685386346,0.1794158553546592,0.01806795162330306,0.023460514213804504,0.11312058806370692,0.12844599639721346,70.83407788646787,5.474589958898974,3.339244827023998,2.1353451318749763,-1.2016079163592077,0.19151657413665538,1
2021-09-17,TSLA,159.28,160.75,158.02,159.75,159.75,766585489,0.046580188679245405,0.08547937759054158,0.2553041018387552,0.018953785540428085,0.02400917454502721,0.15133060665573594,0.1753136315535844,76.08316263652355,6.2563030146184815,3.9226564645428947,2.3336465500755867,-0.2979867588383894,0.14949869569263752,1
2021-09-20,TSLA,159.84,159.84,159.67,159.67,159.67,654184392,-0.0005007824726135368,0.06539000467071454,0.255464695706872,0.018949464182685928,0.02396917660626203,0.13743704453008668,0.16938663411657,75.91760263261015,6.7910775965683,4.496340690947976,2.294736905620324,-0.6192498929000211,0.16582965767692653,1
2021-09-21,TSLA,153.17,156.46,151.93,154.13,154.13,280835674,-0.0346965616584205,0.030211884232337338,0.20404655886258882,0.021589442302245035,0.023531956690738137,0.08785104776155223,0.1254034161989554,65.31769286600249,6.69073201152537,4.935218955063455,1.7555130564619148,-1.4050317219261008,0.17605180776295828,1
2021-09-22,TSLA,155.81,155.81,153.24,154.7,154.7,528648474,0.003698176863686564,-0.0030289360056712233,0.2151441363600659,0.021349849998834543,0.023492389176539005,0.08142115656839258,0.12595892105914389,65.84607734016106,6.58133610288462,5.264442384627689,1.3168937182569316,-0.7546730055555999,0.1664124388445538,1
2021-09-23,TSLA,151.43,152.16,150.09,152.16,152.16,716490686,-0.016418875242404596,-0.0031446540880502027,0.18421667055801993,0.022154077406010483,0.023627977058564422,0.05493774092459585,0.10438932336557125,61.359959505792155,6.218004993802708,5.455154906462693,0.7628500873400155,-0.3060909569346085,0.14173731368495698,1
2021-09-24,TSLA,154.62,155.47,153.69,155.47,155.47,746592023,0.02175341745531023,-0.02679186228482,0.24775280898876417,0.020312030522686153,0.023747347947512067,0.06647368114172421,0.12495025385607975,64.73205513805695,6.126528996729377,5.589429724516029,0.5370992722133474,-0.13407261602800433,0.13071337802223695,1
2021-09-27,TSLA,152.97,153.69,152.46,153.03,153.03,328701678,-0.015694346176111096,-0.041585770651969556,0.18407613741875584,0.020205810567706973,0.02335355159195112,0.04123998938551672,0.10493368087395408,60.537975081729066,5.790397899344555,5.629623359481735,0.1607745398628202,-1.1481751506162952,0.16315585659115733,1
2021-09-28,TSLA,151.4,151.41,151.4,151.41,151.41,1596371933,-0.010586159576553622,-0.01764744047232858,0.17335709857408554,0.02054476330270251,0.023407176665747795,0.022436059761964992,0.09108990087879544,57.85764698141904,5.3318291147912475,5.570064510543638,-0.2382353957523904,1.9583624669445194,0.16224149850695413,1
2021-09-29,TSLA,143.67,146.41,143.52,144.49,144.49,752369535,-0.04570371838055598,-0.06599870717517764,0.08835492618258534,0.02319900185966331,0.024196585494215397,-0.028142109582038537,0.04017114219175762,48.067534544400814,4.359767199659274,5.328005048366766,-0.9682378487074921,-0.0697239704465141,0.24887375954292762,1
2021-09-30,TSLA,142.28,145.05,142.28,142.94,142.94,818130032,-0.0107273859782685,-0.060594111461619304,0.06695528849742471,0.023414462625774093,0.024169278325546346,-0.04145920300424151,0.02843040971015574,46.18251949592573,3.4248495487762796,4.947373948448669,-1.5225243996723892,0.10730514069217155,0.2294757760517135,1
2021-10-01,TSLA,133.71,134.6,133.71,134.6,134.6,1017266518,-0.058346159227647965,-0.13423811667845886,-0.007154975289518362,0.027071047796300925,0.02533950258416854,-0.09709271905228287,-0.031071460279448678,37.63124901573614,1.9880354399787734,4.35550624675469,-2.3674708067759163,0.5939667472031926,0.253466642551867,1
2021-10-04,TSLA,130.0,130.61,127.38,129.43,129.43,498519990,-0.038410104011886936,-0.15421812716460825,-0.05923826137519994,0.028132120649363265,0.025783339069307805,-0.1293936428179851,-0.06738962044926389,33.491306703293475,0.42724905342825537,3.569854808089403,-3.1426057546611474,-0.722559251882523,0.29872723895579173,1
2021-10-05,TSLA,132.7,133.74,130.94,131.98,131.98,1051847084,0.019701769296144533,-0.12832705897893137,-0.05186781609195401,0.028400897690601785,0.025906332263202502,-0.11008020606113736,-0.04830465596167649,37.16323183214264,-0.5970394152757308,2.7364759634163764,-3.3335153786921072,0.6163782324195193,0.3059079066000219,1
2021-10-06,TSLA,134.57,136.79,134.57,134.67,134.67,641779415,0.0203818760418244,-0.06796318084296504,-0.04840305257207478,0.028543095434024033,0.02578967151304104,-0.08984002757446123,-0.028048759950826507,40.87180463585789,-1.1781538632315858,1.953549998086784,-3.13170386131837,-0.4620382745614843,0.3282812753926362,1
2021-10-07,TSLA,136.76,136.76,136.17,136.17,136.17,467097547,0.011138338159946581,-0.04736252973275512,-0.06968641114982588,0.027439572025568598,0.025633039238588225,-0.07651929767451333,-0.01694849995066816,42.895688243931836,-1.5003585861231272,1.262768281244802,-2.7631268673679292,-0.879104525312385,0.30623548034752884,1
2021-10-08,TSLA,133.61,133.61,132.99,132.99,132.99,1128402210,-0.023353161489314656,-0.011961367013372803,-0.09635115852415554,0.027713405988116276,0.02580462290233328,-0.09372785258681762,-0.039208768661883206,39.78649885623383,-1.9893752939598244,0.6123395662038768,-2.601714860163701,1.0346784394738513,0.3573289145784635,1
2021-10-11,TSLA,131.93,132.89,131.93,132.89,132.89,1957637674,-0.0007519362358073822,0.02673259677045481,-0.11329819176619749,0.027202358451829913,0.025714524918697454,-0.08913944960416754,-0.03949289503736791,39.68907572475757,-2.357814306721224,0.018308791618856627,-2.3761230983400803,2.6000000784892214,0.35760761143518716,1
2021-10-12,TSLA,134.18,134.18,130.94,132.95,132.95,1235692803,0.00045150124162840477,0.007349598424003734,-0.11135619276786324,0.027223265434030298,0.02539198504396374,-0.08349533303001473,-0.03813922081680399,39.78434912827918,-2.6148213474120894,-0.5083172361873326,-2.1065041112247567,0.9564506154898814,0.3533071129290994,1
2021-10-13,TSLA,130.04,131.04,128.95,129.21,129.21,1391692597,-0.02813087626927402,-0.040543550902205294,-0.16730038022813676,0.025706612017416194,0.02520413151668994,-0.10123535794774753,-0.06446622467967196,35.96999422420576,-3.0847291844501115,-1.0235996258398885,-2.061129558610223,1.2348852296934234,0.4044584875577965,1
2021-10-14,TSLA,133.43,134.23,133.41,134.23,134.23,585292122,0.03885148208343003,-0.014246897260776992,-0.12061058700209637,0.02773707109388123,0.025650238164175564,-0.060300258674703545,-0.028160397337088524,43.76367435190073,-3.0172811458394335,-1.4223359298397977,-1.5949452159996358,-0.6324557008005062,0.3831412391455353,1
2021-10-15,TSLA,136.41,137.47,136.41,137.27,137.27,306714578,0.02264769425612778,0.03218287089254823,-0.14071987480438175,0.02579586489395429,0.025782772174757097,-0.03139652623668565,-0.0063974579062227544,47.89944049241372,-2.687545148114964,-1.6753777734948312,-1.0121673746201327,-1.1781849628441217,0.32180578929178577,1
2021-10-18,TSLA,135.56,139.22,135.26,136.58,136.58,1955833951,-0.005026589932250247,0.02776732636014767,-0.14461075969186432,0.025753498899019726,0.025255711318185152,-0.02834987372389987,-0.010903859198516785,47.053593091477865,-2.4536204188651425,-1.8310263025688935,-0.622594116296249,2.065612298125922,0.3642606841801229,1
2021-10-19,TSLA,135.75,138.62,134.78,136.74,136.74,2744072406,0.0011714745936446391,0.02850695750282073,-0.11282683449036524,0.02499477335793174,0.025255982223073428,-0.021156730173842397,-0.009294355885560069,47.28605013669177,-2.2296210393233764,-1.9107452499197901,-0.3188757894035863,2.707417368668965,0.3980759721907197,1
2021-10-20,TSLA,138.2,140.1,136.21,137.52,137.52,2018628312,0.005704256252742512,0.06431390759229161,-0.11105365223012265,0.02503832393834423,0.02520716735135263,-0.00948237675251098,-0.003508348177893078,48.47371619402587,-1.966491940943655,-1.9218945881245633,-0.04459735281909172,1.3922742936891688,0.3772443670211853,1
2021-10-21,TSLA,130.66,131.83,130.66,130.74,130.74,653941487,-0.04930191972076792,-0.026000148997988415,-0.14077287066246047,0.02680566147052808,0.025185354341082287,-0.05099607666650935,-0.05095818815331017,40.03095490563483,-2.278781200720857,-1.9932719106438221,-0.28550929007703507,-0.6646726192597495,0.43817103769265414,1
2021-10-22,TSLA,130.74,130.74,129.6,130.0,130.0,400097728,-0.005660088725715218,-0.0529613171122606,-0.1638258184858815,0.02593330531540551,0.024803143996229297,-0.04756322714884402,-0.05515359205166117,39.22787332012251,-2.556514595694779,-2.1059204476540136,-0.45059414804076514,-1.0002050655841834,0.45669429787695515,1
2021-10-25,TSLA,128.49,128.55,126.42,127.86,127.86,422031444,-0.016461538461538416,-0.06384536535363894,-0.16447755342089787,0.025944943818434093,0.023936109064981805,-0.05452421182621165,-0.07014515800599254,36.921099167172194,-2.9156901661650068,-2.2678743913562123,-0.6478157748087945,-0.982147250096939,0.4802841708851637,1
2021-10-26,TSLA,125.02,126.21,122.19,124.76,124.76,291269775,-0.024245268262161668,-0.0876115255228902,-0.17601215243378898,0.026178136102504378,0.02407963813159851,-0.06826685386965,-0.0916294630668064,33.81868592991117,-3.411161736577128,-2.4965318604003954,-0.9146298761767326,-1.0626603671703854,0.4915320044473525,1
2021-10-27,TSLA,124.41,124.41,121.91,123.95,123.95,749991798,-0.006492465533824987,-0.0986765561372892,-0.14215516644750503,0.02473720049306457,0.024046857174866026,-0.06716137092282909,-0.09656007687196226,33.037524960598375,-3.825093459987471,-2.762244180317811,-1.0628492796696603,-0.39069055551569176,0.4817835093172268,1
2021-10-28,TSLA,128.46,129.91,128.46,129.71,129.71,2096230932,0.046470350947962924,-0.007878231604711683,-0.09255631733594505,0.02747964907840617,0.024599830877750552,-0.018927862342819308,-0.0546021727167706,43.10223292724709,-3.6463209531438565,-2.93905953488302,-0.7072614182608365,1.4065139424268776,0.4362110680919741,1
2021-10-29,TSLA,131.37,133.64,131.37,131.87,131.87,734721754,0.016652532572662082,0.01438461538461544,-0.02028231797919755,0.02472132258835296,0.024579348379830748,-0.0015597080468820138,-0.03885890460381268,46.35826340170027,-3.292395815837409,-3.009726791073898,-0.2826690247635111,-0.45704893536364055,0.4495002559915369,1
2021-11-01,TSLA,130.42,130.42,129.27,130.06,130.06,958992430,-0.013725638886782465,0.017206319411856796,0.004867495943753353,0.023317620371577773,0.024631042859876887,-0.015498741555172972,-0.05174246999481131,44.08179306066102,-3.121971325744454,-3.0321756980080092,-0.08979562773644467,-0.18283897507497773,0.4773958914929597,1
2021-11-02,TSLA,130.71,133.3,130.71,132.0,132.0,1825935286,0.014916192526526206,0.058031420327027794,0.00015153811183510335,0.023134049842705354,0.02464047577513499,-0.0008212946176816198,-0.03772202559513629,47.08131288876395,-2.7981120092813683,-2.985362960262681,0.18725095098131295,0.9518807291187708,0.45377415607875615,1
2021-11-03,TSLA,135.49,138.57,135.49,136.77,136.77,627681112,0.03613636363636363,0.10342880193626458,0.015593673423925258,0.024103130724365342,0.024712954285926587,0.034463197782374715,-0.004145449956069876,53.66287410923908,-2.131975940721617,-2.8146855563544686,0.6827096156328518,-0.6816443880112647,0.4380968947311015,1
2021-11-04,TSLA,141.02,142.64,138.05,140.04,140.04,2712994583,0.023908751919280435,0.0796391951275921,0.028420356906807775,0.024549480620154975,0.024733265193022852,0.05764800954632316,0.018391255972249467,57.559711213554515,-1.324923739534114,-2.5167331929903978,1.1918094534562838,1.8501770136303612,0.3437092173041972,1
2021-11-05,TSLA,140.83,140.83,138.48,140.31,140.31,2643201330,0.001928020565552746,0.06400242663228939,0.055041732461087234,0.0238326413557283,0.024651642805366795,0.056766059364479274,0.019319436641546527,57.87472287039153,-0.6559805763298243,-2.1445826696582833,1.488602093328459,1.552865884715349,0.37102519444111043,1
2021-11-08,TSLA,137.48,139.4,136.63,138.13,138.13,739387868,-0.015537025158577467,0.06204828540673524,0.03943110843554831,0.024180352451863462,0.024744436998160774,0.03829819220505881,0.002697961405843589,54.36596948741221,-0.29830737921727746,-1.7753276115700822,1.4770202323528048,-0.6061651610412332,0.34367544582118476,1
2021-11-09,TSLA,141.16,142.68,139.73,140.63,140.63,565646250,0.018098892347788276,0.06537878787878793,0.05776607747273421,0.024433358937759105,0.024083566227969543,0.05404777430500891,0.02051602712571225,57.54477028597415,0.18475062284201726,-1.3833119646876624,1.5680625875296796,-0.7587370065814744,0.31712764685047795,1
2021-11-10,TSLA,142.92,142.92,139.88,142.09,142.09,1215404557,0.010381853089667992,0.038897419024639834,0.09968268709852168,0.023335826527748432,0.02386027818893834,0.059874834965650374,0.030150268007752716,59.326664055468186,0.6775766857335839,-0.9711342346034132,1.6487109203369972,0.00347709199142488,0.27928957462922366,1
2021-11-11,TSLA,144.81,146.39,144.81,145.38,145.38,649351697,0.02315433879935247,0.038131962296486854,0.08306637860388899,0.022382614783772858,0.023490920203532113,0.07992467714798268,0.05197398888545834,63.086458119018054,1.3184224422926718,-0.5132228992241962,1.831645341516868,-0.6578512063303346,0.22454578687205531,1
2021-11-12,TSLA,146.4,149.66,146.4,147.78,147.78,399636870,0.016508460586050377,0.0532392559332906,0.07656443505500099,0.022157790426685857,0.023429046493967928,0.09348408387965597,0.06670067225192389,65.5856192107812,1.9969378077758222,-0.011190757824192488,2.0081285656000145,-0.9588460401045104,0.23768076101039215,1
2021-11-15,TSLA,153.09,153.09,151.78,151.78,151.78,1725431829,0.027067262146433846,0.09881995221892415,0.11129008639625115,0.022632136691556958,0.02363298291723485,0.11680131855841533,0.09234061336506334,69.3144745118373,2.8248693584218927,0.5560212654250245,2.268848092996868,0.6100933814292417,0.1997598721827786,1
2021-11-16,TSLA,149.37,151.12,149.37,149.83,149.83,1659643126,-0.012847542495717401,0.06541989618146915,0.09572912095948527,0.022988640404526372,0.02371933909456043,0.0971693864624106,0.07549187800133508,65.58376674909155,3.2857858797722486,1.1019741882944694,2.1838116914777794,0.6516827495403898,0.22182117966870527,1
2021-11-17,TSLA,153.71,156.35,151.95,154.93,154.93,878131543,0.03403857705399438,0.09036526145400803,0.12659976730657352,0.02390017733491081,0.02402930402726584,0.1273293507287295,0.10843747018983092,70.1143149851987,4.016295565961002,1.684838463827776,2.3314571021332258,-0.2925748299463588,0.1877073158240249,1
2021-11-18,TSLA,155.74,155.77,154.03,155.77,155.77,374941715,0.005421803395081692,0.0714678772871098,0.19144867676304123,0.020023855529502383,0.024018951407288956,0.12321309465866281,0.1108337849787489,70.79621447551335,4.609871011653524,2.269844973392926,2.3400260382605986,-0.9312122432736588,0.19468833197904364,1
2021-11-19,TSLA,165.03,166.75,164.14,164.14,164.14,382517227,0.053733067984849336,0.1107051021789145,0.2626153846153845,0.02204014575540047,0.02446128625537374,0.1691757574462477,0.16504716545884257,76.54018910857882,5.690081164128799,2.9538922115401003,2.7361889525886984,-0.9190860845423515,0.14477686816288862,1
2021-11-22,TSLA,160.52,163.41,160.52,161.42,161.42,853057551,-0.01657121969050812,0.06351297931216227,0.26247458157359604,0.02204760101559782,0.02424092470277822,0.1362204585848276,0.1413958092723971,71.61093893422999,6.25457537288716,3.6140288438095127,2.6405465290776475,-0.335727804046924,0.12989295150944674,1
2021-11-23,TSLA,167.88,170.56,167.88,168.66,168.66,592627963,0.044851939041011146,0.12567576586798368,0.3518756011542161,0.0214838679376307,0.024794669671881927,0.1691187938653497,0.18704706851127603,76.0350171597575,7.203115560684893,4.331846187184589,2.8712693735003034,-0.7177584717453719,0.11142533182150878,1
2021-11-24,TSLA,168.71,171.69,166.76,169.58,169.58,651862521,0.0054547610577493355,0.09455883302136447,0.36813231141589364,0.02100370023784939,0.02459315551531638,0.157195108636314,0.1883894116218009,76.53541856947446,7.937577353851964,5.0529924205180645,2.8845849333338993,-0.627842018795743,0.09408716115640547,1
2021-11-25,TSLA,168.56,168.66,166.59,166.92,166.92,1476850908,-0.01568581200613295,0.07157989343262483,0.286870711587387,0.020856138140594005,0.02472041414072613,0.12476373694867747,0.16526407276966598,71.86316670899012,8.210359928511593,5.684465922116771,2.5258940063948225,0.5576296345162638,0.07148995088398398,1
2021-11-26,TSLA,164.0,167.79,162.28,165.0,165.0,1241899116,-0.011502516175413313,0.005239429755087288,0.2512322742094486,0.021528482072776214,0.02477752404463702,0.09955284850827346,0.14792989974745524,68.60750203943164,8.177350721438529,6.183042881981123,1.9943078394574059,0.18979592859118374,0.07285610664589295,1
2021-11-29,TSLA,164.01,165.39,163.0,163.76,163.76,1828726405,-0.007515151515151586,0.014496344938669248,0.2591111794556358,0.021187778556708305,0.02477354893721305,0.07917177388530822,0.1358549893646537,66.51176434855572,7.9593822461369825,6.538310754812295,1.4210714913246871,0.941560708458382,0.11837993721248426,1
2021-11-30,TSLA,166.99,168.39,165.59,165.59,165.59,441472401,0.011174890083048394,-0.018202300486185208,0.2544696969696969,0.021175302663912317,0.024770153193762027,0.07928603784898862,0.14505479560989742,68.06230437704977,7.843886919377809,6.799425987725399,1.0444609316524103,-0.8949770546864048,0.12899942852288998,1
2021-12-01,TSLA,166.66,169.79,166.66,167.85,167.85,651042224,0.013648167159852509,-0.010201674725793253,0.22724281640710675,0.020386786789874243,0.024745390223551822,0.08304646743601568,0.15717122135510025,69.91491436100486,7.844295003319985,7.008399790844316,0.8358952124756689,-0.6048955336642182,0.10723543250544892,1
2021-12-02,TSLA,167.1,167.1,165.38,165.54,165.54,1261275083,-0.013762287756925895,-0.00826743350107828,0.18209083119108826,0.02081702531124971,0.024497215165848886,0.05942548854592978,0.13873764802591954,65.71870050043577,7.5709475476813,7.120909342211713,0.4500382054695864,0.41088054873195473,0.112871203091198,1
2021-12-03,TSLA,167.0,167.14,165.16,165.52,165.52,1046635954,-0.00012081672103403385,0.0031515151515151274,0.17967357993015476,0.020856600690328374,0.02449578309294345,0.05082055677237085,0.13620970546779188,65.68194380329041,7.268912389586234,7.150509951686618,0.1184024378996158,0.24351182038191435,0.10540884701763838,1
2021-12-06,TSLA,176.05,176.05,174.71,174.71,174.71,2006039524,0.05552199130014501,0.06686614557889614,0.2648229928328387,0.022531658835541115,0.025364444812100463,0.09643287478662525,0.19589571820368093,73.12117413617378,7.682543962137572,7.256916753776809,0.42562720836076284,1.9206308245166441,0.1038024368200507,1
2021-12-07,TSLA,181.47,182.51,181.47,182.51,182.51,1029482435,0.0446454123976876,0.1021800833383657,0.2978027447912963,0.02366024735558578,0.02592218442711974,0.13052688957990066,0.24461548603265593,77.56617993024396,8.54128614619188,7.513790632259823,1.027495513932056,0.021644845881035248,0.07013553474652219,1
2021-12-08,TSLA,185.09,185.09,180.52,184.6,184.6,2424437710,0.011451427319051133,0.09979148048853137,0.2991765782250686,0.02365432240874808,0.025568855670996378,0.12861365769257804,0.2546713171216867,78.58795780650206,9.283476904112604,7.86772788663038,1.4157490174822236,2.22736574646914,0.07002520229985541,1
2021-12-09,TSLA,185.83,188.76,184.37,184.86,184.86,1105994404,0.0014084507042253502,0.1167089525190288,0.27156417664052834,0.023683736660339155,0.025441550148925438,0.11672581741297301,0.25186935032951385,78.71781952023325,9.779911521809908,8.250164613666286,1.529746908143622,0.007402173798659966,0.09483796659128843,1
2021-12-10,TSLA,187.31,188.16,183.73,185.51,185.51,1512909520,0.0035161744022502717,0.1207709038182696,0.25531195019623754,0.023741667957893137,0.024805523250137344,0.10802513379204884,0.2526291978541019,79.05974363066221,10.109255891552095,8.621982869243448,1.4872730223086474,0.6149427691728141,0.09780142625038953,1
2021-12-13,TSLA,187.27,190.1,187.27,188.47,188.47,658773961,0.015956013152929716,0.07875908648617713,0.24173145341942281,0.023491742895718117,0.02485936681001937,0.11350390083806722,0.2685047770004004,80.58914445280968,10.488209390449214,8.995228173484602,1.492981216964612,-0.7777296975685276,0.07598978932469722,1
2021-12-14,TSLA,184.78,185.35,182.38,183.8,183.8,806788675,-0.024778479333580905,0.007068105857213514,0.22672362010278313,0.024271508070168975,0.024635946181114293,0.07512415402703615,0.23296952458895434,71.69256071961503,10.29305091362562,9.254792721512805,1.0382581921128153,-0.45409302001905877,0.09664473255658335,1
2021-12-15,TSLA,182.12,183.21,181.81,182.71,182.71,1381680905,-0.005930359085963066,-0.010238353196099559,0.17930678370877162,0.02387751098628318,0.024664231074348647,0.060134845021062304,0.22183126455178034,69.75690450413897,9.935897680631342,9.391013713336513,0.5448839672948296,0.5243238711784632,0.1013076529556353,1
2021-12-16,TSLA,174.19,178.56,174.15,175.33,175.33,2105432828,-0.04039187783919873,-0.05155252623607054,0.12556975027283812,0.026270630033068825,0.025174294547840856,0.01157370012231428,0.16945919265761344,58.28301439251029,8.954129219674229,9.303636814604056,-0.3495075949298272,1.6058498365675322,0.14209271192753822,1
2021-12-17,TSLA,176.9,177.32,175.19,177.18,177.18,1238964973,0.010551531397935188,-0.044903239717535404,0.07944437675155358,0.02382375122978187,0.025071746582046243,0.018416333287350022,0.17895343872509614,60.056664165424834,8.230474394483593,9.089004330579964,-0.858529936096371,0.042116449225777806,0.15027301513616897,1
2021-12-20,TSLA,181.21,181.47,179.15,180.15,180.15,760964249,0.016762614290551925,-0.04414495675704355,0.11603270970140023,0.023465086936952692,0.0250228545251757,0.02994354320017158,0.19512133096424594,62.79170680276575,7.8066368602802925,8.83253083652003,-1.0258939762397379,-0.8132077875978473,0.13539615301640073,1
2021-12-21,TSLA,177.95,178.08,177.95,178.08,178.08,1827840436,-0.01149042464612815,-0.031120783460282908,0.05585200996086814,0.021851877038002284,0.02503146570284267,0.015374878480586912,0.17791540898738178,59.722297161906184,7.220477688351451,8.510120206886315,-1.2896425185348637,1.0090792144544232,0.16577899604465382,1
2021-12-22,TSLA,185.45,188.23,185.02,185.32,185.32,214712999,0.04065588499550743,0.014284932406545714,0.09281754923929686,0.02342557510106119,0.02466274080154104,0.051935482955432315,0.22031175062583888,65.98517218881636,7.256501383411745,8.2593964421914,-1.0028950587796555,-1.7760288910031572,0.12440423086088226,1
2021-12-23,TSLA,181.59,182.4,178.82,179.81,179.81,340749887,-0.02973235484567227,0.025551816574459485,0.07722262161514504,0.02426465435426804,0.02498102507647107,0.016938608149761076,0.17925724479266875,58.526533493189945,6.762485744118123,7.960014302576746,-1.1975285584586226,-1.3881806096777203,0.1570146814675817,1
2021-12-24,TSLA,173.08,173.43,173.08,173.43,173.43,1204078684,-0.03548189755853404,-0.021164917033525188,0.051090909090909076,0.025625440701387763,0.02417303053516426,-0.02147695311067431,0.1326077799437712,51.29628983176637,5.789425220522048,7.525896486165807,-1.7364712656437584,0.01899665261517748,0.14369264604206358,1
2021-12-27,TSLA,174.9,174.9,174.49,174.49,174.49,806702100,0.006111976013377207,-0.031418262558978616,0.06552271617000494,0.025517549956466663,0.023507069511783777,-0.0184673713106039,0.13396869547133877,52.349553197084106,5.0456379131972255,7.029844771572091,-1.9842068583748658,-0.5563427416099249,0.16099619355589811,1
2021-12-28,TSLA,178.72,182.15,176.92,179.21,179.21,1150322518,0.027050260759929,0.006345462713387207,0.08225134368017395,0.026011457028822755,0.02360253080012665,0.004236385847333208,0.15871531160288654,56.82679022961431,4.781922639216845,6.580260345101042,-1.7983377058841974,-0.04567129434911146,0.14343559035212317,1
2021-12-29,TSLA,186.6,187.0,183.02,187.0,187.0,831419063,0.04346855644216285,0.009065400388517109,0.11408996127494797,0.027394645351780763,0.024035394734503678,0.0422966197818981,0.20230302108102285,63.0050443011616,5.142237764853661,6.292655829051566,-1.150418064197905,-0.6203550034263609,0.12632635417653895,1
2021-12-30,TSLA,185.69,186.73,184.96,184.96,184.96,1126709659,-0.010909090909090868,0.02864134364050952,0.11731303612419963,0.027294819916792164,0.0241202918108563,0.025376630216345904,0.18300202113234573,60.560930851132774,5.203199897305836,6.07476464270242,-0.8715647453965838,-0.09162528063528932,0.06539644669929093,1
2021-12-31,TSLA,191.77,194.66,190.11,190.11,190.11,490707265,0.02784385813148793,0.09617713198408584,0.14856210729821173,0.02768295806093386,0.023991065922462754,0.04679206219853308,0.20858232676414495,64.3235433892998,5.6024927372919535,5.980310261620327,-0.3778175243283739,-1.1176220761809081,0.09060807820617792,1
2022-01-03,TSLA,190.18,190.18,190.02,190.02,190.02,1126398995,-0.0004734101309767924,0.08900223508510519,0.08763093125751253,0.02527756901847475,0.023989714177960402,0.041904840235226455,0.20074185398198882,64.20825815286868,5.844303449676602,5.953108899231583,-0.10880544955498106,0.03445104241321799,0.08809839078953038,1
2022-01-04,TSLA,190.31,190.31,189.03,189.29,189.29,1452640420,-0.0038417008735923686,0.056246861224261924,0.03714864938907447,0.02348758925358307,0.02401372030931787,0.03597649911201214,0.18907351433863048,63.218536198720784,5.908920920067118,5.94427130339869,-0.03535038333157203,0.5783137194003756,0.12012238258584285,1
2022-01-05,TSLA,192.03,195.07,192.03,193.62,193.62,1663734085,0.022874953774631557,0.03540106951871658,0.04886240520043339,0.023863188601843714,0.023678721439787467,0.05706525448018898,0.2081265573197669,66.51551157257933,6.2376221185774625,6.002941466434445,0.2346806521430178,1.1716347694040403,0.07202514584847076,1
2022-01-06,TSLA,195.76,198.79,195.75,196.9,196.9,2677455062,0.016940398719140548,0.06455449826989623,0.0651303689278373,0.02407218368251149,0.023346385385569657,0.0714509208546575,0.2206373888650674,68.79717333161884,6.685719956514873,6.139497164450531,0.5462227920643423,2.4950628880846564,0.07100878298251466,1
2022-01-07,TSLA,189.39,189.95,186.57,189.38,189.38,926068779,-0.03819197562214327,-0.003839882173478637,0.020861409088458904,0.025808771963507435,0.023954080135337074,0.029446138625701758,0.16773168520943088,58.88945188887738,6.360717180465656,6.183741167653556,0.17697601281209963,-0.3551542196025738,0.08412059023422698,1
2022-01-10,TSLA,194.71,199.36,194.71,196.6,196.6,942782957,0.03812440595627842,0.034627933901694385,0.0431368387541784,0.026921155025502578,0.024273483614576555,0.06633689411751931,0.20481927710843373,64.21760438751426,6.6095529863477225,6.2689035313923895,0.34064945495533294,-0.35610397067813937,0.03159132326646669,1
2022-01-11,TSLA,202.59,203.6,201.98,203.6,203.6,320725611,0.03560528992878953,0.07559828834064142,0.10772578890097928,0.02709128126004774,0.02455375017106799,0.09840607036596451,0.23925441844516976,68.48260605456326,7.287591831567596,6.4726411914274316,0.8149506401401645,-1.3107464648194744,0.044947069970433795,1
2022-01-12,TSLA,200.61,201.39,200.54,200.54,200.54,581518392,-0.015029469548133556,0.035740109492820915,0.09758633900716984,0.02736792849127627,0.024716958427189104,0.07671905117287954,0.2128750796326015,64.84405853452766,7.491666803388682,6.676446313819682,0.8152204895690005,-0.8118485001536997,0.05580836782482055,1
2022-01-13,TSLA,200.66,204.18,200.66,202.63,202.63,712400460,0.01042186097536657,0.02910106653123412,0.15570638225061306,0.025203033264515062,0.02360486169497308,0.0800251577690601,0.21669860744862354,66.16628838865302,7.732903128281123,6.8877376767119705,0.8451654515691525,-0.5276023106963335,0.051364850826488624,1
2022-01-14,TSLA,204.28,207.5,204.28,205.25,205.25,1502192780,0.012929970882890052,0.0837997676629001,0.1584264589682809,0.025223479804306618,0.023549785045284585,0.08586680210242846,0.22321880866533556,67.80117607846373,8.042784543757733,7.118747050121123,0.92403749363661,0.7940935354731438,0.060770774351223515,1
2022-01-17,TSLA,206.75,206.75,203.36,206.69,206.69,554401286,0.007015834348355732,0.051322482197355024,0.14732167638079363,0.025132795396399656,0.023331994986840805,0.08586183617770737,0.22223065422366087,68.69649373588848,8.308785259088324,7.356754691914563,0.952030567173761,-0.7835724941824544,0.06662582303919243,1
2022-01-18,TSLA,204.26,207.13,203.96,203.96,203.96,1289865790,-0.013208186172528835,0.0017681728880156733,0.14532794249775383,0.02520284742251824,0.02311352267164341,0.06428442839587652,0.1967458557970923,65.00607277281344,8.204725588659699,7.526348871263591,0.6783767173961079,0.5150523564698369,0.08416772857753589,1
2022-01-19,TSLA,202.37,202.37,196.8,200.67,200.67,799124227,-0.016130613845852237,0.0006482497257405129,0.08282969997841572,0.02441085848483577,0.02325246238720399,0.04294000249469877,0.16867347087343287,60.76922400612292,7.7672460680827555,7.574528310627424,0.19271775745533137,-0.41583539991311014,0.11007356578516714,1
2022-01-20,TSLA,201.22,201.22,199.21,200.64,200.64,719235306,-0.0001494991777545307,-0.009820855746927926,0.11584450253044865,0.02310338130387586,0.0227292611936059,0.037169907391851546,0.16050891801900644,60.730354869719946,7.3335826708434695,7.526339182670633,-0.1927565118271639,-0.6192115137071943,0.17075841622691898,1
2022-01-21,TSLA,206.35,206.71,206.35,206.71,206.71,928737208,0.03025318979266367,0.007113276492082932,0.19189298275961475,0.02155290598775469,0.022888850493469278,0.05943463676270474,0.18705387137713395,65.53393484106255,7.394460833452655,7.499963512827038,-0.10550267937438296,-0.1937171284489445,0.14002903161925395,1
2022-01-24,TSLA,211.44,212.46,209.64,209.64,209.64,632572993,0.014174447293309411,0.01427258212782423,0.20144420883718261,0.021570742517139845,0.022727474147705144,0.06485973048341288,0.19477953608541204,67.59451800372793,7.591622233406241,7.518295256942879,0.07332697646336239,-0.735287149345305,0.13144827615087679,1
2022-01-25,TSLA,208.99,208.99,207.8,207.8,207.8,618357700,-0.008776950963556462,0.018827221023730134,0.15953350817476708,0.021518764773680282,0.02281518094645541,0.047904569075721,0.17582707759628835,64.96769514010802,7.512798575439319,7.517195920642167,-0.0043973452028476245,-0.7032119645069695,0.16704668106723952,1
2022-01-26,TSLA,210.68,211.96,210.05,211.96,211.96,287613595,0.02001924927815213,0.05626152389495198,0.13347593582887707,0.02005320165923329,0.022570010052230572,0.062197911785856666,0.19092144334704583,67.99589917025196,7.697278061927477,7.55321234889923,0.14406571302824744,-1.2198554744366357,0.17533045259346275,1
2022-01-27,TSLA,196.02,197.99,195.25,197.48,197.48,689327798,-0.06831477637290062,-0.01574960127591707,0.06769031141868509,0.025921925018514286,0.024496968268439858,-0.013460755490834272,0.10362762347676979,51.355512787593604,6.5989952885273055,7.362368936824845,-0.7633736482975397,-0.4583906199974717,0.27627433008006547,1
2022-01-28,TSLA,204.05,206.08,201.95,203.34,203.34,599747392,0.029673891026939403,-0.016303033234966846,0.06959128925358993,0.02601505386375457,0.024679235339276927,0.012467884243860758,0.12974407505699456,56.04380345150327,6.130779494113739,7.116051048282625,-0.9852715541688859,-0.6329431393768087,0.2634909569883115,1
2022-01-31,TSLA,195.01,197.57,194.16,194.78,194.78,586927233,-0.04209698042687127,-0.07088341919481012,0.02504999473739611,0.027958476403925257,0.02531135471368836,-0.031301908750012486,0.07653803320034888,48.665405456260565,5.011228321919475,6.695086503009995,-1.6838581810905202,-0.6029718330048474,0.2784108671373867,1
2022-02-01,TSLA,194.23,196.02,193.11,193.11,193.11,1027221927,-0.00857377554163663,-0.07069297401347452,0.02018067515452482,0.028027021207719514,0.0253305442717631,-0.04051871910168173,0.062173244630967614,47.355522477513624,3.9437597018593635,6.144821142779869,-2.2010614409205056,0.22740567711840687,0.32832384256108404,1
2022-02-02,TSLA,188.77,188.77,187.87,187.87,187.87,1187574907,-0.027134793640930077,-0.11365351953198721,-0.02969734531556656,0.028238255498462497,0.025671631342514076,-0.06521874339167327,0.02903277929774688,43.40752658799688,2.644475059910718,5.444751926206039,-2.800276866295321,0.5917303407894702,0.32765844419079515,1
2022-02-03,TSLA,182.44,182.74,181.98,181.98,181.98,919478024,-0.03135146643955933,-0.07848896090743362,-0.0757745048247842,0.028673760803321627,0.025980485139331464,-0.0911519915697581,-0.006548221826132448,39.42843205228038,1.1265229893251956,4.58110613882987,-3.454583149504675,0.41953008108158446,0.3675725962869472,1
2022-02-04,TSLA,189.25,189.25,184.35,187.43,187.43,1453512843,0.029948345972084844,-0.07824333628405622,-0.010296757841377069,0.028386111202472534,0.026146849896489258,-0.06347747009503622,0.019526001729761832,44.49824380205246,0.35916426747814967,3.7367177645595264,-3.3775534970813768,1.8770606366376121,0.3197091692931474,1
2022-02-07,TSLA,185.47,187.49,185.34,185.34,185.34,1129834677,-0.011150829643066795,-0.04846493479823388,-0.05727365208545265,0.026995429839460672,0.026048278361405063,-0.07130795556468622,0.0050994307654208095,43.0114803552169,-0.41285939513682024,2.9068023326202574,-3.3196617277570777,0.8779610335638335,0.3297981467385239,1
2022-02-08,TSLA,185.6,190.3,183.47,187.04,187.04,670119281,0.009172331930505928,-0.03143286209932172,-0.08133595284872297,0.025639863789713745,0.025966631294174043,-0.058885092808300184,0.01091864926192606,44.63196686048376,-0.8774037530814667,2.1499611154799125,-3.027364868561379,-0.5344490707833849,0.3293591332917696,1
2022-02-09,TSLA,188.14,188.14,186.92,186.92,186.92,605936788,-0.0006415739948674171,-0.0050566881354128235,-0.0679166251121971,0.02551314916164311,0.02567176437453847,-0.05625511203562519,0.007367167332244798,44.53569855668314,-1.240936754285002,1.4717815415269297,-2.712718295811932,-0.737154308540338,0.3385412634282809,1
2022-02-10,TSLA,188.31,190.68,187.62,189.25,189.25,965052770,0.012465225765033283,0.039949444993955474,-0.06603168336376641,0.025574569993841948,0.025696990768729697,-0.04125272932677437,0.016866278726136608,46.9292980496887,-1.3257453819597629,0.9122761568295913,-2.2380215387893543,0.3286214108392426,0.33718909605314534,1
2022-02-11,TSLA,190.76,190.76,188.53,189.71,189.71,1128618624,0.0024306472919419786,0.01216454142880008,-0.07571254567600483,0.025334976305856693,0.024838930787772145,-0.03512430321031848,0.01700912150661678,47.411815152467526,-1.340387521796572,0.4617434211043587,-1.8021309429009307,0.9790628935985554,0.3755924443072162,1
2022-02-14,TSLA,185.49,185.49,183.53,183.81,183.81,1850472010,-0.031100100152864907,-0.008255098737455446,-0.11069717935071843,0.025919758334751637,0.025099631779181696,-0.059660718670704646,-0.016587276251892498,42.121943400495745,-1.807239482958778,0.00794684029173138,-1.8151863232505092,2.602052990320912,0.4189923369027794,1
2022-02-15,TSLA,189.28,189.28,188.54,188.54,188.54,1634665162,0.025733093955714992,0.008019674935842547,-0.07560305942341639,0.026761155263364762,0.02467024596705321,-0.031643391662087,0.0069339979527347955,47.20735163733065,-1.7750894299324784,-0.3486604137531106,-1.4264290161793678,1.828044988943252,0.38798713430000575,1
2022-02-16,TSLA,186.67,186.67,183.63,186.31,186.31,578018363,-0.011827728863901488,-0.003263428204579366,-0.07156027308516466,0.026672072385347006,0.02473192831351804,-0.039555012552646374,-0.006455294221165132,45.191329014843895,-1.9075634404682091,-0.6604410190961303,-1.2471224213720788,-0.8384051846187646,0.4244805580366494,1
2022-02-17,TSLA,179.15,179.67,177.96,179.29,179.29,752413224,-0.03767913692233382,-0.05262879788639374,-0.10640948963317387,0.027733203810709373,0.02515589865111043,-0.07062936881691734,-0.044941226606058315,39.476062070811714,-2.549615004956678,-1.03827581626824,-1.511339188688438,-0.4038097429486121,0.4931115050757973,1
2022-02-18,TSLA,176.99,178.63,176.99,177.47,177.47,1196433258,-0.010151151765296462,-0.06451952980865538,-0.14145421121377777,0.02645383144781885,0.02514465830880749,-0.07303862295544346,-0.05568163376069848,38.12969435400394,-3.1687766010093696,-1.464375973216466,-1.7044006277929036,0.6750783923703518,0.4730909305224384,1
2022-02-21,TSLA,183.8,184.34,183.02,184.34,184.34,1518211245,0.03871076801712969,0.0028834122191392364,-0.1206830757489028,0.028022574650081882,0.025567539290767632,-0.030751070648330478,-0.020913279600589703,45.66315184665154,-3.06972911528419,-1.7854466016300108,-1.2842825136541791,1.3191129404755753,0.4505440590800676,1
2022-02-22,TSLA,188.91,189.95,185.89,188.39,188.39,1405110355,0.021970272322881623,-0.0007955871433118489,-0.09340712223291636,0.028699321085016622,0.025668854783742073,-0.004375905040746818,-0.0014179134145210898,49.5621382197505,-2.6340682177469716,-1.955170924853403,-0.6788972928935686,0.9473258655682367,0.44683263032323306,1
2022-02-23,TSLA,187.79,187.79,185.98,186.85,186.85,769824635,-0.00817453155687664,0.002898395147871824,-0.11846574825438771,0.028118377505523665,0.025662493235313746,-0.005918733789984765,-0.011240513474064068,48.147386048733644,-2.3855695861409174,-2.041250657110906,-0.3443189290300115,-0.6816293873685413,0.4480901323342924,1
2022-02-24,TSLA,185.98,185.98,184.19,185.32,185.32,376936165,-0.008188386406208226,0.03363266216743832,-0.061575855782864064,0.024008384458553498,0.025614091730812086,-0.010859093323085425,-0.021044652203732465,46.72048750840598,-2.2857422299123584,-2.0901489716711965,-0.19559325824116192,-1.5741489096698253,0.4911865919800619,1
2022-02-25,TSLA,182.81,185.79,182.81,183.92,183.92,439275867,-0.007554500323764368,0.03634417084577679,-0.09550506540769166,0.022760865917658458,0.025643500763392574,-0.013217371709405663,-0.03001152362342825,45.39478039263195,-2.293162480959353,-2.130751673528828,-0.16241080743052505,-1.3673028000233112,0.4954955806677427,1
2022-02-28,TSLA,193.79,193.82,193.79,193.82,193.82,942060549,0.053827751196172224,0.0514267115113376,-0.004928637437108585,0.024517904461279934,0.025584523537251685,0.04016679591382225,0.020486602888447742,55.097667259903,-1.4830995724524598,-2.0012212533135543,0.5181216808610944,-0.21069064320667794,0.4467038974001713,1
2022-03-01,TSLA,196.92,196.92,195.5,195.77,195.77,982229305,0.010060881230007368,0.03917405382451311,0.01377453264978512,0.024527549641960248,0.02499141227645733,0.049882419818897045,0.02955561398895611,56.728657199583814,-0.6759779253607405,-1.7361725877229917,1.0601946623622511,-0.10610246473027374,0.43285717952253716,1
2022-03-02,TSLA,197.89,200.07,197.89,197.99,197.99,413758230,0.011339837564488864,0.0596200160556597,0.053867035716186784,0.023702305670490205,0.02499066161955847,0.058914450901058873,0.04001001541708879,58.573517494553485,0.14117980868962832,-1.3607021084404678,1.5018819171300961,-1.3449058444257793,0.42244225422702597,1
2022-03-03,TSLA,203.4,203.4,200.62,203.25,203.25,821581555,0.026566998333249048,0.09675156486078129,0.1168809759314211,0.02282006407663969,0.025199697239767876,0.08089854178410741,0.06592382687194391,62.63804576691561,1.1993953574904594,-0.8486826152542823,2.048077972744742,-0.374724337398427,0.3693130724780451,1
2022-03-04,TSLA,205.68,205.68,199.98,204.57,204.57,1168205460,0.006494464944649447,0.11227707698999567,0.09144747372352335,0.022104559572823146,0.025205876607494748,0.08298260938616682,0.07106207416508431,63.60313817652243,2.1201124358102845,-0.25492360504136896,2.3750360408516533,0.48340517203491024,0.3273243128227182,1
2022-03-07,TSLA,204.0,204.2,201.27,203.35,203.35,400916608,-0.00596372879698881,0.04916933237024046,0.09717276356965576,0.021939654191245495,0.025158166585918355,0.0714163402188144,0.06329391915445436,62.00886162996868,2.71998920730519,0.34005895742794284,2.379930249877247,-1.2271185973469365,0.3736725203073035,1
2022-03-08,TSLA,202.08,206.38,201.01,202.45,202.45,1552291900,-0.004425866732235106,0.03412167339224581,0.0823887938408896,0.02201004789202091,0.024932953763596517,0.062361596507246916,0.056870178198387265,60.798144190522976,3.087186231042722,0.8894844121508988,2.197701818891823,1.2865201930841283,0.35742052909712,1
2022-03-09,TSLA,203.78,203.78,199.18,202.19,202.19,637765558,-0.001284267720424781,0.021213192585484153,0.08169270276053942,0.022017948175330853,0.024915371617849555,0.056763332366415016,0.053726922525699564,60.43106076220823,3.3189538566941508,1.3753783010595493,1.9435755556346015,-0.7576799764763897,0.3343999022409216,1
2022-03-10,TSLA,200.73,204.04,200.73,202.1,202.1,1701145811,-0.0004451258717048656,-0.00565805658056584,0.0678996036988111,0.02195086929845076,0.024289349130950905,0.052757693830350186,0.0508144982243781,60.295350676042716,3.455535855632519,1.7914098119741433,1.6641260436583756,1.4455656031203534,0.28147780884749685,1
2022-03-11,TSLA,207.95,207.95,205.91,205.91,205.91,580806685,0.018852053438891625,0.006550325072102403,0.08539349533498486,0.022213643101985255,0.02435858528928075,0.06809764397091007,0.06796561307360163,63.98282268379688,3.827096842200973,2.198547218019509,1.6285496241814639,-0.8366873218240236,0.24733499063920777,1
2022-03-14,TSLA,204.7,206.27,204.13,206.27,206.27,432038261,0.0017483366519353005,0.01435947873125154,0.12219139328654594,0.02061216304045533,0.024289743506690817,0.06376834016657647,0.06742265925048763,64.32001236153539,4.10331018675231,2.5794998117660697,1.5238103749862404,-1.0639999121335604,0.21297910921003496,1
2022-03-15,TSLA,208.15,211.74,208.15,210.19,210.19,607654976,0.01900421777282202,0.038231662138799694,0.11482974435133131,0.020325706343436653,0.02431000521409711,0.07796653631643062,0.08470418644175676,67.84956527181038,4.585661836338062,2.9807322166804684,1.6049296196575935,-0.6018997726719202,0.23570996368387107,1
2022-03-16,TSLA,211.51,212.14,209.87,209.87,209.87,755515704,-0.0015224320852561535,0.03798407438547913,0.1264559068219635,0.019987282429303907,0.023809046056626034,0.06986192781095552,0.08077070636067067,67.26459989808009,4.885787352835877,3.36174324391155,1.5240441089243264,-0.2782551933816931,0.2629468730681036,1
2022-03-17,TSLA,209.31,210.38,209.31,210.38,210.38,633589645,0.0024300757611854795,0.040969816922315605,0.17340621339728934,0.01717096235490345,0.023433464295827766,0.06402994133117554,0.08056190451732183,67.74193815330892,5.105933699347418,3.710581334998724,1.3953523643486938,-0.5502239217154844,0.24382375655174868,1
2022-03-18,TSLA,201.15,201.15,200.23,200.23,200.23,702670860,-0.048246030991539124,-0.027584867174979433,0.12824702766664786,0.020996418887810158,0.023842108285437372,0.006899395548582333,0.0260750736644317,51.61179841332347,4.410539142348256,3.8505728964686305,0.5599662458796253,-0.3335827072797989,0.35007075399924725,1
2022-03-21,TSLA,206.24,206.24,202.5,204.97,204.97,977373167,0.023672776307246624,-0.0063024191593542556,0.11191276988174015,0.02001971275010598,0.023992281143526934,0.025416542639808498,0.04763786972973804,56.78662372561761,4.19357145076944,3.9191726073287927,0.27439884344064724,0.41805718853953544,0.35169598901326105,1
2022-03-22,TSLA,208.34,208.34,206.85,206.85,206.85,721824345,0.009172073962043115,-0.01589038488986161,0.09798821593502849,0.019667261046545773,0.02379840283282431,0.030065359477124156,0.05476338999644741,58.67435447307451,4.125764040549342,3.960490893972903,0.165273146576439,-0.16271958491474398,0.33495169169680666,1
2022-03-23,TSLA,214.27,215.34,211.09,212.18,212.18,768793194,0.02576746434614452,0.011006813741840205,0.13556328605833556,0.0199450342172189,0.023390330425558423,0.049985401748821,0.07963160840584121,63.5375500918782,4.450806507863518,4.058554016751026,0.39225249111249205,-0.03314646492535204,0.24748435282120299,1
2022-03-24,TSLA,196.65,197.46,196.65,197.46,197.46,286848328,-0.06937505891224427,-0.061412681813860615,0.06550830995035617,0.026077176387881023,0.025108031602140375,-0.02578372457890516,0.003668154824936807,47.06487066194746,3.480502953675341,3.9429438041358895,-0.4624408504605486,-1.327627812102869,0.37714663158747175,1
2022-03-25,TSLA,209.02,210.13,204.36,208.14,208.14,1011822310,0.054086903676694,0.03950456974479355,0.1316876903001305,0.028253061265510453,0.025795586586697197,0.020809526378514617,0.05633999389291269,55.98178057095128,3.532595576990275,3.8608741587067668,-0.32827858171649194,0.5694075361713913,0.2902371795548808,1
2022-03-28,TSLA,205.92,207.52,205.08,207.52,207.52,758215361,-0.002978764293264047,0.012440845001707723,0.07068413992364064,0.026021308418147343,0.025801424206915197,0.014360989725391226,0.05163672113535419,55.398372375447444,3.4836926969436774,3.7854378663541493,-0.3017451694104718,-0.10369551999972644,0.25258257783564647,1
2022-03-29,TSLA,213.06,216.6,212.67,213.45,213.45,2102043467,0.028575558982266713,0.03190717911530094,0.0903100577207947,0.02658104440026775,0.02601977937819605,0.0388580105710921,0.07948506362530638,59.72193814465527,3.878726706058842,3.804095634295088,0.07463107176375416,2.6919711395856885,0.250455153924243,1
2022-03-30,TSLA,209.52,209.52,205.64,208.08,208.08,455206126,-0.025158116654954266,-0.019323216137241972,0.05096216980655588,0.027341278696682812,0.02611600871530903,0.010241757921644242,0.05104622236066162,54.56372103307901,3.715648203729586,3.7864061481819875,-0.07075794445240158,-0.861883179869668,0.33739178953627963,1
2022-03-31,TSLA,210.83,212.03,207.65,211.39,211.39,270294537,0.01590734332948851,0.0705459333535905,0.04004920049200478,0.026955764290767837,0.026106021763846597,0.024288015893205357,0.06646464204813958,57.02746240361115,3.809582161121398,3.79104135076987,0.01854081035152788,-1.1568374009391618,0.3567222487472751,1
2022-04-01,TSLA,206.37,207.88,206.0,206.0,206.0,1159020508,-0.025497894886229222,-0.010281541270298789,0.006990272278437626,0.02763541109321957,0.025828680368044397,-0.002174871275714505,0.037821716335448244,52.07556327131593,3.40979159029024,3.714791398673944,-0.304999808383704,0.6938743946502419,0.3971131755110178,1
2022-04-04,TSLA,202.92,204.43,199.68,202.91,202.91,984767579,-0.015000000000000013,-0.022214726291441833,-0.0021637570690926644,0.027823592519066676,0.025468099953777162,-0.017037499939445887,0.021713059977995823,49.42586501910307,2.811211609265399,3.5340754407922352,-0.7228638315268361,0.2757191281184506,0.4276089919072838,1
2022-04-05,TSLA,213.58,213.58,212.51,212.96,212.96,436779997,0.049529347986792205,-0.0022956195830404758,0.05191405285255635,0.029884336330962814,0.02585074070443296,0.029028400236769274,0.07147618955776966,57.07578765996911,3.111911491832643,3.449642651000317,-0.33773115916767393,-0.8065836688256827,0.40107280638648124,1
2022-04-06,TSLA,214.05,214.05,211.05,212.05,212.05,319462555,-0.004273102930127726,0.01907920030757393,0.0487660121667739,0.02991414593106756,0.02577431084224337,0.02219619128879648,0.06586890558058578,56.24616329657733,3.2394465965012103,3.407603440100496,-0.16815684359928573,-1.0064754811768788,0.42481608127123754,1
2022-04-07,TSLA,211.41,213.37,211.41,213.31,213.31,2012086415,0.0059419948125440936,0.009082738067079932,0.055467590301830905,0.02991163168752158,0.025753800031024125,0.025499264444294886,0.07124383339666633,57.17437518795212,3.4029633127343857,3.406675414627274,-0.0037121018928885086,2.4399190437603804,0.4264182408946362,1
2022-04-08,TSLA,218.43,218.43,217.61,218.11,218.11,1868620386,0.022502461206694635,0.0587864077669904,0.059249186537807974,0.030023532958704902,0.025857234294281547,0.04550945277447545,0.09417170835465401,60.603214622358095,3.875200474310418,3.500380426563903,0.3748200477465149,1.8336790823411566,0.407251599960048,1
2022-04-11,TSLA,222.54,222.54,216.68,220.93,220.93,179830616,0.012929255880060442,0.08880784584298462,0.0710718960585639,0.03009684481839616,0.02589046568694352,0.05531910828329736,0.10700053112776131,62.502700156517506,4.425982290652769,3.6855007993816766,0.7404814912710922,-1.1947003880762936,0.3933367556740977,1
2022-04-12,TSLA,221.79,222.3,220.87,221.87,221.87,607623608,0.0042547413207802975,0.04183884297520657,0.05556877111185132,0.02988654672031676,0.025821033089066105,0.05686099850904818,0.11005025670360379,63.14064966743561,4.8820537160987385,3.924811382725089,0.9572423333736495,-0.4327832437185538,0.37071927630213336,1
2022-04-13,TSLA,222.13,224.02,222.13,224.02,224.02,2171133531,0.009690359219362676,0.05644895071916989,0.06742269023681335,0.02989972865274483,0.02573326635151804,0.06351817433019784,0.11862900286123765,64.62316953865161,5.355248665196314,4.210898839219334,1.1443498259769793,1.9728519328231222,0.3545523464240047,1
2022-04-14,TSLA,238.29,238.29,238.0,238.0,238.0,601154460,0.0624051423980001,0.11574703483193471,0.13128624393953792,0.03264733712227183,0.0268795876249207,0.12252766818459447,0.18475351651105032,72.39738355991393,6.780170649073938,4.724753201190255,2.0554174478836824,-0.5023383331441816,0.2521637407155869,1
2022-04-15,TSLA,236.98,239.14,236.01,237.78,237.78,595929339,-0.000924369747899112,0.0901838521846774,0.18753433551415877,0.030068924494736974,0.026648241392545527,0.1116461507533928,0.18061503399891277,72.12875868696113,7.8017457572507,5.340151712402345,2.461594044848355,-0.500294339227602,0.25112749666929174,1
2022-04-18,TSLA,237.44,243.09,237.44,239.09,239.09,675081784,0.005509294305660717,0.08219798126103295,0.16646338488559298,0.02987808026770667,0.026608383296029676,0.10892604531434792,0.18423333658035648,72.77649856155512,8.617717756451896,5.9956649212122555,2.62205283523964,-0.3511170939870112,0.22142724388324872,1
2022-04-19,TSLA,247.29,247.61,245.58,245.58,245.58,408279201,0.027144589903383753,0.1068643800423672,0.18723712835387962,0.030179094375843138,0.026753091557079948,0.12888805124539468,0.21259702553771412,75.77968437776863,9.676525245781022,6.731836986126009,2.9446882596550132,-0.734682782491081,0.1675332120967402,1
2022-04-20,TSLA,252.69,252.69,249.62,252.58,252.58,287615349,0.02850394983304838,0.12748861708776005,0.1904043736450185,0.030264948438614606,0.02686600095109542,0.15038383323123583,0.24300569386961687,78.53070604217336,10.954206039463003,7.5763107967934085,3.3778952426695943,-0.866174985273222,0.1444091436178523,1
2022-04-21,TSLA,262.57,262.57,259.63,260.32,260.32,1504202036,0.030643756433605063,0.09378151260504208,0.3183429555352981,0.024269588597582215,0.025393268956556244,0.1689031878565543,0.2745269239243078,81.08851160122617,12.447839640900895,8.550616565614906,3.8972230752859893,0.8832825771239001,0.14950825831468473,1
2022-04-22,TSLA,266.25,268.74,262.0,264.64,264.64,264734463,0.01659496004917016,0.11296156110690547,0.27145190737003944,0.022401780941556017,0.025232912469786258,0.17341633799569445,0.2892288205777755,82.35227551194069,13.820825059225143,9.604658264336953,4.21616679488819,-0.9142397732939826,0.1564907450581387,1
2022-04-25,TSLA,258.3,258.3,251.77,257.31,257.31,927833513,-0.027698004836759327,0.07620561294909867,0.2399286815728603,0.023920423489588977,0.024845657078210907,0.12845859336283377,0.24718771634893086,73.39066669617702,14.154294260941015,10.514585463657767,3.639708797283248,0.05363872153708641,0.14580468435129093,1
2022-04-26,TSLA,265.51,268.16,265.51,268.16,268.16,1361629111,0.042167035871128355,0.09194559817574732,0.2563129538533617,0.024626306861293055,0.025237834058275163,0.16210084743742817,0.2919450961876635,77.32420472323639,15.119783871847261,11.435625145295665,3.684158726551596,0.8122010841919292,0.08026069382654231,1
2022-04-27,TSLA,260.34,262.75,257.88,260.71,260.71,334873772,-0.027781921241050278,0.032187821680259576,0.2529315647827757,0.024839388957533938,0.0252522815851976,0.11707643131978789,0.2487486648433496,69.70476488704494,15.109614377578993,12.17042299175233,2.9391913858266623,-0.8167508716435706,0.13244242585991797,1
2022-04-28,TSLA,261.23,264.2,261.23,262.82,262.82,459403266,0.008093283725211897,0.00960356484326974,0.24329438478641374,0.02482997917641483,0.02477797108300089,0.11384465422798576,0.25078326641528104,70.58872427138023,15.097776575772457,12.755893708556357,2.3418828672161,-0.6417169543361549,0.10030629130562264,1
2022-04-29,TSLA,260.16,260.16,258.04,258.04,258.04,1656391889,-0.01818735256068782,-0.024939540507859626,0.2526213592233011,0.02430908538785696,0.0247834074250099,0.08165887336282984,0.22119533966920846,65.8977939282403,14.535136969504975,13.111742360746081,1.423394608758894,1.2022570419780239,0.11351966735665496,1
2022-05-02,TSLA,256.07,257.75,255.05,257.75,257.75,1101275656,-0.0011238567663929278,0.001709999611363644,0.27026760632792857,0.023700263324370047,0.024701908202270688,0.06816575943373732,0.21289551452180636,65.61291013974446,13.905545973489097,13.270503083294685,0.6350428901944127,0.329637027448861,0.12889895294582204,1
2022-05-03,TSLA,258.89,260.0,258.89,260.0,260.0,552314714,0.008729388942773975,-0.030429594272076477,0.22088655146506375,0.022023337161802395,0.02470095296590774,0.06708912451493601,0.2165222436413317,66.81172133978012,13.433296093721793,13.303061685380108,0.13023440834168554,-0.5336794015969557,0.09646336078931673,1
2022-05-04,TSLA,262.32,267.68,258.54,262.23,262.23,1645564629,0.008576923076923038,0.00583023282574513,0.23664230134402264,0.021763061970815317,0.024688847003057037,0.06527192403392078,0.21979261556352372,68.00236096312675,13.088105491696439,13.260070446643375,-0.17196495494693664,1.0582709627728735,0.09106130728284115,1
2022-05-05,TSLA,263.88,265.29,261.86,265.14,265.14,1649802522,0.011097128475002771,0.008827334297237588,0.2429797009047865,0.021731773196213295,0.024683366354064398,0.06587230758098361,0.22611494422966627,69.5381268548076,12.900641567127309,13.188184670740164,-0.2875431036128546,1.1393851117711142,0.047147274687732374,1
2022-05-06,TSLA,274.58,278.79,272.16,276.19,276.19,940038712,0.041676095647582345,0.07033793210354977,0.2662876530191187,0.022661663698879262,0.02510530918276443,0.09748150267426432,0.2687579625637006,74.53602359164225,13.488233745118748,13.248194485615882,0.24003925950286664,0.07536724498004953,-0.00821643537531185,0
2022-05-09,TSLA,280.03,282.73,279.47,279.47,279.47,466096784,0.011875882544625238,0.08426770126091188,0.26497080523242666,0.02266089578442454,0.024620166702240518,0.09774731425653534,0.2744911748923369,75.80499722618589,14.056538343315793,13.409863257155864,0.6466750861599291,-0.785322225043562,-0.011552501036638609,0
2022-05-10,TSLA,275.62,279.47,275.62,277.91,277.91,624168410,-0.005581994489569531,0.06888461538461543,0.25258033983864436,0.022944250345091486,0.024554735191788458,0.07973596180071264,0.25882614948494487,73.91825097462923,14.217158318047751,13.571322269334242,0.6458360487135089,-0.5078877143694847,-0.045268252772087694,0
2022-05-11,TSLA,282.31,284.83,282.31,284.83,284.83,949866537,0.02490014752977565,0.08618388437631075,0.2714489777698419,0.023129965871003643,0.024540702593142488,0.09370170200919632,0.28064613062743393,76.6898300793251,14.733004072404157,13.803658629948226,0.9293454424559311,0.20650417302586827,-0.05837143067024802,0
2022-05-12,TSLA,292.82,293.65,292.82,293.57,293.57,714321073,0.03068496998209458,0.10722637097382526,0.2334873949579832,0.020447688537327872,0.023993390059400873,0.11536211180596177,0.30873507963102603,79.63354666581486,15.666467223852578,14.176220348729096,1.490246875123482,-0.29530708781310866,-0.08859503128446936,0
2022-05-13,TSLA,286.09,286.41,284.5,284.83,284.83,1405099993,-0.029771434410873043,0.03128281255657339,0.19787198250483629,0.02225196703870194,0.02438291958317832,0.07256969744896136,0.25972353572931767,70.10002395818647,15.52206978155317,14.445390235293912,1.0766795462592587,1.036867799772385,-0.0440704275586219,0
2022-05-16,TSLA,289.58,293.15,289.26,289.26,289.26,319457739,0.015553136958887714,0.03503059362364458,0.20983729976159604,0.02227517613428311,0.024073219832234472,0.07905859356056524,0.2694980627200333,71.93408398321702,15.585438511585835,14.673399890552298,0.9120386210335365,-1.1067516393263441,-0.05343170145225237,0
2022-05-17,TSLA,294.06,300.37,294.06,294.52,294.52,326337239,0.018184332434487915,0.05976755064589234,0.1992833292613403,0.021996435736590467,0.02404044643620213,0.08874217230901163,0.2826259893041917,73.97532689283702,15.87707568170731,14.9141350487833,0.9629406329240098,-1.0758099557387732,-0.03686575362940432,0
2022-05-18,TSLA,292.86,292.86,292.48,292.48,292.48,891595102,-0.006926524514464072,0.026858125899659635,0.15796975215773212,0.021799069772090653,0.02402696301295545,0.07328565295091195,0.26405046751456296,71.79442906118018,15.761895963919756,15.083687231810593,0.6782087321091623,-0.026819629956849743,-0.026293147413043415,0
2022-05-19,TSLA,302.04,302.86,302.04,302.86,302.86,595596124,0.03548960612691454,0.03164492284634002,0.1634142593730794,0.02209378718679233,0.02419604220884666,0.10276875573486355,0.29792229294176714,75.7172475199954,16.32006688629224,15.330963162706922,0.9891037235853162,-0.5565436081357606,-0.07139904321205959,0
2022-05-20,TSLA,304.51,306.13,297.19,301.87,301.87,549088852,-0.0032688370864426552,0.059825158866692485,0.14068168077388155,0.022125370781999786,0.02415411154832087,0.0917639399994575,0.28287181056317684,74.65084644081635,16.492422259817204,15.56325498212898,0.929167277688224,-0.7066787639398271,-0.06458489979279723,0
2022-05-23,TSLA,300.27,307.23,300.27,302.97,302.97,276899717,0.003643952694868835,0.04739680564198312,0.17745132330651758,0.020608741950324576,0.023418373663604882,0.0867689813311907,0.2776688738742855,75.07096645717573,16.52725997685451,15.756055981074086,0.7712039957804233,-1.1806999412868766,-0.05415157494695424,0
2022-05-24,TSLA,302.85,306.17,297.74,301.81,301.81,809338258,-0.0038287619236229142,0.024752139073747292,0.12548478520286377,0.019157754653055484,0.023463677137697498,0.07611342672652,0.2633610233806137,73.68410301599164,16.273674028928156,15.8595795906449,0.41409443828325543,-0.00874510609277081,-0.04860960328720801,0
2022-05-25,TSLA,304.44,304.44,300.58,302.07,302.07,774979344,0.0008614691362114346,0.03278856673960595,0.15864370373211623,0.01748940923295263,0.023473691222804134,0.06915701285876567,0.25533410676871393,73.80093119047777,15.910281345750207,15.869719941665963,0.04056140408424369,-0.1348097252386721,-0.047976114824857835,0
2022-05-26,TSLA,295.84,295.84,292.05,294.05,294.05,1183908854,-0.02655013738537415,-0.02908934821369613,0.11882657332014324,0.019074794741587298,0.023736305276078996,0.035050203718859314,0.21436757281352936,64.31600078789646,14.804486151285971,15.656673183589966,-0.8521870323039948,0.7012667121045454,-0.03812626042329601,0
2022-05-27,TSLA,282.0,286.14,282.0,283.79,283.79,833666232,-0.034892025165788154,-0.059893331566568286,0.09979073011936124,0.02049346576163032,0.024328975680679914,-0.005571518676851829,0.16563992998246824,54.641045184546314,12.950948763585643,15.115528299589101,-2.1645795360034583,0.0078855300029516,-0.01870875452923886,0
2022-05-30,TSLA,294.27,298.24,289.92,295.48,295.48,738725936,0.04119243102293946,-0.02472191966201276,0.14638215324927262,0.021963312878397045,0.02470258534625593,0.028591917261497634,0.20604902074163778,61.70879016825319,12.283693559392134,14.549161351549708,-2.2654677921575743,-0.1837886799199898,-0.09362958386251566,0
2022-05-31,TSLA,290.68,290.68,285.4,289.43,289.43,1620823810,-0.020475159063219173,-0.041019184254994845,0.11319230769230781,0.02280282735796498,0.024909450345177088,0.0023966363970104637,0.174405959877946,56.777927415461406,11.138309071099286,13.866990895459624,-2.728681824360338,1.740095558183916,-0.028740631696286267,0
2022-06-01,TSLA,280.13,282.48,280.13,282.48,282.48,363947293,-0.024012714646028388,-0.06485251762836419,0.07722228577965917,0.023726283680188393,0.02519758662903353,-0.02509227766647502,0.14001521473151923,51.670174032668314,9.55957981023056,13.005508678413811,-3.445928868183252,-1.07695744792635,-0.03501546396767895,0
2022-06-02,TSLA,269.47,269.47,267.8,267.8,267.8,1103589108,-0.05196828094024353,-0.0892705322224111,0.010032435694350195,0.026732667808683268,0.02627254234706531,-0.07618060358730322,0.07601552816036035,42.89286524374056,7.042688454162715,11.812944633563593,-4.770256179400878,0.9083158039765554,0.0014925375905058286,1
2022-06-03,TSLA,264.84,264.84,261.42,263.69,263.69,293477549,-0.015347274085138252,-0.07082701997956242,-0.045258698721894364,0.025141550828342064,0.026338760478309364,-0.08839325378510926,0.05541787714341939,40.803019616868816,4.662643221298538,10.382884351110583,-5.720241129812045,-1.1946351220113478,-0.0004931247136438322,0
2022-06-06,TSLA,256.41,256.41,254.3,255.23,255.23,483703595,-0.03208312791535517,-0.13621903343711939,-0.08673560668408076,0.02577702562041909,0.02675687936997095,-0.11392778596511342,0.018231190835400604,36.82567609777497,2.069928087615267,8.72029309841152,-6.6503650107962535,-0.6915874126324248,0.054959722362698034,1
2022-06-07,TSLA,263.93,271.91,263.93,266.06,266.06,386408524,0.042432315950319266,-0.08074491241405524,-0.04263970350113355,0.027799074570936017,0.027148978150999585,-0.07442582117486625,0.05750860522487531,44.30951720036082,0.8789412667794636,7.1520227320851095,-6.273081465305646,-0.9010379137173704,0.00651858600131256,1
2022-06-08,TSLA,274.18,274.18,271.45,272.99,272.99,1278771286,0.026046756370743385,-0.03359529878221468,-0.041568654987185205,0.027858176044731654,0.02728175513236691,-0.048357746930579905,0.0805351417677094,48.512657554959674,0.48863602234365544,5.819345390136819,-5.330709367793164,1.3312125484252695,0.012486283698447117,1
2022-06-09,TSLA,269.43,272.54,266.61,268.47,268.47,769117152,-0.016557383054324304,0.002501867064973906,-0.08549919950948659,0.026951178083207714,0.027419001238684744,-0.060002030762551145,0.0585876429105149,46.07032889471695,-0.18329698708430442,4.618816914692594,-4.802113901776899,0.04733924997376125,0.012842277864663219,1
2022-06-10,TSLA,286.04,286.04,283.28,284.16,284.16,793447595,0.05844228405408414,0.07762903409306388,-0.0023522803075517462,0.029617593529201094,0.02740362484338965,-0.004949688959234659,0.11430778622042775,54.61227201515256,0.5439725580884556,3.803848043371767,-3.2598754852833114,0.200289924350842,-0.03648234878056181,0
2022-06-13,TSLA,288.69,293.1,288.36,291.36,291.36,411763703,0.025337837837837718,0.14155859420914485,0.007259904584111299,0.029961682340763036,0.027422434768707683,0.019887740939552576,0.13612716180726464,57.90709466157613,1.6819304916787132,3.3794645330331563,-1.697534041354443,-0.8590812480422239,-0.08193219068925932,0
2022-06-14,TSLA,286.39,294.87,286.39,289.15,289.15,668257343,-0.007585118066996244,0.08678493572878287,-0.018233057177780787,0.029727285127876996,0.027477427358372476,0.013103955712834202,0.12151091419074288,56.55012045111218,2.3780293799140395,3.179177502409333,-0.8011481224952934,-0.20771677930222285,-0.020192120396248948,0
2022-06-15,TSLA,271.07,271.76,267.64,271.76,271.76,505936040,-0.06014179491613347,-0.004505659547968888,-0.07084245076586437,0.03257744559230145,0.028641897689972075,-0.044357079057860536,0.05001709716534805,47.180997680722086,1.5090694846008432,2.845155898847635,-1.3360864142467919,-0.6108878113585774,0.012651453984807312,1
2022-06-16,TSLA,285.9,287.92,285.9,287.92,287.92,1006830393,0.05946423314689442,0.07244757328565576,-0.04932972330449714,0.03446121083780444,0.027824665248540912,0.015136076607657261,0.10601273420468851,54.693021459863346,2.100179885884188,2.6961606962549456,-0.5959808103707576,0.7379899822379364,-0.036897767269635715,0
2022-06-17,TSLA,278.55,279.33,273.46,278.23,278.23,441348477,-0.03365518199499862,-0.020868524774774744,-0.07831185609699531,0.035183997223317234,0.027595889681283858,-0.01492325939563446,0.06401503176658968,50.09250475140224,1.7663754437456873,2.5102036457530943,-0.743828202007407,-0.8177379134983206,0.013671704499500068,1
2022-06-20,TSLA,269.38,269.38,264.89,267.15,267.15,1776438970,-0.03982316788268714,-0.08309308072487653,-0.1182295276760077,0.03605232762629992,0.028185113018501025,-0.04811618576610353,0.017774382868321562,45.390919225321625,0.6008434683523092,2.1283316102729373,-1.527488141920628,2.3337493105688947,0.06513491821536234,1
2022-06-21,TSLA,273.6,276.57,273.6,274.2,274.2,292697944,0.026389668725435245,-0.051703268199896235,-0.09148139558000068,0.0367592691656843,0.028155004337874327,-0.01816677916093014,0.04061905828149836,48.69081875396557,0.24322333414551167,1.7513099550474522,-1.5080866209019406,-1.1502892156873645,0.03494039919522744,1
2022-06-22,TSLA,293.59,297.44,288.39,291.58,291.58,493033706,0.06338439095550696,0.07293199882249035,-0.03472705002151821,0.03974489970959193,0.028881410657792993,0.046030658405949505,0.10076434627881393,55.78427564369867,1.3467035898621589,1.6703886820103937,-0.3236850921482348,-0.6431811280216473,-0.029266986671712975,0
2022-06-23,TSLA,298.98,302.0,297.06,302.0,302.0,2188145691,0.03573633308183011,0.0489024729091414,0.027036218330215966,0.04007805076236775,0.029108706443593448,0.08186919771517821,0.13363859826713445,59.407622942972345,3.027131669527762,1.9417372795138674,1.0853943900138945,2.5695778042415363,-0.0627917033416696,0
2022-06-24,TSLA,304.4,306.43,304.4,306.43,306.43,616098093,0.014668874172185431,0.10135499406965454,0.07977730011628315,0.039193229325682484,0.028823690189013644,0.09330540872739078,0.1430855812727394,60.875542440897725,4.662599462205662,2.4859097160522268,2.1766897461534356,-0.36654070076986206,-0.08053233572921253,0
2022-06-27,TSLA,308.25,311.18,304.42,311.18,311.18,363421109,0.015501093234996599,0.16481377503275318,0.053133883850006836,0.038341593025992424,0.028696954671081132,0.10715194253255926,0.15304308194530458,62.443788129749635,6.269731214734406,3.242674015788663,3.0270571989457435,-0.7913528811259474,-0.07135304066695561,0
2022-06-28,TSLA,316.95,323.11,313.91,318.04,318.04,912266698,0.022045118580885648,0.15988329686360325,0.09884946273710393,0.038132900184247,0.028231171986559923,0.12582922115159964,0.170863882103682,64.64772107785765,8.004666562559123,4.195072525142756,3.8095940374163675,0.3049205562196765,-0.03738363918761769,0
2022-06-29,TSLA,326.94,326.94,324.29,324.29,324.29,601396287,0.019651616148911977,0.11218190548048579,0.14801047861795524,0.037605791389376274,0.0282368104554017,0.139520950719382,0.18570745188132817,66.57241713302577,9.771300620683235,5.310318144250852,4.460982476432383,-0.33527186309615864,-0.07031751949734787,0
2022-06-30,TSLA,324.11,327.72,324.11,326.74,326.74,484427261,0.007554966233926486,0.08192052980132458,0.22008961911874536,0.03490177826955519,0.028236073655162265,0.13636245072279043,0.18646427062743812,67.3234377369422,11.23950336570141,6.496155188540964,4.7433481771604455,-0.5096793929614096,-0.11158936511133544,0
2022-07-01,TSLA,328.45,329.74,327.75,327.75,327.75,414456057,0.0030911428046764833,0.06957543321476356,0.2429367818271455,0.03442127762904477,0.02817266663741097,0.12731719145818599,0.18228680059303728,67.6461480498053,12.342288953784646,7.6653819415897,4.676907012194945,-0.6689507225996153,-0.11638812798574198,0
2022-07-04,TSLA,327.08,332.35,327.08,327.4,327.4,4211244991,-0.0010678871090771258,0.052124172504659505,0.2827645652940485,0.033024979143415636,0.028182366483544455,0.1123077498021017,0.17351245468051874,67.39774711963838,13.037721662923502,8.739849885856461,4.297871777067041,3.5884648037288227,-0.05036134284584701,0
2022-07-05,TSLA,324.26,324.26,321.04,321.44,321.44,687841409,-0.01820403176542451,0.010690479185008206,0.20814853792377663,0.03296847188434589,0.0283675271465859,0.08188158001023174,0.1453370912628139,63.14552792772437,12.95855672948045,9.58359125458126,3.3749654748991897,-0.28440344446572324,-0.051581512806702715,0
2022-07-06,TSLA,316.94,321.63,314.75,319.35,319.35,251929434,-0.0065019910403184555,-0.015233278855345533,0.16982307044214084,0.032938730564478144,0.028414533068577347,0.06652640016030484,0.13148451169484127,61.67602204738845,12.582133414338728,10.183299686532754,2.3988337278059735,-0.7012269143163384,-0.003576137822109751,0
2022-07-07,TSLA,304.5,306.26,304.5,306.26,306.26,1960030468,-0.04098950994206996,-0.06267980657403449,0.14076060639922505,0.034335947495949246,0.028089031274458776,0.016396217304223543,0.08074917733412142,53.30839390813721,11.099612202596973,10.366562189745599,0.7330500128513737,1.0634080012097493,0.0807005545294269,1
2022-07-08,TSLA,302.79,305.66,302.79,305.66,305.66,1154164500,-0.0019591197022137408,-0.06739893211289083,0.0756615990990992,0.03217685908626279,0.028092797141496158,0.010798807517993983,0.07434274155518328,52.95376093395032,9.763738179692837,10.245997387735047,-0.4822592080422101,0.19242848690627484,0.06928945338280058,1
2022-07-11,TSLA,297.95,302.59,297.95,298.35,298.35,505025833,-0.02391546162402669,-0.08872938301771516,0.02399093904448102,0.0323538017446171,0.028332137832159713,-0.014513912744761267,0.04502156768997188,48.7027897148531,8.022711658275682,9.801340241843175,-1.7786285835674924,-0.4999557407322318,0.10822217888037303,1
2022-07-12,TSLA,289.08,293.61,288.3,290.37,290.37,456970112,-0.026747109100050293,-0.09665878546540563,0.004219263358118619,0.032921425536367455,0.028442928474401538,-0.041066032595234565,0.014417819824414752,44.50279415360724,5.930651430290482,9.027202479532637,-3.096551049242155,-0.5369555840921725,0.17652480619000108,1
2022-07-13,TSLA,293.98,293.98,289.2,291.82,291.82,1198196896,0.004993628818404039,-0.08620635666196974,0.07381513099793935,0.029641741801227573,0.028249610334990155,-0.039459132083421104,0.017159468380638355,45.42377016475122,4.339656648475398,8.08969331332119,-3.7500366648457923,0.20926958593937817,0.16255490993470126,1
2022-07-14,TSLA,302.94,302.94,302.3,302.3,302.3,689756368,0.03591254883147155,-0.012930190034611044,0.049944429008057734,0.027727545873299408,0.028345651489047288,-0.007312980458218731,0.051124839184506235,51.666867511901394,3.8797073846775447,7.247696127592461,-3.3679887429149167,-0.3120946442271616,0.1226595738186466,1
2022-07-15,TSLA,310.18,310.18,309.47,309.47,309.47,251867398,0.023718160767449703,0.012464830203493982,0.11228120619631232,0.026706144692418353,0.028418852429030878,0.011045806938504907,0.07326727408192653,55.42387008660887,4.047100897261203,6.60757708152621,-2.5604761842650072,-0.7596993422862635,0.08516242451677394,1
2022-07-18,TSLA,297.89,297.89,297.7,297.7,297.7,2337491023,-0.03803276569619041,-0.002178649237472907,0.11435523114355228,0.026548150119854695,0.028638582200648226,-0.03223656728426461,0.03004321545099421,48.727862983080854,3.19321147381811,5.9247039599845905,-2.7314924861664807,1.3542490929804964,0.09905921264844311,1
2022-07-19,TSLA,288.2,290.57,285.65,290.57,290.57,616522713,-0.02395028552233791,0.0006887763887453158,0.05970094821298333,0.026873820998136077,0.02837029846571064,-0.057921442119085086,0.004075807602530013,45.16789069049168,1.919044985663902,5.1235721651204535,-3.2045271794565515,-0.41338618671139554,0.10757096272077676,1
2022-07-20,TSLA,297.3,297.63,291.99,297.63,297.63,1962221412,0.024297071273703397,0.019909533273936075,0.02074902256670552,0.023476589756879596,0.028248391418610165,-0.035977165067411686,0.02628970106923137,49.13088364894157,1.4620878227435128,4.391275296645065,-2.9291874739015524,0.8788759756602664,0.05344633561268833,1
2022-07-21,TSLA,293.45,293.45,287.35,290.55,290.55,1722531718,-0.02378792460437451,-0.0388686735031426,-0.03791390728476818,0.02263795704415701,0.028442512665878113,-0.057160936511284566,0.0002823030419875872,45.57362714039608,0.5226246572332798,3.6175451687627085,-3.0949205115294287,0.6749672316949715,0.07885857491231962,1
2022-07-22,TSLA,291.0,291.88,289.06,289.06,289.06,438729791,-0.00512820512820511,-0.06595146540860186,-0.05668505041934535,0.022315715303245755,0.028334631061321572,-0.059344964879196584,-0.0066154612780725975,44.8378553497144,-0.33823821782152663,2.8263884914458615,-3.164626709267388,-0.6401552189712135,0.06524962574638006,1
2022-07-25,TSLA,295.52,295.52,288.76,293.21,293.21,1486832594,0.014356880924375481,-0.015082297615048756,-0.057747927244681585,0.02226807818404192,0.028373496460586213,-0.043042056410290026,0.005604027766345703,47.38573862386879,-0.6777947356813456,2.12555184602042,-2.8033465817017658,0.38420893648938725,0.05732703113119881,1
2022-07-26,TSLA,288.19,290.21,281.74,286.33,286.33,541110717,-0.02346441117287945,-0.014592008810269452,-0.09970443969312048,0.021925405633184014,0.02855837657077346,-0.060635636661882354,-0.019467618368701676,43.7758177890708,-1.4849367968457727,1.4034541174471817,-2.8883909142929545,-0.574897846046527,0.04266292809594542,1
2022-07-27,TSLA,284.95,287.23,284.95,287.23,287.23,260986606,0.0031432263472217503,-0.034942714108120776,-0.11428042801196459,0.021248459217865286,0.02854580881475246,-0.051919480986732464,-0.01778707150221489,44.372819840312914,-2.0285958271388154,0.7170441285299823,-2.7456399556687976,-0.8357728850195899,0.048287702844650636,1
2022-07-28,TSLA,276.43,283.95,273.63,277.94,277.94,620006859,-0.032343418166626114,-0.0434004474272931,-0.14935422660219133,0.02179127040290473,0.028858247610719964,-0.07513489141303642,-0.05024805381267056,39.68822302818768,-3.1725042317598877,-0.060865543527991665,-3.111638688231896,-0.47892426150551703,0.10246722135750592,1
2022-07-29,TSLA,271.21,277.15,271.21,273.93,273.93,1015434565,-0.01442757429661079,-0.05234207430983184,-0.16421052631578947,0.021681033653870686,0.028430091628879786,-0.08024248854626055,-0.06383017504128116,37.831602003391666,-4.3524609108019945,-0.9191846169827923,-3.433276293819202,-0.10670691328887343,0.06764124842048834,1
2022-08-01,TSLA,275.18,280.62,274.75,276.26,276.26,605980285,0.008505822655422879,-0.05780839671225402,-0.1562003665241295,0.021962383592864027,0.02841007465956516,-0.06438650530105348,-0.055694624689943024,39.59966283955543,-5.041458754372798,-1.7436394444607934,-3.297819309912004,-0.5200256277945975,0.06901700305224658,1
2022-08-02,TSLA,263.53,270.05,263.53,265.61,265.61,665314883,-0.03855064070078906,-0.07236405546048252,-0.17368715778994515,0.022900119476046935,0.028839441006182888,-0.09186952954048123,-0.09146156529988153,34.73676379380572,-6.3733920078328765,-2.66958995713521,-3.7038020506976665,-0.4250582593520739,0.13952783525944318,1
2022-08-03,TSLA,268.53,272.95,268.53,268.68,268.68,1588632828,0.011558299762810087,-0.06458239041882818,-0.15866604039455146,0.023365275866870167,0.02869254313030166,-0.07334628974655671,-0.08011346225941907,37.13337381266921,-7.099397924272182,-3.5555515505626047,-3.5438463737095773,0.9226648751145795,0.09825628713010529,1
2022-08-04,TSLA,269.63,270.02,268.68,268.68,268.68,852681278,0.0,-0.03331654313880694,-0.12270619734865795,0.022114996730079165,0.02839799039696756,-0.06730193444244835,-0.07880511180648078,37.13337381266921,-7.587301158812693,-4.361901472212622,-3.2253996866000705,-0.16165487776313725,0.14056425618758317,1
2022-08-05,TSLA,274.59,274.59,272.55,272.55,272.55,482273053,0.01440375167485497,-0.005037783375314797,-0.10832297323823858,0.022581444405679715,0.028213571017472294,-0.048398810105721904,-0.06488025801139101,40.33653779792309,-7.574378608565951,-5.004396899483289,-2.569981709082662,-0.721561030789412,0.13723028534412798,1
2022-08-08,TSLA,275.58,275.58,270.03,274.21,274.21,1218904320,0.006090625573289099,-0.00742054586259322,-0.0809116809116811,0.022286508774295607,0.028149578579849354,-0.038551217545274664,-0.058374421592727065,41.708512066810115,-7.345514746024264,-5.472620468791484,-1.8728942772327803,0.45077564119678676,0.11402785264934762,1
2022-08-09,TSLA,286.35,287.36,278.22,283.86,283.86,900630237,0.035192006126691266,0.06870976243364324,-0.022419671453662526,0.023238407829232397,0.02842521297457895,-0.0035787060845023726,-0.024641662500451106,49.0441143644423,-6.312695312454309,-5.6406354375240495,-0.6720598749302598,-0.12359774761163225,0.07852944190429649,1
2022-08-10,TSLA,282.35,288.13,282.35,284.89,284.89,176183587,0.003628549284858673,0.06033199344945661,-0.023747515591803214,0.023222260812818217,0.028415651553265607,0.001254687505491352,-0.02067685326824923,49.77069266054526,-5.349401507663572,-5.5823886515519545,0.2329871438883826,-1.2273273280849697,0.08936040077114758,1
2022-08-11,TSLA,279.24,284.28,279.24,281.99,281.99,1034321763,-0.01017936747516579,0.04953848444245934,-0.06718491564670859,0.02160271187824385,0.02805714783858222,-0.005387674482174933,-0.029485304957199993,47.70804456857358,-4.765061330033632,-5.41892318724829,0.6538618572146584,0.15756531874269877,0.10196456479692416,1
2022-08-12,TSLA,283.9,283.9,282.99,282.99,282.99,1011901655,0.0035462250434412645,0.038304898183819436,-0.08556564448896509,0.02073071430353978,0.02806079162139074,0.0028225313481708026,-0.024987725781027925,48.500619163929315,-4.173170178556802,-5.1697725855099925,0.9966024069531905,0.05993143954377053,0.11238550163256764,1
2022-08-15,TSLA,285.79,287.0,285.79,287.0,287.0,809617666,0.014170112018092373,0.04664308376791526,-0.035942223715149435,0.01950438280387723,0.028121184230247835,0.018964455182428352,-0.010264056032158981,51.664366115348905,-3.3419942601227604,-4.8042169204325464,1.462222660309786,-0.1862499939546486,0.07579892595595092,1
2022-08-16,TSLA,286.07,291.91,286.07,287.49,287.49,1365819359,0.0017073170731707332,0.012787994081589593,-0.010599855456516427,0.018790948806732388,0.02811920666798645,0.02126253754380481,-0.007757592212725694,52.05198661824118,-2.613614332459349,-4.366096402837907,1.7524820703785577,0.8661025713740873,0.07879774259263359,1
2022-08-17,TSLA,286.95,290.02,283.11,287.92,287.92,534351195,0.0014957041984069441,0.0106356839481907,-0.03262439942210116,0.017885875873586424,0.0281198165087659,0.024557058419537505,-0.005463983820482483,52.412638338860525,-1.978859524945733,-3.888649027259472,1.909789502313739,-0.75830228353956,0.04246554451320904,1
2022-08-18,TSLA,281.75,283.46,281.75,283.05,283.05,978860671,-0.016914420672409003,0.003758998546047776,-0.02581311306143519,0.01749696838800217,0.02799524438403066,0.008573138923333497,-0.021666433359774837,48.00831640997556,-1.847483427606619,-3.4804159073289016,1.6329324797222826,0.3824830749907029,0.0572251450134411,1
2022-08-19,TSLA,278.6,279.19,278.53,278.53,278.53,312409185,-0.01596891008655732,-0.01576027421463666,-0.03642842316474104,0.017791785445497393,0.027703442904260193,-0.00566726463002125,-0.03699755385692508,44.28844740313587,-2.0840692951887263,-3.201146584900867,1.1170772897121406,-1.282256466246075,0.05122687204735947,1
2022-08-22,TSLA,268.75,269.07,265.41,269.07,269.07,1021210198,-0.03396402541916488,-0.062473867595818855,-0.08233007059786501,0.018751225493218393,0.027510760109136882,-0.03528192735662523,-0.0682870637555232,37.70378509893821,-3.0003223903577805,-3.16098174599225,0.16065935563446931,0.5982326327246528,0.06785001280308077,1
2022-08-23,TSLA,281.3,285.06,280.48,281.23,281.23,2582014686,0.04519270078418258,-0.021774670423319042,-0.017811615967589733,0.02115383346013376,0.028031754541846293,0.009239006586986648,-0.025719373367422707,48.336699562083254,-2.71396430377672,-3.071578257549144,0.3576139537724239,3.121966478600513,0.05506422193366565,1
2022-08-24,TSLA,273.7,276.32,268.54,272.76,272.76,440352538,-0.0301176972584718,-0.05265351486524039,-0.05037774605716683,0.022122239358767837,0.028130952412971803,-0.01860886835628868,-0.05453184143754429,42.85039392761584,-3.134350825073284,-3.084132771053972,-0.050218054019311786,-0.8905295365374379,0.11339022364770021,1
2022-08-25,TSLA,267.6,270.87,266.31,268.2,268.2,507049262,-0.01671799384073913,-0.05246422893481728,-0.03504353457580778,0.021266557973305077,0.027389694120494506,-0.033321919659752404,-0.07035965504173337,40.20466373006744,-3.7917550702478025,-3.2256572308927383,-0.5660978393550642,-0.7481293183102947,0.14596772201208372,1
2022-08-26,TSLA,262.25,263.64,261.29,263.56,263.56,522424343,-0.01730052199850851,-0.05374645460094052,-0.03785638666812696,0.021367458276365124,0.02740987177516339,-0.04826732002896086,-0.08643605728319069,37.65682323220031,-4.63374694244726,-3.507275173203643,-1.1264717692436172,-0.6654070088477997,0.1366094400699596,1
2022-08-29,TSLA,267.85,272.0,265.04,269.65,269.65,864791448,0.023106692973136944,0.002155572899245506,-0.023926735683776235,0.021975675471153474,0.027228129083081653,-0.025112438357749303,-0.06610460159510885,42.78203923413085,-4.754808985424688,-3.7567819356478522,-0.998027049776836,-0.05370229245193934,0.10635760786396328,1
2022-08-30,TSLA,267.0,267.8,267.0,267.8,267.8,422702101,-0.0068607454107174615,-0.04775450698716355,0.008245171492037295,0.0201945302839472,0.026703996533045025,-0.03218403681892849,-0.07260496538429341,41.66157487389246,-4.943050654590195,-3.994035679436321,-0.9490149751538737,-0.8454566096213734,0.14403891484113313,1
2022-08-31,TSLA,277.76,279.76,273.78,276.42,276.42,1029921504,0.03218820014936519,0.01341838979322496,0.028807503349709718,0.02128116479154451,0.026815280100488264,-0.0024269873778612326,-0.04294325590413512,48.43780550451526,-4.346567054596278,-4.064541954468313,-0.28202510012796544,0.3407430262057506,0.11639126937714313,1
2022-09-01,TSLA,273.33,273.33,271.54,271.94,271.94,1329546797,-0.01620722089573845,0.013944817300522105,0.012133392883727723,0.021652040782609776,0.02681152933151129,-0.01917184690655365,-0.058642981390827235,45.48102457035712,-4.187081988451837,-4.089049961265018,-0.09803202718681892,0.8552781623447508,0.19120551437690325,1
2022-09-02,TSLA,274.89,274.89,273.98,273.98,273.98,1102237815,0.007501654776788991,0.03953558961906212,0.005246743716749158,0.021478524870260585,0.0257325990885766,-0.012068785224662511,-0.05102388950433151,47.06558797031157,-3.851678224510181,-4.041575613914051,0.18989738940387024,0.3711914149895981,0.1940357751646529,1
2022-09-05,TSLA,267.02,271.7,262.2,268.44,268.44,276840128,-0.020220454047740755,-0.00448729834971251,-0.021042266875752058,0.021918029552055702,0.02563575590942693,-0.031037202410495297,-0.06898076561800022,43.37836505006911,-3.986941050772259,-4.030648701285693,0.04370765051343373,-1.091367736314691,0.21977026274448452,1
2022-09-06,TSLA,283.87,288.34,283.37,283.37,283.37,1453296990,0.05561764267620317,0.058140403286034426,-0.0017262030578454324,0.024056666727523376,0.026641141528903924,0.02294468871609375,-0.016871198458190996,53.86745966181689,-2.856483822906114,-3.7958157256097773,0.9393319027036635,1.0234621008341327,0.1584116247368253,1
2022-09-07,TSLA,275.61,275.61,275.22,275.22,275.22,1403760366,-0.028760983872675228,-0.004341219882787017,-0.033942925339604635,0.02488849879444359,0.02573275879409216,-0.004739079414386239,-0.045337949047922085,48.577270621671,-2.588387888561954,-3.5543301582002127,0.9659422696382589,0.8459664764276572,0.19141219967552608,1
2022-09-08,TSLA,277.4,280.28,275.29,277.49,277.49,1316308182,0.008247947096867936,0.020408913730970202,-0.01595801269548569,0.024888807089444503,0.024567911536870504,0.004286921541554599,-0.036883207034187536,50.0487164580145,-2.1677612973970213,-3.2770163860395747,1.1092550886425534,0.649297980256225,0.17986198955617885,1
2022-09-09,TSLA,282.34,282.34,277.99,282.06,282.06,1000439608,0.01646906194817821,0.029491203737499028,-0.003286335206191038,0.025165936880002848,0.024265500681027816,0.02099841091149967,-0.02123842522308084,52.966616465792804,-1.4489483123259106,-2.911402771296842,1.4624544589709316,0.06777266406292416,0.18172457890282592,1
2022-09-12,TSLA,285.09,286.43,285.09,285.13,285.13,912878715,0.010884209033539038,0.062174042616599534,-0.006515679442508748,0.025080053575878978,0.023713491900247304,0.03246060786014179,-0.01161316115897049,54.87366048704815,-0.6243632292949997,-2.4539948628964736,1.829631633601474,-0.10346339097073427,0.19531271202343733,1
2022-09-13,TSLA,284.32,284.32,283.95,283.95,283.95,1486118670,-0.00413846315715638,0.0020467939443129524,-0.012313471772931295,0.02509278826231435,0.02349386431345012,0.02884721646010592,-0.01625770271893266,53.96788982848135,-0.06533658897967598,-1.9762632081131142,1.9109266191334382,0.9357107915815848,0.1802944992982062,1
2022-09-14,TSLA,284.39,284.39,279.23,283.17,283.17,2536644781,-0.0027469624933966763,0.028885982123392218,-0.01649763823284245,0.025094533999878404,0.022015228303012578,0.026904707507860285,-0.018483375360698717,53.34111195048399,0.3111696003156226,-1.5187766464273669,1.8299462467429894,2.293573055224509,0.15025345829576664,1
2022-09-15,TSLA,281.41,284.74,279.0,283.62,283.62,451540542,0.0015891513931560741,0.022090886158059764,0.0020137784843667905,0.024798242324190693,0.021504626687707973,0.028430322050768893,-0.015878652098657336,53.67537833044639,0.638504425543374,-1.0873204320332188,1.7258248575765929,-0.9154880683881015,0.10325336805027273,1
2022-09-16,TSLA,284.13,284.13,278.95,282.72,282.72,1527464850,-0.0031732599957688956,0.0023399276749629383,0.015043262844218086,0.02451745744330443,0.021409982187029313,0.02438865317095969,-0.01765455992161256,52.859739282289276,0.8158920586928389,-0.7066779338880074,1.5225699925808462,0.656941854220587,0.11960493030200245,1
2022-09-19,TSLA,287.64,291.46,287.64,289.75,289.75,759575088,0.024865591397849274,0.016203135411917424,0.07685732337310003,0.02361041383944846,0.02156673244541066,0.04594203369395312,0.008023016670503025,58.202554279096404,1.506370779152462,-0.2640681912799135,1.7704389704323755,-0.5253086238551431,0.06794083713089723,1
2022-09-20,TSLA,303.71,311.21,301.53,306.37,306.37,740026214,0.057359792924935205,0.0789575629512238,0.08939302350389355,0.024852528881959456,0.022659419714576957,0.10094149777202807,0.06656470337035895,67.56271039449334,3.355989482884013,0.4599433435528718,2.896046139331141,-0.4884921522484075,-0.04114572960984498,0
2022-09-21,TSLA,305.15,305.15,297.39,302.27,302.27,318165290,-0.013382511342494463,0.06745064802062362,0.10819035049127446,0.023885756568822678,0.02256578717629273,0.08047920416220593,0.05363755407269191,63.76886558573247,4.439810524464178,1.2559167797351332,3.183893744729045,-1.2404346401969437,-0.017487513891956505,0
2022-09-22,TSLA,294.91,295.16,291.86,292.24,292.24,674260002,-0.03318225427597832,0.03039277907058735,0.08963460104399701,0.02494880789133536,0.022916523548312386,0.040157319167489845,0.020721322774361284,55.5508828756443,4.438247972716852,1.892383018331477,2.5458649543853746,-0.6134771596150093,0.07908413176994104,1
2022-09-23,TSLA,289.17,292.28,289.17,291.74,291.74,439716617,-0.0017109225294278385,0.031904357668364414,0.10692062528456514,0.02446768437417504,0.02290824202313757,0.033196218389929526,0.021115442793116196,55.16919624905538,4.346559386900935,2.3832182920453686,1.9633410948555667,-1.0310110623679303,0.08111263517338622,1
2022-09-26,TSLA,310.97,313.61,306.56,311.32,311.32,605574009,0.06711455405498046,0.07444348576358917,0.15453365473762282,0.027886467112013553,0.024570021038481184,0.0944629987695553,0.09067022453704378,65.24106046997719,5.78712748192379,3.064000130021053,2.7231273519027366,-0.6950571394641771,0.03760469556077939,1
2022-09-27,TSLA,303.36,305.28,303.36,305.28,305.28,413880635,-0.019401259154567696,-0.0035577896008095466,0.1399551904406271,0.028364964349109303,0.02458508698831538,0.06620471912937798,0.07051996500331087,60.70997430684819,6.368004166264484,3.7248009372697397,2.6432032289947442,-1.040529407658519,0.05973015357981697,1
2022-09-28,TSLA,318.11,318.21,318.11,318.21,318.21,611028992,0.04235455974842761,0.05273431038475529,0.15118298241805928,0.028926666930014777,0.02518682874088745,0.10331173818146508,0.11593571823099451,66.13259793744629,7.781990125035577,4.536238774822907,3.24575135021267,-0.6386432261756543,0.016271165033647807,1
2022-09-29,TSLA,334.19,334.19,327.01,332.0,332.0,626922687,0.04333616165425358,0.1360525595401041,0.22085754210487618,0.029423133861898397,0.025199375369178226,0.13926287632992648,0.16254707527784112,70.76660626708235,9.901187213815945,5.609228462621515,4.2919587511944295,-0.5491602772929597,-0.00268432246358608,0
2022-09-30,TSLA,330.55,330.55,322.38,327.59,327.59,847713218,-0.01328313253012059,0.12288338931925669,0.19567121687714417,0.029895326808791207,0.025269211079119266,0.11388419467046586,0.14563856028425004,67.58193537897733,11.09689789917013,6.706762349931238,4.3901355492388925,-0.13023292821664148,0.00389970941765793,1
2022-10-03,TSLA,333.34,333.34,332.45,332.45,332.45,303578287,0.014835617692847913,0.06787228575099569,0.2384517955595291,0.02908442813094857,0.025104168663741957,0.11824014665444538,0.16032859398213695,69.2255818182936,12.29494019796141,7.824397919537273,4.470542278424136,-1.114705649921305,-0.003646284682964585,0
2022-10-04,TSLA,345.42,351.92,341.4,346.43,346.43,336022644,0.04205143630621144,0.13479428721174025,0.2225359071179025,0.028135347302094525,0.025333825707367145,0.15303519215311662,0.20519189557763504,73.40301334932191,14.208677723248456,9.10125388027951,5.107423842968947,-0.9555970191130911,-0.03630029276488883,0
2022-10-05,TSLA,344.04,348.24,342.96,343.33,343.33,993901397,-0.00894841670756008,0.07894157946010494,0.2474747474747474,0.027007676782185908,0.025381537138694298,0.1299102206308251,0.19085070922785305,71.09829488765905,15.298829029689898,10.340768910161588,4.9580601195283105,0.27525991596103716,-0.04351618068516597,0
2022-10-06,TSLA,340.47,345.97,340.47,341.75,341.75,495727594,-0.004601986427052673,0.029367469879518104,0.2315759126455006,0.0272398852701255,0.025028271980356745,0.1129420423422748,0.18267327417948256,69.89375157674382,15.852550662603335,11.443125260649937,4.409425401953397,-0.5773102040787934,-0.013640525548179985,0
2022-10-07,TSLA,339.75,339.89,333.92,336.98,336.98,1524173105,-0.013957571324067275,0.028663878628773842,0.19471034531659925,0.02775229818004475,0.024955624434094853,0.08768135822991166,0.16431859997063142,66.2448565122819,15.725209484258016,12.299542105371554,3.4256673788864624,1.2467616605155039,-0.003448279278916044,0
2022-10-10,TSLA,331.14,331.14,324.85,328.7,328.7,915665639,-0.02457119116861539,-0.011279891713039558,0.1528074913197488,0.028759459428409555,0.024650798042456994,0.05354758993376467,0.1336860893233348,60.35465151574059,14.785723267785102,12.796778337854263,1.9889449299308382,0.15321542648162445,0.0030073383439506974,1
2022-10-11,TSLA,323.95,323.95,323.5,323.57,323.57,1151184547,-0.015606936416184936,-0.06598735675316802,0.13953160767740802,0.029116275971524417,0.02452544585109425,0.030561399094512505,0.11387974881449962,56.97454178854165,13.471929528180567,12.931808575919526,0.5401209522610415,0.6243360711753438,0.03265323238919373,1
2022-10-12,TSLA,312.87,313.97,312.87,313.97,313.97,1864792068,-0.029669005161170547,-0.08551539335333336,0.1087685842426811,0.030190546925195648,0.02468613759161374,-0.0048951791439061304,0.0798197147834222,51.19628244980783,11.523265720476957,12.650100004831012,-1.1268342843540555,2.469055868449898,0.04078504763267585,1
2022-10-13,TSLA,313.09,314.39,313.09,314.39,314.39,664252902,0.001337707424275969,-0.08005852231163135,0.10849023341090192,0.03019235776655546,0.024467435263934467,-0.008399226627724736,0.07978863770233076,51.428375192725106,9.898719823039926,12.099823968472796,-2.20110414543287,-0.2916447412426785,0.040640038338109946,1
2022-10-14,TSLA,305.67,309.82,305.67,308.55,308.55,566681500,-0.018575654441935097,-0.08436702474924329,0.09136247877758907,0.030620995941041996,0.024591441091835444,-0.030766983566544958,0.05854987872390786,48.00949388419508,8.047252583474858,11.289309691473209,-3.2420571079983507,-0.4405021810494271,0.05966521714590353,1
2022-10-17,TSLA,312.47,313.77,306.05,310.51,310.51,1349529096,0.00635229298330886,-0.055339215089747484,0.07164797238999143,0.030260780556409236,0.024541519109462926,-0.027780169545920653,0.06422137833650933,49.22938632657043,6.661319531582251,10.363711659495017,-3.7023921279127663,1.3684753798139166,0.08094651872218404,1
2022-10-18,TSLA,298.51,298.81,298.51,298.81,298.81,1085936014,-0.03767994589546231,-0.07652130914485267,-0.024676045304696914,0.028852148859655972,0.024850811123345536,-0.06330474961951948,0.02339201315158587,42.776975073519694,4.566228741277996,9.204215075851613,-4.6379863345736165,0.6934267555004375,0.13172258929086678,1
2022-10-19,TSLA,300.38,301.44,298.65,301.44,301.44,714863243,0.008801579599076348,-0.03990827149090681,-0.0027458894365963715,0.028771681903979954,0.024869767485227363,-0.054937406533046226,0.03156274935108135,44.53675148048838,3.0825396179196787,7.979879984265226,-4.8973403663455475,-0.22828635689197557,0.12281282786192464,1
2022-10-20,TSLA,307.76,311.91,307.05,307.93,307.93,1843394931,0.02152998938428885,-0.020547727345017308,0.053688748973446554,0.028016779412640424,0.024612850199572565,-0.03695885034284881,0.05197289756875261,48.72708258061127,2.402697260668333,6.864443439545848,-4.461746178877515,2.067255345564056,0.12244493128188211,1
2022-10-21,TSLA,294.97,296.18,289.08,293.1,293.1,704256654,-0.04816029617120765,-0.05007292173067568,0.004661685062041565,0.03026184644027737,0.025368209835480392,-0.08353410012960587,0.00021783431737943865,41.08803007839451,0.6596561287971099,5.623485977396101,-4.963829848598991,-0.38167071793764873,0.20706132329887234,1
2022-10-24,TSLA,293.78,296.0,291.63,296.0,296.0,815787271,0.009894234049812267,-0.04672957392676558,-0.04920981626622123,0.026062170084647507,0.025375395274897013,-0.07224427557479315,0.008981411676346534,42.97084466647433,-0.4821528050483721,4.402358220907206,-4.884511025955578,-0.1649666047153142,0.21164526624110372,1
2022-10-25,TSLA,307.56,312.05,305.3,305.38,305.38,810152930,0.03168918918918928,0.021987215956627892,0.0003275681341718961,0.026781164366584596,0.025116954268619412,-0.04285944877756002,0.038608567891493244,48.68364841811596,-0.6229757269495622,3.3972914313358524,-4.020267158285415,-0.2270468936561862,0.18118571429181193,1
2022-10-26,TSLA,298.78,303.44,294.75,296.42,296.42,456565925,-0.029340493810989465,-0.016653397027600825,-0.06847679205556068,0.02563759585771036,0.025423785993216326,-0.0677590300819273,0.006552563694790193,44.13554136361386,-1.4409654722915093,2.4296400506103804,-3.8706055229018896,-0.9885596495984942,0.1786488512021569,1
2022-10-27,TSLA,312.0,312.0,306.36,309.23,309.23,838018918,0.04321570744214287,0.004221738706849054,-0.0685843373493975,0.025626092904546538,0.02597371205414697,-0.023976845371204716,0.047647172750716074,51.16051134814703,-1.0435390280746333,1.7350042348733776,-2.778543262948011,-0.16991890283403496,0.11021241980215567,1
2022-10-28,TSLA,312.0,312.64,310.02,312.64,312.64,1849268710,0.01102739061539948,0.06666666666666643,-0.04563631368478893,0.025700813984926515,0.025951516070657325,-0.010880191344568989,0.05680769529793149,52.85988714653088,-0.4482500586389051,1.2983533761709212,-1.7466034348098263,1.7929433615484973,0.09209481786920683,1
2022-10-31,TSLA,305.59,309.08,305.59,307.33,307.33,1044684736,-0.01698439099283522,0.038277027027026955,-0.07556023462174766,0.02558718398143909,0.026069882623868255,-0.023800675300089242,0.03692365482439026,49.945549022226665,-0.40033704772901046,0.9586152913909349,-1.3589523391199454,0.09269940066405144,0.09447270714709398,1
2022-11-01,TSLA,306.27,311.65,306.27,307.05,307.05,814950599,-0.0009110727882080116,0.005468596502717915,-0.1136737580463586,0.0232485652221387,0.025710430655653524,-0.018551784538474732,0.03462974205298448,49.7896651786774,-0.38057230074565496,0.690777772963617,-1.0713500737092718,-0.47301812522316217,0.09120114379849538,1
2022-11-02,TSLA,310.48,315.17,307.93,311.52,311.52,725912201,0.014557889594528417,0.05094123203562506,-0.09265138496490255,0.023669152195657874,0.025763483273968026,0.0008240606431526985,0.048124264004934705,52.34667109886704,-0.004168897260171889,0.5517884389188592,-0.5559573361790311,-0.6360375030640842,0.07864906187872434,1
2022-11-03,TSLA,310.24,312.26,306.95,312.26,312.26,975558043,0.002375449409347752,0.009798531837143853,-0.08629114850036579,0.02372021876454278,0.025715368437611692,0.007976396837847708,0.048833724172561946,52.775432308048636,0.34981290202051696,0.5113933315391908,-0.1615804295186738,-0.13909234520203112,0.0900091848409953,1
2022-11-04,TSLA,317.33,317.33,313.98,316.65,316.65,1254320686,0.01405879715621583,0.0128262538382804,-0.06032998991038052,0.023941975780985673,0.02576169689662272,0.025512310843744175,0.061578717690687595,55.34248218349877,0.9733620279296815,0.603787070817289,0.3695749571123925,0.5511542992841922,0.07478897907805473,1
2022-11-07,TSLA,309.45,310.88,309.45,309.6,309.6,1152896488,-0.022264329701563113,0.007386197247258863,-0.058107696988135005,0.023837064387644973,0.025903724500343075,0.005790768880911668,0.03663433136918234,50.586800198383116,0.8884120607311274,0.6607120688000567,0.2276999919310707,0.28194190109853523,0.10994302316940352,1
2022-11-08,TSLA,313.34,313.34,311.06,311.06,311.06,655481791,0.004715762273901802,0.013059762253704532,-0.03866242235065054,0.023691411062957596,0.025906865750548014,0.012591473736295199,0.04015471128177402,51.515983053990944,0.928198701122767,0.7142093952645988,0.21398930585816822,-0.8259710609389872,0.10734850807154447,1
2022-11-09,TSLA,297.6,300.41,297.6,300.41,300.41,972002521,-0.034237767633253924,-0.03566384180790949,-0.04318883969806031,0.023995350709247725,0.026317726160328594,-0.019914261665046246,0.0038433713400673926,44.885492772698726,0.0992201578270624,0.5912115477770915,-0.4919913899500291,0.019241010228106974,0.09327755718883779,1
2022-11-10,TSLA,300.58,304.52,299.72,299.72,299.72,1066836799,-0.002296860956692459,-0.040158841990648675,-0.0466617894971213,0.023983061093561006,0.026216116461652984,-0.019819772680076037,0.0006087158765785846,44.48599795037137,-0.6064379049582271,0.3516816572300278,-0.958119562188255,0.2203698705087004,0.07257202741288511,1
2022-11-11,TSLA,294.71,296.72,291.19,293.17,293.17,437104566,-0.021853730148138295,-0.07415127111953246,-0.04984605412412901,0.024112353592983853,0.026292672138523876,-0.038823126341137944,-0.02205493998409958,40.77589819810148,-1.674900057796151,-0.053634685775207976,-1.6212653720209431,-1.4217349231028538,0.09156037152179956,1
2022-11-14,TSLA,289.46,293.25,287.96,287.96,287.96,884858519,-0.017771258996486794,-0.06989664082687352,-0.07262245982416027,0.024260957702624188,0.02600726836766049,-0.052401574284924625,-0.04044199115951022,38.05708788377023,-2.908539635571799,-0.6246156757345261,-2.283923959837273,-0.1894845053078974,0.07973278755563745,1
2022-11-15,TSLA,299.44,305.03,295.47,297.15,297.15,218701352,0.03191415474371451,-0.044718060824278316,-0.005555369632877172,0.024088070835650035,0.02568330131449443,-0.021892620498286927,-0.010693213907004425,45.02073526343761,-3.1088152063581447,-1.12145558185925,-1.9873596244988947,-1.7153729722733009,0.0638126141164737,1
2022-11-16,TSLA,306.91,309.51,299.65,305.51,305.51,1068498496,0.028133939088002657,0.016976798375553326,0.013501857749469215,0.024836209914205477,0.025578656963288565,0.004952229325552693,0.015294835735879067,50.47510037520992,-2.563403585676724,-1.409845182622745,-1.1535584030539792,0.345255170046355,0.07480445680429103,1
2022-11-17,TSLA,313.01,313.01,306.73,310.35,310.35,1188794770,0.015842361952145723,0.035466435339650326,0.007858928977364954,0.024619958112385366,0.025515594118205857,0.020466879626996205,0.02897725043530263,53.35998048560955,-1.7207773462747014,-1.4720316153531363,-0.24874573092156504,0.8409363413225466,0.09006776157753045,1
2022-11-18,TSLA,301.13,306.29,301.13,302.14,302.14,1252650665,-0.02645400354438554,0.03059658218780892,0.030842715796656206,0.022761943916993738,0.02566445560327447,-0.008002889248220896,-0.0003744101936620791,48.22799038469224,-1.6959188698625667,-1.5168090662550224,-0.17910980360754425,0.9308203842025399,0.11200746943078425,1
2022-11-21,TSLA,299.93,299.93,299.91,299.91,299.91,631098108,-0.007380684450916664,0.041498819280455734,0.013209459459459616,0.02276501543736796,0.025553137312160062,-0.01595613784685651,-0.009405217046646139,46.90831720477042,-1.8350078827036214,-1.5804488295447423,-0.25455905315887906,-0.792188206095241,0.15718982721075933,1
2022-11-22,TSLA,306.29,311.75,306.29,309.29,309.29,962869167,0.03127604948151119,0.04085478714453994,0.012803719955465365,0.02273577727268227,0.025799787512383106,0.014170315950663804,0.019248704065592596,52.76334570156143,-1.1748068770069722,-1.4993204390371884,0.3245135620302162,0.11275507725820294,0.1306010469003237,1
2022-11-23,TSLA,307.48,310.54,307.48,310.54,310.54,1879689249,0.004041514436289528,0.01646427285522578,0.04763511234059781,0.021597171263768214,0.025509292782744095,0.015917258390870204,0.021453797092932297,53.499305045634145,-0.5444521645437135,-1.3083467841384935,0.76389461959478,2.219813274297916,0.11861993659685195,1
2022-11-24,TSLA,327.53,332.43,327.39,329.24,329.24,1868238394,0.06021768532234173,0.06086676333172214,0.0647091161918314,0.023530180811671554,0.026461879831805826,0.07357952229558978,0.0795721583792209,62.82947691273668,1.4473579624807371,-0.7572058348146474,2.2045637972953847,1.8614623520835556,0.04530712234926991,1
2022-11-25,TSLA,330.0,332.77,328.94,332.65,332.65,786022817,0.01035718624711457,0.10097967829483023,0.06400332650972351,0.023519221845174517,0.026471705669342926,0.08117155899641011,0.0872673847566843,64.23857889169852,3.2634216464743986,0.046919661443161766,3.2165019850312366,-0.5118707268534236,0.027924508293523418,1
2022-11-28,TSLA,332.82,334.42,328.22,334.42,334.42,869641641,0.005320907861115387,0.11506785368944006,0.08814629225913517,0.023027091404578568,0.026287207154544714,0.08216030806070602,0.08913798559518785,64.98066653235577,4.790270155056646,0.9955897601658587,3.7946803948907877,-0.28189742168010556,0.013395908348482663,1
2022-11-29,TSLA,329.86,332.01,325.96,332.01,332.01,1557809783,-0.007206506787871603,0.07345856639399906,0.08128969223253524,0.023147407968212547,0.02543391377598212,0.07004041536944279,0.07844182842355711,63.061840802933645,5.739678301039248,1.9444074683405366,3.7952708326987117,1.2772304538891177,0.025367504047694365,1
2022-11-30,TSLA,330.14,333.28,330.14,333.28,333.28,325059496,0.0038251859883737804,0.0732272815096282,0.0698510529019003,0.023017889103532706,0.02509070850266033,0.07038019565398916,0.07917501137362651,63.670648836764805,6.519417694033734,2.8594095134791764,3.660008180554558,-1.5197647055117118,0.02606165032401855,1
2022-12-01,TSLA,334.89,337.78,328.54,332.17,332.17,658947586,-0.003330532885261528,0.008899283197667307,0.06376096842374945,0.023069570148405456,0.025098110470066708,0.06341530566346998,0.0724161514044853,62.69798526116467,6.967482258983409,3.6810240625800232,3.286458196403386,-0.7221753943151229,0.02995301321906907,1
2022-12-02,TSLA,334.94,340.68,334.94,338.27,338.27,1782606174,0.01836409067646083,0.01689463399969937,0.06827727775146064,0.023194547611808627,0.025116138205312367,0.07920910533829964,0.08881688357670901,65.79082565702862,7.725738174439925,4.489966884952004,3.2357712894879214,1.6010662061626164,0.023172249575188802,1
2022-12-05,TSLA,348.26,350.38,346.23,346.63,346.63,1435989973,0.02471398586927598,0.03651097422402949,0.11960594315245476,0.022817282126242736,0.02524964820520245,0.09938660424873297,0.11205693478272497,69.5206780632053,8.898665308493435,5.37170656966029,3.5269587388331445,0.837760159517878,0.029001549246177878,1
2022-12-06,TSLA,337.68,340.05,337.68,340.05,340.05,998293886,-0.018982777024492914,0.0242161380681305,0.09319745386742118,0.023488028104279857,0.02539875151287079,0.07358162045945703,0.08768431939098642,63.63930433270206,9.191315737640878,6.135628403256408,3.0556873343844693,-0.09112954377209082,0.07239246786681018,1
2022-12-07,TSLA,331.79,331.79,324.65,329.08,329.08,324079870,-0.03225996177032797,-0.012602016322611598,0.09543623714257166,0.0233189078088,0.025800902528316842,0.03426709033022488,0.050025765643787364,55.24771007015906,8.44075620791142,6.596653964187411,1.8441022437240093,-1.3480436333086057,0.0685511386713815,1
2022-12-08,TSLA,316.94,316.94,313.39,314.47,314.47,776303306,-0.044396499331469386,-0.05328596802841912,0.04921259842519676,0.025767125853073433,0.026511655693499944,-0.013936337168739422,0.0017648033231820947,46.46083696480165,6.591049952905053,6.595533161930939,-0.004483209025886836,-0.4285413403912908,0.050595050863065545,1
2022-12-09,TSLA,319.62,319.62,317.01,318.64,318.64,561459814,0.01326040639806636,-0.05803056729831202,0.08687792066036759,0.02519464646605592,0.026541492618761146,-0.004834659637462996,0.01311650543058939,48.956199211472125,5.399387787838464,6.356304087112445,-0.9569162992739813,-0.8719703459144121,0.06128899028484705,1
2022-12-12,TSLA,311.19,313.81,309.3,310.12,310.12,975658652,-0.026738639216670745,-0.10532844820125198,0.07695513265731369,0.025686362658578585,0.026635097322499798,-0.03478412429659874,-0.015036061668762039,44.40256344901706,3.7245597350046182,5.82995521669088,-2.105395481686262,-0.06043501929684517,0.05471192505122929,1
2022-12-13,TSLA,291.11,294.02,291.11,294.02,294.02,492198175,-0.05191538759189995,-0.13536244669901498,-0.010533400639407664,0.02765986780640815,0.026484897438352934,-0.08444772443128302,-0.06555996376907569,37.33543785589557,1.085596904607712,4.881083554274247,-3.795486649666535,-1.0880425463362122,0.10288142320662093,1
2022-12-14,TSLA,299.91,299.91,292.77,297.03,297.03,432272166,0.010237398816407062,-0.09739273125075976,-0.02775686556904855,0.026977224499625634,0.026463317769231835,-0.07385205891202637,-0.05573163869646907,39.28117177845921,-0.7542240810834073,3.7540220272027165,-4.508246108286124,-1.1067624146166697,0.06393233805172269,1
2022-12-15,TSLA,318.68,318.68,316.29,316.29,316.29,231729391,0.06484193515806491,0.0057875155022737435,0.0191396810053166,0.030577778117212327,0.0273865394461647,-0.014711265137650304,0.004216913054544731,49.98291018591544,-0.6506738666695355,2.8730828484282664,-3.523756715097802,-1.3443371394757893,-0.04345490102186229,0
2022-12-16,TSLA,318.89,318.89,316.39,316.39,316.39,1664986431,0.0003161655442789346,-0.00706126035651522,0.04716356655854903,0.02987259385857774,0.027383529225150055,-0.016582485041572885,0.0032258132706489574,50.03215380687772,-0.554152486525652,2.187635781437483,-2.741788267963135,1.2863064599947465,-0.029737079138911167,0
2022-12-19,TSLA,324.28,327.81,323.25,323.25,323.25,629311984,0.021682101204210102,0.04233844963240041,0.0778233470041012,0.030061254274943067,0.02614468678557984,0.001108729853944985,0.024332045194195247,53.42011750539552,0.07502127269282255,1.765112879688551,-1.6900916069957284,-0.6051482904094808,-0.03174370868054503,0
2022-12-20,TSLA,323.07,326.14,323.07,324.07,324.07,878992980,0.0025367362722350517,0.10220393170532627,0.04778686669468768,0.02937702112708212,0.026008129785957915,0.0013564831551984248,0.02591241106986291,53.82315623696481,0.6325218387734708,1.538594671505535,-0.9060728327320642,-0.14141048186552405,-0.04820095894702037,0
2022-12-21,TSLA,325.98,325.98,321.42,323.43,323.43,798828733,-0.001974881969944775,0.08887991112008908,0.04150834031042705,0.029393837067146947,0.02544647444053071,-0.002607350848275665,0.02360443710670273,53.434539704492295,1.0110476744346784,1.4330852720913638,-0.42203759765668547,-0.20574556657982881,-0.11051657769050294,0
2022-12-22,TSLA,329.73,331.11,327.43,331.11,331.11,421588231,0.023745478156015132,0.04685573366214557,0.005679747296804871,0.026621476363258362,0.02501062323686588,0.020781887295025243,0.04795961051641547,57.408646066163506,1.9087411619249792,1.528216450058087,0.3805247118668922,-0.8891422699013493,-0.14715838095713532,0
2022-12-23,TSLA,329.29,329.29,328.87,328.87,328.87,375797522,-0.006765123372897253,0.03944498877967062,-0.011363294754246134,0.02656711408957947,0.024964906813621568,0.014467271269048053,0.04079975989902262,55.90987403035798,2.4116207756347308,1.704897315173416,0.7067234604613148,-0.9219038195670619,-0.13006664262918868,0
2022-12-26,TSLA,328.59,331.24,328.59,331.24,331.24,437597862,0.007206494967616495,0.024717710750193467,-0.009509000657855426,0.026591207807178843,0.024909350916997215,0.022279420161038926,0.04836718804398047,57.18353572873854,2.967191746197784,1.9573562013782897,1.0098355448194944,-0.7337906253131861,-0.17374834081009607,0
2022-12-27,TSLA,336.9,336.9,334.08,334.08,334.08,518317702,0.008573843738678866,0.030888388311167247,0.006234751965302321,0.026604671676430387,0.024325085297888228,0.030715049309755885,0.05804499626025244,58.722336970168726,3.5952067032350215,2.284926301749636,1.3102804014853855,-0.48946827330064685,-0.17719820932797312,0
2022-12-28,TSLA,326.34,333.57,325.59,328.71,328.71,996703357,-0.01607399425287359,0.016325016232260348,-0.013712193951032181,0.026850516507991255,0.02438527169942565,0.014862795465210946,0.04184197890072696,54.71789729187177,3.6178941287970474,2.5515198671591186,1.0663742616379288,0.5192888385288549,-0.1608864249578442,0
2022-12-29,TSLA,335.27,338.43,335.27,337.12,337.12,496239584,0.02558486203644561,0.018151067621032357,0.01490200800794761,0.027453180142574037,0.024608192905617558,0.040033195174359465,0.0687587578490406,59.38870180437908,4.265322805476217,2.8942804548225385,1.3710423506536782,-0.6013357455259655,-0.17118306142104656,0
2022-12-30,TSLA,336.21,337.36,335.53,335.82,335.82,2281033299,-0.0038561936402468078,0.021132970474655677,-0.007242735093268671,0.027165763696450938,0.024545071529745662,0.03641430648013548,0.06470267459703485,58.386149633969936,4.620256124179548,3.2394755886939404,1.3807805354856075,2.9284256237095008,-0.16384053798577403,0
2023-01-02,TSLA,331.43,331.43,324.81,329.69,329.69,1481455106,-0.018253826454648348,-0.004679386547518427,-0.048870553616247814,0.02680393775056383,0.02445021090861801,0.020162513073452574,0.04521309900658949,53.776210902065976,4.356682443685827,3.462916959692318,0.893765483993509,1.3491031319410962,-0.1692735043846075,0
2023-01-03,TSLA,335.11,335.11,332.63,334.31,334.31,1299201562,0.014013163881221757,0.0006884578544061881,-0.016879870607263703,0.02672944801234996,0.024421711315670034,0.035377701796603774,0.05925873117717413,56.56003005206865,4.469077053627359,3.6641489784793264,0.8049280751480326,0.9451021423183428,-0.1527607216758594,0
2023-01-04,TSLA,325.29,328.29,325.29,327.04,327.04,744486039,-0.02174628338966822,-0.005080466064311895,-0.006199100522669143,0.026169724356110945,0.02427495017223674,0.013182149108539903,0.03550907885793438,51.32212935379865,3.926262835733951,3.7165717499302517,0.2096910858036991,-0.15657751058254551,-0.13426551721395982,0
2023-01-05,TSLA,324.16,329.51,324.16,327.43,327.43,1984372224,0.0011925146771036843,-0.028743474133839597,0.0412121983019047,0.02399278811216775,0.024274920048854034,0.012358046334171263,0.03603100003375094,51.58117527127824,3.4873484161794863,3.6707270831800987,-0.18337866700061234,1.9155539925842753,-0.13566717031977488,0
2023-01-06,TSLA,329.2,333.06,326.61,327.52,327.52,701826388,0.0002748679106983065,-0.02471562146387951,0.027868440873713318,0.023855695758708804,0.024139314371364375,0.01124809727149478,0.03528008543041571,51.64512637118592,3.1109072223270005,3.5587631110094793,-0.44785588868247883,-0.333548238418035,-0.15876152141440283,0
2023-01-09,TSLA,339.96,339.96,336.69,336.69,336.69,785038368,0.027998290180752283,0.02123206648669962,0.08567651231781248,0.02356620156334426,0.024376973300426763,0.03531459338787329,0.06280030577065815,57.76592721026371,3.51203270039332,3.5494170288862477,-0.03738432849292783,-0.17095900850812057,-0.1969879717531836,0
2023-01-10,TSLA,342.99,344.04,336.8,340.88,340.88,885784918,0.012444682051738987,0.019652418414046746,0.159376913135161,0.01952136734948081,0.023859976764013448,0.040700842775955336,0.07365019438544698,60.242313931915604,4.120526648161558,3.66363895274131,0.4568876954202481,-0.029283245800550455,-0.2309996643459301,0
2023-01-11,TSLA,340.56,341.27,338.0,340.83,340.83,1218752734,-0.00014667918329036578,0.04216609589041087,0.1474598525401476,0.019585484673694014,0.02384773797318384,0.03363726104170407,0.0712775882869709,60.19695417851116,4.546320748000937,3.8401753117932356,0.7061454362077018,0.4983820419510912,-0.23466701690890948,0
2023-01-12,TSLA,350.85,353.09,348.04,348.04,348.04,1172196114,0.02115424111727271,0.06294475154994972,0.1003825603085775,0.0146078922891855,0.023842658807948166,0.05044578451434538,0.09164589571588679,64.3638252551476,5.403266886074562,4.152793626649501,1.2504732594250605,0.34495218027771857,-0.2123270741294022,0
2023-01-13,TSLA,359.88,362.52,359.88,360.53,360.53,601492625,0.03588667969198922,0.10078773815339526,0.1395113625588671,0.01610925242499866,0.02328901441481717,0.08094251543325535,0.1268493403296711,70.18645565685358,7.009441018342159,4.724123104988033,2.2853179133541257,-0.6499267903389583,-0.28140552522651857,0
2023-01-16,TSLA,365.95,367.55,365.63,365.77,365.77,580966566,0.014534158045100387,0.08637025156672307,0.1315390564578498,0.015835726472100537,0.02331754132349426,0.0897071134693245,0.1390871607060552,72.23602809406549,8.605965583300076,5.500491600650442,3.1054739826496345,-0.6830060847341727,-0.33568516639469087,0
2023-01-17,TSLA,365.87,366.04,365.87,366.04,366.04,1174304358,0.00073816879459776,0.07380896503168288,0.12950905668528412,0.015863403221612195,0.023030689606820868,0.08373611244753992,0.13635023081531977,72.34153839057485,9.780268697346287,6.356447019989611,3.423821677356676,0.43721763996902585,-0.29914886964640885,0
2023-01-18,TSLA,354.03,358.36,346.1,354.4,354.4,1228600987,-0.031799803300185836,0.0398145703136461,0.09575487740778521,0.017940788333251013,0.023091843846816066,0.04448491921746151,0.09692382610992345,61.49211670030213,9.660303687583678,7.017218353508425,2.643085334075253,0.4982348316945369,-0.27155991402428453,0
2023-01-19,TSLA,347.16,347.16,345.26,345.26,345.26,631740537,-0.025790067720090293,-0.007987587633605409,0.04273504273504258,0.018585911825865387,0.022783616665002636,0.015430269680468478,0.06665156285801815,54.57124766093322,8.727108267540814,7.359196336314903,1.367911931225911,-0.6813154905537884,-0.2616664832963521,0
2023-01-20,TSLA,342.98,342.98,340.53,342.8,342.8,308640324,-0.007125065168278932,-0.04917759964496704,0.042357162404597526,0.018595281359602367,0.02278348776743083,0.006134249068122544,0.05740950095392025,52.847248062222114,7.70027871317626,7.427412811687175,0.2728659014890855,-1.2960945073468246,-0.22804175900933205,0
2023-01-23,TSLA,336.54,337.78,332.56,337.78,337.78,706342173,-0.014644107351225344,-0.07652349837329475,0.019743992271464617,0.018927092562157015,0.022752783698779866,-0.009550283400334876,0.040296153940917054,49.41642815181529,6.40757431915074,7.2234451131798885,-0.8158707940291485,-0.5627615587940208,-0.2279436733001555,0
2023-01-24,TSLA,334.74,340.25,333.05,336.37,336.37,1162821805,-0.00417431464266671,-0.08105671511310242,0.006854645593869835,0.01887844667180731,0.022763343042403343,-0.014015767188477829,0.03439686578087942,48.464725281863274,5.209272308798518,6.820610552303615,-1.611338243505097,0.2856945162774212,-0.1776175918734606,0
2023-01-25,TSLA,333.9,338.83,333.9,337.01,337.01,2363123523,0.0019026667063055669,-0.049068848758464956,0.0252502205591556,0.018470818468066866,0.022701437754143072,-0.01334000846101719,0.03501279907373717,48.94535523333157,4.262120906855387,6.30891262321397,-2.046791716358583,2.207749721298158,-0.16209487421415716,0
2023-01-26,TSLA,342.24,342.24,336.62,341.67,341.67,389831527,0.013827482864010143,-0.010397960956959884,0.013496677740863827,0.017837122036003825,0.022756451506299343,-0.0003627916230242977,0.047747161143985646,52.42455765417761,3.8432174334599836,5.815773585263173,-1.9725561518031896,-1.1931845177878213,-0.18755076417079622,0
2023-01-27,TSLA,339.39,346.92,338.9,341.24,341.24,619273297,-0.0012585243070799557,-0.004550758459743287,0.016139598594485216,0.017810705928357408,0.022701935209387965,-0.0024118223144723623,0.04511507322145299,52.07193083309882,3.4369173624697282,5.340002340704484,-1.903084978234756,-0.7387509588220514,-0.13184151059774424,0
2023-01-30,TSLA,343.15,345.58,339.94,345.58,345.58,633238611,0.012718321416012035,0.02309195334241232,0.04819679092480822,0.01739458314040631,0.02252984130859968,0.007934737115349045,0.05646687777525842,55.337294471795545,3.425634772805381,4.957128827124664,-1.5314940543192828,-0.6381111149129232,-0.1591644818833454,0
2023-01-31,TSLA,347.37,347.37,341.71,346.31,346.31,1804380585,0.0021123907633544547,0.02955079228230817,0.035894828153510305,0.01718226637079595,0.02252719108279979,0.008299377364725547,0.05680049639402296,55.881768945595255,3.4359901823526116,4.652901098170253,-1.2169109158176417,1.515546429900036,-0.14221940779797884,0
2023-02-01,TSLA,330.97,330.97,328.13,329.78,329.78,783306875,-0.047731800987554585,-0.02145336933622155,0.008378180039138705,0.019841531052341023,0.022958727661967413,-0.04021141076815398,0.004856491513708989,43.07607092360864,2.086314333053622,4.139583745146927,-2.0532694120933055,-0.37691005191722404,-0.0853532439095284,0
2023-02-02,TSLA,323.91,323.91,321.26,322.28,322.28,464096964,-0.02274243435017287,-0.056750665847162596,-0.015728552667745865,0.020514677563971625,0.0231715251343245,-0.06133588086410232,-0.01912017664845775,38.73847830441353,0.4068097293800861,3.3930289419935593,-2.9862192126134732,-0.898033532944509,-0.029313393607792494,0
2023-02-03,TSLA,321.3,324.43,316.65,321.28,321.28,1118458427,-0.0031028918952463735,-0.058492556558434106,-0.019052271617000516,0.020521076507947187,0.022977208475171613,-0.06339734190020031,-0.023556061643696908,38.1863446923951,-0.9934495439183593,2.5157332448111758,-3.509182788729535,0.37599211589028286,0.013325904062723557,1
2023-02-06,TSLA,314.32,314.32,311.86,311.86,311.86,627476568,-0.029320219123505797,-0.09757509115110818,-0.07374736404407611,0.020294621156159456,0.02319119682212306,-0.08755637673336054,-0.05333167389634797,33.362475882177876,-2.8306504042641905,1.4464565149961026,-4.277106919260293,-0.5918151473983227,0.04437368658613049,1
2023-02-07,TSLA,319.49,319.49,316.73,316.73,316.73,383698496,0.01561598153017374,-0.08541480176720273,-0.07084604552921847,0.020438668936124938,0.02292394593705326,-0.07002213883456934,-0.039499992924046684,37.741231123325676,-3.8493046349708493,0.3873042850027123,-4.236608919973562,-0.999900218664353,0.010521288619836377,1
2023-02-08,TSLA,331.27,331.27,329.24,329.24,329.24,468167181,0.03949736368515766,-0.0016374552732123515,-0.03400522254496374,0.02258713786400615,0.0231945553425981,-0.03164278665935282,-0.0027588400251400977,47.317777897942925,-3.6055801190291277,-0.41127259580365577,-3.194307523225472,-0.7589013980717991,-0.01622865464619261,0
2023-02-09,TSLA,340.52,342.49,334.92,339.6,339.6,2264059261,0.03146640748390239,0.053742087625667345,-0.024250086196988874,0.02323941971887183,0.0234445302287995,6.92038465559682e-05,0.027104136947218367,53.67298686638099,-2.547099884385034,-0.8384380535199314,-1.7086618308651025,2.2365593831909067,-0.06364375077482941,0
2023-02-10,TSLA,336.63,340.57,336.63,337.95,337.95,1007286111,-0.0048586572438164,0.051886205179282996,-0.06263001691953507,0.021563958704004033,0.023167996644033493,-0.0014699473330427976,0.020272102750764683,52.58496846532744,-1.8204034055682996,-1.034831123929605,-0.7855722816386945,0.11911284872016582,-0.007961778191573036,0
2023-02-13,TSLA,354.35,354.35,346.3,350.96,350.96,853329259,0.03849681905607327,0.12537677162829453,-0.040489925362932944,0.023193958135358028,0.023601731840317414,0.039244078446700796,0.05683467535517898,59.54800203110563,-0.19247421668831066,-0.8663597424813463,0.6738855257930356,-0.1623260653591807,-0.04183639457303127,0
2023-02-14,TSLA,350.84,352.44,346.61,352.44,352.44,688526082,0.004217004786870371,0.11274587187825591,-0.03715440935416903,0.023227083840793097,0.02330694107844723,0.04573224103706828,0.058997982302959086,60.262905907451085,1.2032249964420316,-0.45244279469667076,1.6556677911387023,-0.3990557966921914,-0.05469794510983918,0
2023-02-15,TSLA,347.57,352.17,347.45,349.65,349.65,953156155,-0.007916241062308482,0.06199125258170324,-0.013402934537246058,0.022185169069365487,0.023344156436014295,0.0381855728875158,0.04856098387498215,58.17564818180933,2.060445462610346,0.050134856764732644,2.0103106058456133,0.07062370715328453,-0.041638620351341804,0
2023-02-16,TSLA,344.1,345.54,343.38,344.5,344.5,946367536,-0.014729014729014667,0.014428739693757242,-0.002201239645484576,0.021651420768271402,0.022164966019820254,0.02300954858404502,0.032329338530106784,54.42818343221961,2.2977498681540283,0.4996578590425918,1.7980920091114365,0.03260306104572714,-0.05999347125156932,0
2023-02-17,TSLA,339.03,346.78,338.61,342.07,342.07,953167585,-0.007053701015965141,0.012191152537357697,-0.002129521586931249,0.02165017105666313,0.022154314101633966,0.015903657395720472,0.024565572256528407,52.70307649742469,2.2636407856808205,0.8524544443702375,1.411186341310583,-0.011176082842568158,-0.07671316938276841,0
2023-02-20,TSLA,342.17,342.5,332.46,338.93,338.93,856964501,-0.009179407723565292,-0.03427741053111455,0.0034045828645865583,0.02148796178777545,0.022182198739457232,0.0064064019479025975,0.014932166668912488,50.4767364075281,1.9606363388920727,1.0740908232746047,0.886545515617468,-0.19497549349735271,-0.03699618073440851,0
2023-02-21,TSLA,341.14,344.83,335.4,340.54,340.54,1347179524,0.004750243413094157,-0.03376461241629769,0.012397062758272126,0.021480867003580314,0.022165812944488727,0.010561426311869293,0.01931939612295056,51.60557483780453,1.8293293069191918,1.225138520003522,0.6041907869156697,0.6514405276205719,-0.05765947385150302,0
2023-02-22,TSLA,342.47,342.47,342.08,342.08,342.08,811068123,0.004522229400363953,-0.02165022165022168,0.015044063974362754,0.021495697062719595,0.022167680225632196,0.014368340131273687,0.023479675315673635,52.71581757656941,1.828455372388646,1.3458018904805469,0.4826534819080992,-0.18755208112789679,-0.0878834298785343,0
2023-02-23,TSLA,343.34,343.34,341.86,342.27,342.27,444845104,0.0005554256314312944,-0.006473149492017494,0.0017560804284835196,0.021281562780356693,0.022161451982441363,0.014841467157082894,0.023532648459632204,52.85951012944954,1.8220902627435294,1.4410595649331435,0.3810306978103859,-0.9840022212203364,-0.07452383473174644,0
2023-02-24,TSLA,346.18,349.58,340.55,346.2,346.2,553928550,0.011482163204487694,0.012073552196918635,0.014535224475442421,0.021422581970721503,0.02208637666218903,0.025739787415280917,0.034875998718610926,55.84826169219652,2.1098430655828793,1.5748162650630906,0.5350268005197887,-0.7381726837741415,-0.05580343459406409,0
2023-02-27,TSLA,353.49,358.92,353.49,356.83,356.83,243978041,0.030704794916233347,0.0528132652760156,0.0325539672434747,0.02230252744595693,0.02221031133753011,0.0554758559491237,0.06610988752709489,62.731101737765535,3.1592238305927935,1.8916977781690314,1.2675260524237622,-1.3068800116300179,-0.06758662797512434,0
2023-02-28,TSLA,366.4,366.4,364.27,365.58,365.58,2698846427,0.02452148081719585,0.07353027544488144,0.055643787358147234,0.02287258671769446,0.022266045620057063,0.07828461959334998,0.09086568826867315,67.25602063692111,4.64339139485304,2.442036501505833,2.201354893347207,2.9467324632359144,-0.06641127315108131,0
2023-03-01,TSLA,353.96,357.88,352.43,352.43,352.43,1342303164,-0.03597023907215924,0.030256080449017952,0.06868215173752201,0.02161741815828386,0.02236618252600567,0.03603775748079647,0.05040720677758991,56.21054494699002,4.7042817498164595,2.8944855511679584,1.8097961986485012,0.6423792232935084,-0.048217164899788084,0
2023-03-02,TSLA,330.24,334.98,327.02,330.79,330.79,486115935,-0.061402264279431296,-0.03354077190522087,0.0264056100285468,0.025476048789282606,0.0230534152018792,-0.02879213380055277,-0.014888791936615086,43.53858585159274,2.972110013678787,2.9100104436701244,0.0620995700086624,-0.7673680301099817,-0.019907230850316968,0
2023-03-03,TSLA,340.52,340.52,338.78,338.78,338.78,675452294,0.024154297288309756,-0.021432697862507233,0.05446962151394419,0.02593531761555745,0.023193241184249792,-0.007882063363999688,0.007898347391422953,48.183407306931635,2.2185041233865377,2.7717091796134072,-0.5532050562268696,-0.41818581691136253,-0.0057725771226804275,0
2023-03-06,TSLA,325.77,327.56,324.85,327.56,327.56,545860559,-0.03311883818407213,-0.08202785640220833,0.050343102674276885,0.026196882586519612,0.023338086350219302,-0.04294001720931528,-0.02632406817951003,42.85224818124918,0.707747324742968,2.3589168086393197,-1.6511694838963518,-0.6216916576432541,0.020337635325084875,1
2023-03-07,TSLA,324.06,326.33,324.06,325.88,325.88,2018313960,-0.005128831359140329,-0.10859456206575846,0.028888959050295204,0.026072620868277992,0.022292135728861896,-0.04911967413061621,-0.03284444974256564,42.1011117778527,-0.6179766323110698,1.763538120449242,-2.381514752760312,1.5692343536959246,0.019689503354339704,1
2023-03-08,TSLA,314.49,320.03,311.52,316.64,316.64,341232186,-0.028353995335706372,-0.10155208126436466,-0.03826995504798936,0.025305627851162794,0.02260383831413325,-0.07437939219606869,-0.0611778170249481,38.14118832016616,-2.3867007965862967,0.9334903370421342,-3.320191133628431,-1.01585952373425,0.0821491671265254,1
2023-03-09,TSLA,302.06,307.99,297.24,302.84,302.84,856774774,-0.04358261748357761,-0.08449469451918146,-0.10824499411071864,0.025699016700011554,0.021757453274968176,-0.10993810360738997,-0.10149696112885495,33.12934109762621,-4.846109178322365,-0.22242956603076564,-4.6236796122916,-0.1287276407027503,0.14112204565424186,1
2023-03-10,TSLA,309.25,309.25,304.17,307.12,307.12,749474831,0.014132875445780124,-0.093452978334022,-0.09122651279775107,0.026068074686998042,0.02183908944267014,-0.09325090159711487,-0.08838065272562677,35.94081700039669,-6.37634527024295,-1.4532127068732028,-4.923132563369748,-0.2913961161542582,0.1389461799886821,1
2023-03-13,TSLA,315.21,315.21,310.88,313.15,313.15,1313686545,0.019634019275853065,-0.04399194040786425,-0.1077330749943014,0.024740079397836554,0.021805788820436718,-0.07025836218209454,-0.0700172246530321,39.78215231059009,-7.021557646873077,-2.566881694873178,-4.454675951999899,0.6354664225789983,0.1741183283853933,1
2023-03-14,TSLA,308.1,312.78,304.26,308.82,308.82,751509541,-0.01382723934216823,-0.05235055848778691,-0.12376574736125301,0.024700354608982043,0.021872025841825946,-0.07713823800999899,-0.08218353654459125,38.01912822740102,-7.7924612736132985,-3.6119976106212026,-4.180463662992096,-0.3301179346560148,0.17243976405785552,1
2023-03-15,TSLA,290.11,290.35,289.59,289.59,289.59,278540679,-0.062269283077521,-0.08542824658918646,-0.17177177177177183,0.027696987520790858,0.02327778075343564,-0.1267677833730363,-0.1378902290355855,31.370052416449994,-9.841659713097897,-4.857930031116542,-4.983729681981355,-1.0479979386936369,0.2604312853105195,1
2023-03-16,TSLA,287.07,287.67,281.25,285.8,285.8,688020573,-0.013087468489933918,-0.05626733588693689,-0.1703918722786647,0.027681569217361607,0.023083687341211315,-0.13050092030605875,-0.1472559823364429,30.24728415928479,-11.637337582060525,-6.213811541305339,-5.423526040755186,-0.3467073911164385,0.27551953440026483,1
2023-03-17,TSLA,287.26,293.64,287.26,288.76,288.76,446389599,0.010356892932120276,-0.05978119301901541,-0.15584529482269716,0.028015294587035267,0.023131889134868824,-0.1143132753324469,-0.1367022620357973,32.285698512589406,-12.67546311948638,-7.5061418569415475,-5.169321262544833,-0.6947538037994584,0.2724151331029321,1
2023-03-20,TSLA,276.57,278.41,276.57,278.41,278.41,839022203,-0.035842914531098335,-0.11093725051892045,-0.1785619449443837,0.028697716114051988,0.02350921837291415,-0.1380588755230205,-0.16544849037732315,29.085073235034017,-14.170000641748913,-8.83891361390302,-5.331087027845893,-0.053154627208562365,0.34761132877703327,1
2023-03-21,TSLA,282.47,283.22,279.01,279.83,279.83,1891254536,0.005100391508925606,-0.09387345379185286,-0.17827567980266645,0.028706900920896807,0.023485458656244334,-0.1254437943794379,-0.1589123540164542,30.108790152304877,-15.066176755866309,-10.08436624229568,-4.981810513570629,1.53446429510787,0.35570602956536757,1
2023-03-22,TSLA,280.52,280.52,279.86,279.86,279.86,281697639,0.00010720794768270814,-0.033599226492627365,-0.18188727782974734,0.028611257831551027,0.023421806792271484,-0.11676245120038381,-0.15675864604111053,30.131737883608494,-15.594221554609419,-11.186337304758428,-4.407884249850991,-0.8933124311574616,0.36954820504355596,1
2023-03-23,TSLA,286.81,286.81,284.08,284.08,284.08,494900039,0.015078968055456166,-0.006018194541637656,-0.17001197884710906,0.029063097115873526,0.023247632638585515,-0.09513533313690986,-0.1417574516166066,33.44222478568015,-15.493581763828502,-12.047786196572444,-3.4457955672560576,-0.5760566329093477,0.3818859981259115,1
2023-03-24,TSLA,284.14,287.83,283.58,285.07,285.07,574140230,0.0034849338214588688,-0.01277877822413076,-0.1765742345465049,0.028822429332149166,0.02326011884664406,-0.08305483272272267,-0.13656012281056892,34.22954285811369,-15.159193531577671,-12.67006766357349,-2.48912586800418,-0.4578030859809956,0.3697680727466174,1
2023-03-27,TSLA,279.48,279.48,278.35,278.35,278.35,636198603,-0.02357315747009492,-0.00021550950037718675,-0.21993666451811777,0.02738008091113753,0.023331372935723103,-0.09322500464219269,-0.15472342131275227,31.505253902793413,-15.260522483158013,-13.188158627490395,-2.072363855667618,-0.4020050293638922,0.37312944635413625,1
2023-03-28,TSLA,285.35,294.11,284.08,286.95,286.95,1247085914,0.030896353511765673,0.025444019583318545,-0.21508288199573278,0.027860262549996715,0.023634319031915572,-0.05308123965673996,-0.12651371059431252,38.27576772513913,-14.47996228871915,-13.446519359736147,-1.0334429289830034,0.8555829313700091,0.31706830513213746,1
2023-03-29,TSLA,284.58,287.01,284.58,285.95,285.95,720800782,-0.0034849276877504387,0.021760880440220065,-0.1886332037567744,0.027309922147373645,0.023496375696977503,-0.04591582238252457,-0.127739382335566,37.8077828567158,-13.783170543347183,-13.513849596458355,-0.26932094688882735,-0.14772765049146025,0.27188209007427,1
2023-03-30,TSLA,285.96,285.96,285.89,285.89,285.89,1026562455,-0.00020982689281345834,0.0063714446634750566,-0.13573566310952578,0.024539628756509585,0.023493883091909157,-0.038916987291005914,-0.12607677587777494,37.77793713577646,-13.084964240923568,-13.428072525351398,0.3431082844278297,0.43468003697926166,0.32398725308572507,1
2023-03-31,TSLA,278.43,279.44,275.71,279.44,279.44,549509254,-0.022561124908181407,-0.019749535201880275,-0.17515791959383664,0.023626810048653357,0.02364117404232511,-0.05113591024772542,-0.1436959013195123,34.614547614486526,-12.903350024028498,-13.323128025086818,0.4197780010583205,-0.5472334483796855,0.3197281964708308,1
2023-04-03,TSLA,274.65,276.49,271.56,276.49,276.49,918226460,-0.010556827941597402,-0.006682234596730785,-0.15591036756624743,0.022959515982325925,0.023323739470655223,-0.052941297363210876,-0.1501227474108287,33.24345263768036,-12.849340594563387,-13.228370538982134,0.3790299444187468,0.18251625802591773,0.32528575766683654,1
2023-04-04,TSLA,269.29,271.81,269.29,270.57,270.57,1275595006,-0.021411262613476145,-0.057083115525352834,-0.16972505216644163,0.02313348899699514,0.023353089218214957,-0.06435599910782386,-0.1653131579556235,30.62208456673322,-13.132844994901916,-13.209265430166091,0.07642043526417552,1.1953711812540777,0.3405084520679401,1
2023-04-05,TSLA,267.04,269.54,267.04,269.54,269.54,515485776,-0.0038067782828842267,-0.05738765518447275,-0.14874936836786246,0.022699635964007182,0.023348770805774403,-0.06026486487428771,-0.16543159928496817,30.176236226175945,-13.287467018017253,-13.224905747736324,-0.06256127028092884,-0.7284463515883416,0.352492431869855,1
2023-04-06,TSLA,282.61,282.61,281.46,281.46,281.46,1278322964,0.04422349187504615,-0.015495470285774249,-0.07059833575485408,0.023869900960823188,0.02394615961261815,-0.015035528500664157,-0.12551950694868044,40.90034191504692,-12.306302312275477,-13.041185060644155,0.734882748368678,1.1128878013376275,0.330097339779975,1
2023-04-07,TSLA,272.06,272.12,272.06,272.1,272.1,825437132,-0.033255169473459634,-0.026266819352991577,-0.11402709038812187,0.024386299627309007,0.0236932700884092,-0.04191996281762136,-0.1507115119010151,36.198838628059846,-12.144007430998897,-12.861749534715104,0.7177421037162066,-0.005348130340998454,0.38591970608762344,1
2023-04-10,TSLA,259.35,264.34,259.35,261.47,261.47,1497819385,-0.03906651966188901,-0.05432384534702872,-0.16503273191761125,0.024700813025064976,0.023976050191730516,-0.07089543620512295,-0.1794380938184042,31.736964713812142,-12.726437282636937,-12.834687084299471,0.1082498016625344,1.5684688153293238,0.41167974198393814,1
2023-04-11,TSLA,269.62,272.79,269.62,271.4,271.4,708845437,0.03797758825104203,0.0030675980337804276,-0.12117090861990809,0.02676335151226279,0.024608505778971484,-0.029155733937159714,-0.14403804415531576,39.26778747969014,-12.245589590528425,-12.716867585545263,0.47127799501683754,-0.29822472570935626,0.3706992081988859,1
2023-04-12,TSLA,267.97,273.35,266.46,270.12,270.12,1005496004,-0.004716285924834085,0.002151814201973634,-0.06723298456438398,0.02327184071593791,0.0243495254520417,-0.030357854381374085,-0.14428406018396056,38.67549244966121,-11.831414451804903,-12.53977695879719,0.7083625069922874,0.33411974352082496,0.382977107357286,1
2023-04-13,TSLA,266.36,266.36,261.41,265.77,265.77,780649060,-0.016103953798311976,-0.055745043700703434,-0.07008397480755779,0.023348823215311745,0.024235950929682937,-0.042530770907374935,-0.1545160134122004,36.65216903195615,-11.719095873582148,-12.375640741754182,0.6565448681720341,-0.23712478070531248,0.3934911837166613,1
2023-04-14,TSLA,270.68,272.9,270.68,272.9,272.9,755033474,0.02682770816871738,0.0029400955531053707,-0.054924504779055305,0.02413561672031942,0.024557429148000128,-0.014027259671402613,-0.12860407417775116,42.00749917762039,-10.928771108608998,-12.086266815125146,1.1574957065161477,-0.3497044953209227,0.40768567733969807,1
2023-04-17,TSLA,270.3,272.14,268.93,268.93,268.93,934346821,-0.014547453279589506,0.028530997820017445,-0.0340505010595884,0.02303389724492698,0.024556688532341307,-0.026703847330067566,-0.13812268016402363,39.980789566325754,-10.501721550768366,-11.76935776225379,1.2676362114854243,0.0989076649201329,0.43510369116549724,1
2023-04-18,TSLA,278.93,281.65,278.93,281.63,281.63,1103866089,0.04722418473208645,0.03769344141488595,0.006432476860951386,0.02546484599593935,0.025414050042188822,0.01892738202269543,-0.09477445431631845,48.534909548201554,-9.03435541228049,-11.222357292259131,2.188001879978641,0.7829009365412458,0.40781767484928894,1
2023-04-19,TSLA,285.14,286.58,285.14,286.58,286.58,377945685,0.017576252529915015,0.06093588034947417,0.02401200600300135,0.025744166740840135,0.02554172866212857,0.03557742168034711,-0.07636873056833395,51.43993839936251,-7.386882165177099,-10.455262266842725,3.0683801016656265,-1.5726431760926565,0.4074637143974214,1
2023-04-20,TSLA,285.46,287.58,277.42,283.24,283.24,1890637981,-0.011654686300509365,0.06573352899123308,-0.002956913545480111,0.025695988945033145,0.0254795293220818,0.02366345311130592,-0.08425920986480818,49.41315990211835,-6.278384525250772,-9.619886718524334,3.3415021932735627,2.5826047872242266,0.44901181541294655,1
2023-04-21,TSLA,300.39,303.08,297.59,299.09,299.09,262090959,0.05595961022454454,0.09596921949432025,0.049180902936120985,0.028571173062288114,0.026584979646737422,0.07821560346583448,-0.030813450464842775,57.892024386400124,-4.073967462342637,-8.510702867287995,4.436735404945358,-1.6616127784931638,0.39957442057731424,1
2023-04-24,TSLA,292.22,296.04,292.22,294.73,294.73,530384479,-0.014577551907452468,0.09593574536124638,0.05884677564217711,0.028202792781921292,0.026565063384065214,0.05937008581569858,-0.04231173527992553,55.153508932439124,-2.6482393650517793,-7.338210166840752,4.689970801788973,-0.9546243111874556,0.38231960787447733,1
2023-04-25,TSLA,302.33,302.33,298.47,300.4,300.4,755914292,0.019237946595188626,0.06664772929020346,0.04687227740024391,0.027717312712405805,0.02670492140308291,0.07714649407461853,-0.021454809606073745,57.93993576919862,-1.0487288687122032,-6.080313907215043,5.03158503850284,-0.3317252809317271,0.3737421815503173,1
2023-04-26,TSLA,302.76,305.42,301.92,302.8,302.8,1024441662,0.007989347536617952,0.056598506525228576,0.05892638573177145,0.027702310388545887,0.02604897815000405,0.08248205843186669,-0.012189950087537147,59.09837330977138,0.4078531881773415,-4.782680488136567,5.190533676313908,0.3167520232635035,0.3499914968965897,1
2023-04-27,TSLA,315.14,315.14,307.16,312.97,312.97,2059447369,0.033586525759577324,0.10496398813726882,0.09472174612613249,0.028500869796164414,0.02626940578757266,0.1134493020707518,0.02150423573224888,63.66524978419993,2.355684108097364,-3.3550075688897807,5.710691676987144,2.3638128697680028,0.30421556481313294,1
2023-04-28,TSLA,326.25,330.79,325.59,325.59,325.59,262306731,0.04032335367607098,0.08860209301548028,0.1651517320354996,0.028777275345339994,0.026779894834475956,0.14891544837661294,0.06244561434041069,68.38288170950311,4.861640707942399,-1.7116779135233449,6.573318621465744,-1.3922759994785234,0.2798425225598449,1
2023-05-01,TSLA,327.2,329.74,323.96,326.01,326.01,589852770,0.0012899659080438663,0.10613103518474531,0.1791023183478606,0.02849440825160307,0.026490720411646504,0.14043342137022713,0.06299809524844642,68.52932938782851,6.803097978955577,-0.008722735027560389,6.8118207139831375,-0.6749995645132956,0.3099995017701723,1
2023-05-02,TSLA,323.24,325.15,319.61,320.08,320.08,223271685,-0.01818962608508945,0.06551264980026628,0.18298407066563183,0.02832409910895556,0.02653590595371438,0.11007645474707863,0.043472591240280946,64.02044614269946,7.773606120302588,1.5477430360384694,6.225863084264119,-1.271784516032366,0.329368477066008,1
2023-05-03,TSLA,322.21,325.55,319.43,323.94,323.94,815223758,0.012059485128717906,0.0698150594451783,0.20182533204719144,0.028173775552773783,0.02608545589974959,0.11296448676477917,0.05636053349565756,65.60673826373915,8.753307870699189,2.9888560029706137,5.7644518677285745,-0.1373584133212548,0.32559559995318904,1
2023-05-04,TSLA,319.45,319.45,315.79,318.66,318.66,941523768,-0.01629931468790513,0.018180656292935415,0.13216798124067375,0.02750244259388824,0.02583858933905007,0.08787196526019865,0.04032655619676527,61.60564042585282,8.99993108971995,4.191071020320481,4.808860069399469,0.15075398473787122,0.38506982421150354,1
2023-05-05,TSLA,335.0,337.4,330.87,335.27,335.27,2077596316,0.05212452143350266,0.029730642833010856,0.23215729511209093,0.02761952704881358,0.02671661917341953,0.13236669942819307,0.0947127142358039,68.17997289670197,10.415605337217983,5.435977883699982,4.979627453518001,2.042504720123763,0.34077081314724056,1
2023-05-08,TSLA,333.48,338.29,333.48,336.58,336.58,859946603,0.003907298595162034,0.0324223183337935,0.28726048877500276,0.025087259569057368,0.026245688791865937,0.12255260818885083,0.09985077390612919,68.63611528338632,11.510556894805177,6.650893685921021,4.859663208884156,-0.06960257521633742,0.4023902884388399,1
2023-05-09,TSLA,330.44,338.37,330.44,333.68,333.68,1496530218,-0.00861607938677278,0.042489377655586136,0.2294767870302139,0.024807515897836807,0.026260061616374415,0.10144133408813703,0.09148955657418999,66.36797537466438,12.00591145536714,7.721897239810246,4.284014215556895,0.9990178101977633,0.42567820456695343,1
2023-05-10,TSLA,332.84,335.39,332.84,335.39,335.39,1135458361,0.005124670342843363,0.035346051737976225,0.24163334814156667,0.024582849703963322,0.026252209499418214,0.09528692539809021,0.09793664251832394,67.05922319906054,12.39360051044713,8.656237893937623,3.7373626165095057,0.34138846742746864,0.3770275550444176,1
2023-05-11,TSLA,325.41,325.41,321.32,324.44,324.44,616057635,-0.032648558394704597,0.01813845477938858,0.2207547879745646,0.025797045662591625,0.026519089418437267,0.049473467994843943,0.06325430186931405,58.73438363036418,11.682603610461967,9.261511037242492,2.4210925732194752,-0.5654985132914396,0.4295430897560321,1
2023-05-12,TSLA,317.23,322.33,316.81,316.81,316.81,343474541,-0.023517445444458107,-0.05506010081426904,0.16090142909490668,0.02654836556450175,0.026671180250684424,0.01756594859013106,0.03968372909130089,53.72917031909895,10.383758704656316,9.485960570725258,0.8977981339310581,-0.9866262362151512,0.46336092779721716,1
2023-05-15,TSLA,326.97,330.34,324.41,326.62,326.62,943400424,0.030964931662510686,-0.029591776100778344,0.21451678875543823,0.026480907750210586,0.02696260031358022,0.039444602681831975,0.07259964697672515,58.61262548747182,10.03037584449919,9.594843625480046,0.4355322190191444,0.048215897543137515,0.46558893278200686,1
2023-05-16,TSLA,318.45,327.9,316.62,321.46,321.46,326760743,-0.015798175249525537,-0.036621913210261425,0.1414266945992968,0.025563747630524387,0.027028324733960347,0.01658038625374346,0.05675809391688553,55.30619730152445,9.227578722216492,9.521390644827335,-0.29381192261084266,-0.928914423889815,0.4988333913210734,1
2023-05-17,TSLA,313.11,318.13,312.13,313.3,313.3,1739953531,-0.02538418465750003,-0.06586362145561875,0.0932374904040758,0.026413935929479285,0.02720741194086203,-0.013393039902000567,0.03155975808447512,50.4585824739983,7.842508854647804,9.185614286791429,-1.3431054321436253,1.3044765019876063,0.5215751725022643,1
2023-05-18,TSLA,320.39,321.21,317.69,317.69,317.69,725783804,0.014012128949888236,-0.020805079521637238,0.12162830108741707,0.026195313303159568,0.027276658796650234,-0.004965930677424433,0.047426931401871784,52.852829651113964,7.018166264904323,8.752124682414008,-1.733958417509685,-0.2825168062347346,0.4775414863379024,1
2023-05-19,TSLA,326.74,329.53,321.41,327.41,327.41,1638597363,0.03059586389247393,0.033458539818818966,0.09468721789427947,0.024190527388390184,0.02753382424875319,0.02095004077127085,0.08058958652373661,57.72447830193849,7.067719321203242,8.415243610171856,-1.3475242889686143,1.1935168708512447,0.44266796561773225,1
2023-05-22,TSLA,334.34,337.81,330.74,333.51,333.51,599658772,0.018631074188326435,0.021094850284734568,0.1315780544905505,0.0239280769239731,0.02734495394199481,0.033721238382607994,0.10213590949648044,60.48404598959431,7.512608817492094,8.234716651635905,-0.7221078341438112,-0.6299926216214655,0.4034341223822913,1
2023-05-23,TSLA,344.0,346.13,342.09,342.09,342.09,939924839,0.025726365026535802,0.06417594724071418,0.1387816245006659,0.024153228686641295,0.027364268508672785,0.05350846126603311,0.13195435210732415,64.03968527235398,8.459999632903646,8.279773247889453,0.1802263850141923,-0.04935482527275645,0.3639941134030824,1
2023-05-24,TSLA,337.74,337.94,331.03,335.84,335.84,906960370,-0.018270045894355325,0.0719438238110437,0.10911492734478201,0.024790167892380168,0.027071848372410175,0.02902560614277778,0.11229115285171447,59.81737641607335,8.607271643463662,8.345272927004295,0.2619987164593667,-0.09704677622600062,0.39765319113894365,1
2023-05-25,TSLA,324.39,324.39,319.52,324.27,324.27,778573166,-0.03445092901381608,0.020712014857250827,0.03610569703166422,0.025391356191018472,0.0262544883514047,-0.008142365996598615,0.07435835137164817,52.86819969634874,7.701604168620804,8.216539175327597,-0.5149350067067928,-0.23578133045965427,0.4749409994031802,1
2023-05-26,TSLA,339.25,339.25,336.83,336.83,336.83,617015246,0.03873315447004044,0.028771265385907352,0.03452194477717385,0.02526748406977016,0.02654758539725996,0.028507392501847226,0.11609181754672758,58.503972553871904,7.906205387263924,8.154472417714864,-0.24826703045093979,-0.6107444621076616,0.44729956382031777,1
2023-05-29,TSLA,333.56,336.69,333.56,334.29,334.29,1012282593,-0.0075408960009499815,0.0023387604569578,0.02539799392656672,0.02535753836701907,0.026205840470473866,0.01946277614452836,0.10726395272706016,57.019102029568195,7.7737851980268715,8.078334973777267,-0.3045497757503952,0.15592660343498063,0.42545600083804697,1
2023-05-30,TSLA,334.95,334.95,329.58,332.36,332.36,458881260,-0.005773430255167744,-0.028442807448332164,0.03836540864783822,0.024998061044006318,0.026208392510189107,0.011682627038676147,0.10047757115280398,55.85897782065408,7.4274869278493725,7.948165364591688,-0.5206784367423154,-1.047109711111668,0.4428487756769819,1
2023-05-31,TSLA,341.97,343.75,341.97,343.75,343.75,387156205,0.034270068600312786,0.023552882324916702,0.061153299993826016,0.025935856397493174,0.02628001964216158,0.04320776905276738,0.13649074800101593,60.91331337777631,7.980130882236267,7.954558468120604,0.025572414115663022,-1.1166153748585856,0.43954442176102704,1
2023-06-01,TSLA,347.2,348.74,347.2,348.74,348.74,1686120451,0.01451636363636366,0.07546180651925871,0.0943952802359882,0.025624352789238528,0.025645622403595858,0.05354264817614832,0.15007966969094527,62.91668597518419,8.720235052969713,8.107693785090426,0.612541267879287,1.407600460194794,0.41038502649908987,1
2023-06-02,TSLA,349.75,352.9,346.22,352.9,352.9,1237427906,0.011928657452543456,0.04770952706112874,0.05258448414710526,0.02317939464332453,0.025630508495908425,0.0632784771224893,0.160877538768562,64.54804851980109,9.532564701801107,8.392667968432562,1.1398967333685448,0.7047871429543948,0.3956694833378325,1
2023-06-05,TSLA,374.92,374.92,372.71,372.71,372.71,832159731,0.05613488240294706,0.11493015046815636,0.10734446491175942,0.02607000116169058,0.02646043454852393,0.11688634705255693,0.2220527552828783,71.07390581163125,11.64065699416983,9.042265773580016,2.5983912205898143,-0.1989505807794153,0.3418926148686312,1
2023-06-06,TSLA,366.34,369.42,364.27,366.94,366.94,2172371857,-0.015481205226583583,0.10404380791912371,0.09967633660992559,0.02630880409410873,0.026479380412640963,0.09414299238894643,0.19932473840149945,67.19414561437853,12.699354294525165,9.773683477769046,2.925670816756119,2.3710037101814763,0.33836643072592204,1
2023-06-07,TSLA,373.7,381.72,368.93,375.74,375.74,681182413,0.02398212241783404,0.09306181818181813,0.12030770148185699,0.026645915618875214,0.025172729667068967,0.11368318093572631,0.22235066267320497,69.89342361451209,14.086090307116706,10.636164843638579,3.4499254634781273,-0.4872734815386765,0.33135304146173994,1
2023-06-08,TSLA,374.44,379.66,373.96,376.46,376.46,1768896834,0.001916218661840663,0.07948615014050575,0.1603378128467512,0.025080020807062092,0.0250677567980085,0.10728088803656619,0.21870235144441527,70.11012162185777,15.069475042826696,11.522826883476203,3.546648159350493,1.43819106682079,0.32691325759956485,1
2023-06-09,TSLA,382.22,382.22,375.32,379.18,379.18,888765919,0.007225203208840236,0.07446868801360162,0.19686878570752198,0.02398015308279739,0.02505947981960669,0.10514435106505463,0.22154832114154666,70.96048394821258,15.88518131675528,12.395297770132018,3.489883546623261,-0.24641734646033212,0.3306874509451721,1
2023-06-12,TSLA,396.77,396.77,389.0,394.14,394.14,432524508,0.03945355767709269,0.05749778648278814,0.20672340946665835,0.024454280133728266,0.024871423345665174,0.13755319563438628,0.26190149672176893,75.14826485785552,17.53663003488441,13.423564223082497,4.113065811801913,-1.041287794456073,0.2702916650914064,1
2023-06-13,TSLA,399.8,403.86,391.58,399.37,399.37,2424337468,0.013269396661084842,0.08837957159208587,0.24236296895414688,0.02371022586141257,0.024888147690422562,0.13983263693860318,0.2705416750840277,76.4280718138733,19.047860454673526,14.548423469400703,4.499436985272823,2.208811389231123,0.24665739444847923,1
2023-06-14,TSLA,405.92,406.13,402.96,404.98,404.98,1449415933,0.014047124220647467,0.07781976898919463,0.2926268751994894,0.022094625830409127,0.024894918001859955,0.1409172864548119,0.279898024487818,77.75159768473053,20.462324624540543,15.731203700428672,4.73112092411187,0.6248237864232888,0.25125955438111397,1
2023-06-15,TSLA,415.97,420.44,415.97,416.19,416.19,743877836,0.027680379277988942,0.10553578069383196,0.31005067833422517,0.02233291942706654,0.02502152469802927,0.15645275574141743,0.3062364191983496,80.1500159473657,22.231579177860397,17.031278795915018,5.200300381945379,-0.576776737635279,0.21511990546324253,1
2023-06-16,TSLA,411.72,415.38,410.81,412.61,412.61,1237430334,-0.00860184050553825,0.08816393269687217,0.2602241837451513,0.022503418426237858,0.025096309552870347,0.13309258674429153,0.2864180081685254,77.28464147657175,23.078811899944526,18.24078541672092,4.838026483223604,0.30413769609450003,0.2674167948276602,1
2023-06-19,TSLA,407.6,407.95,404.24,404.24,404.24,627828714,-0.020285499624342562,0.02562541229004922,0.21207759887259758,0.023546367823549373,0.025033070724005978,0.09942980541582859,0.2521314638917238,70.90249986324446,22.81189950955519,19.155008235287777,3.6568912742674122,-0.7612272691955576,0.27840580439296153,1
2023-06-20,TSLA,391.06,394.01,388.67,394.01,394.01,1315508896,-0.02530674846625769,-0.013421138292811219,0.1517729252535882,0.02449002748584972,0.02515758685789637,0.06409382152574764,0.21373581379588294,63.951333195351225,21.526747072531577,19.62935600273654,1.897391069795038,0.4044359219077204,0.31014308420266706,1
2023-06-21,TSLA,374.68,379.13,371.25,375.29,375.29,190536219,-0.04751148448008924,-0.07331226233394239,0.11746665078608887,0.026859689860728488,0.026053376183232394,0.008166554734721344,0.15079095349337596,53.596412662046404,18.781208871757713,19.459726576540774,-0.6785177047830615,-1.4089250196025163,0.3826373121954557,1
2023-06-22,TSLA,394.05,395.28,387.08,395.28,395.28,433810863,0.05326547469956555,-0.05024147624882869,0.21898417985012486,0.02708291282583496,0.026781054756622225,0.05183468356215591,0.20534979172892434,60.88059829235173,18.010759183154164,19.169933097863453,-1.1591739147092888,-0.9602587848048326,0.2957701017268081,1
2023-06-23,TSLA,384.7,390.97,378.1,384.72,384.72,1439491620,-0.026715239829993798,-0.06759409611982259,0.14217854704153443,0.02741800646201536,0.026860774464771215,0.017253004402490717,0.16690493570780057,55.88950677459862,16.359486530451647,18.607843784381092,-2.248357253929445,0.5951226427490293,0.27930333818313885,1
2023-06-26,TSLA,382.46,387.48,379.97,382.78,382.78,688624492,-0.005042628405073968,-0.05308727488620635,0.1450536958927875,0.027353775328619455,0.02681361894132683,0.005676272497861923,0.15481562863758527,54.99747188093266,14.724563665451626,17.8311877605952,-3.106624095143573,-0.5859059645214902,0.24672046449722085,1
2023-06-27,TSLA,380.47,380.47,379.93,380.33,380.33,905977814,-0.006400543393071723,-0.03471993096621917,0.14433144782765672,0.027369722214322555,0.026624914700819804,-0.007017946937219631,0.14112636460056974,53.829003554963236,13.0803983020989,16.88102986889594,-3.8006315667970405,-0.280466958660434,0.285181116836691,1
2023-06-28,TSLA,380.69,383.45,380.69,383.45,383.45,356529877,0.008203402308521568,0.021743185270057808,0.11549090909090909,0.026619008711065373,0.026594783189933587,-0.00403373480206647,0.14397121649681371,55.136207630022525,11.892059076656153,15.883235710447984,-3.991176633791831,-1.174540846192771,0.263697417571566,1
2023-06-29,TSLA,391.64,391.64,391.54,391.54,391.54,2424085549,0.021097926717955406,-0.009461647439789389,0.12272753340597586,0.026772495596914782,0.02619957217601884,0.01135756038466419,0.16174783399928802,58.42323591914515,11.470858155563974,15.000760199471182,-3.5299020439072084,1.9562238768750315,0.3072698387269047,1
2023-06-30,TSLA,398.18,407.85,395.94,400.25,400.25,1634034237,0.02224549215916638,0.04036702017051352,0.13417398696514593,0.02698835940869137,0.025771715568406822,0.027571785612968126,0.18011277779825297,61.67862470668046,11.7049502184625,14.341598203269447,-2.636647984806947,0.7375993029753966,0.27165170909557745,1
2023-07-03,TSLA,392.16,394.65,392.16,394.65,394.65,709157971,-0.013991255465334196,0.031009979622759865,0.05886614257733891,0.02467869053220345,0.025212964391736706,0.010349263647011433,0.15603578199017426,58.506772974032806,11.308242288044369,13.734927020224433,-2.426684732180064,-0.6101521873323821,0.29083180087782057,1
2023-07-04,TSLA,389.77,394.5,387.56,393.19,393.19,627454982,-0.0036994805523881125,0.033812741566534354,0.07153758107592512,0.024348902439493086,0.02492295579400516,0.003240457236170746,0.14495125388745886,57.67403561237192,10.75209513699832,13.138360643579212,-2.386265506580891,-0.6531972463712501,0.3335868827829808,1
2023-07-05,TSLA,398.25,398.25,389.85,396.17,396.17,1483637406,0.007579033037462768,0.03317251271352206,0.05437270452972798,0.023903429983210517,0.02487967891755755,0.008216235750105287,0.1466144286970528,58.95807320474615,10.431557111113307,12.596999937086032,-2.1654428259727254,0.6105643204939977,0.37667453599865175,1
2023-07-06,TSLA,393.34,396.3,393.34,393.91,393.91,2627982477,-0.005704621753287675,0.006053021402666392,0.046352866174361296,0.02398091314209307,0.02475399449543183,0.00024376990152727047,0.13306975292572817,57.532591423269416,9.881260286147949,12.053852006898417,-2.172591720750468,2.0826337611720773,0.43441420181365137,1
2023-07-07,TSLA,411.3,414.26,410.26,410.26,410.26,1417635462,0.041506943210377845,0.025009369144284754,0.08196634843609885,0.025509836224363557,0.025025554980556725,0.03766617429837502,0.17237966553106807,64.26416144645546,10.641782599509611,11.771438125420657,-1.129655525911046,0.36062190333678557,0.4244424757186799,1
2023-07-10,TSLA,417.42,421.34,410.11,415.53,415.53,2944137083,0.012845512601764586,0.05290763968072976,0.054270056325163685,0.024239717237100968,0.024872917026370133,0.04816017657259965,0.1792060396720026,66.12788081117779,11.536758399442363,11.724502180224999,-0.1877437807826361,2.0753088889066302,0.43777117198276055,1
